{"name": "eugenyl formate", "cas": "10031-96-6", "smiles": "COC1=C(C=CC(=C1)CC=C)OC=O", "notes": ["warm", "woody", "orris", "dry"], "blenders": [["amber carane", "amber"], ["musk indenofuran", "animal"], ["estragon absolute", "anise"], ["fennel seed oil", "anise"], ["ocimum basilicum herb oil", "anisic"], ["ocimum basilicum leaf oil CO2 extract", "anisic"], ["cinnamyl alcohol", "balsamic"], ["clover nitrile", "balsamic"], ["croton glabellus bark extract", "balsamic"], ["frankincense absolute", "balsamic"], ["guaiyl acetate", "balsamic"], ["khella oil", "balsamic"], ["myrrh resinoid", "balsamic"], ["opoponax absolute (balsamodendron kafal)", "balsamic"], ["phenyl propyl alcohol", "balsamic"], ["valeriana wallichii root oil", "balsamic"], ["ocimene quintoxide", "citrus"], ["octanol", "earthy"], ["octyl phenyl acetate", "earthy"], ["amyl salicylate", "floral"], ["bois de rose oil brazil", "floral"], ["butyl salicylate", "floral"], ["butyl salicylate", "floral"], ["cassie absolute", "floral"], ["cassis specialty", "floral"], ["coranol (Firmenich)", "floral"], ["dihydrojasmone", "floral"], ["dihydrolinalool", "floral"], ["dimethyl-3-octanol", "floral"], ["ethyl linalool", "floral"], ["ethyl linalyl acetal", "floral"], ["ethyl linalyl acetate", "floral"], ["ethyl linalyl ether", "floral"], ["geranium oil bourbon", "floral"], ["ho leaf oil", "floral"], ["ho wood oil", "floral"], ["linalool", "floral"], ["linalool", "floral"], ["linalool", "floral"], ["linalool oxide", "floral"], ["linalyl anthranilate", "floral"], ["mimosa absolute", "floral"], ["mimosa absolute france", "floral"], ["mimosa absolute india", "floral"], ["phenyl propyl phenyl acetate", "floral"], ["propyl salicylate", "floral"], ["rose absolute (rosa damascena) bulgaria", "floral"], ["rose concrete (rosa centifolia)", "floral"], ["tetrahydrolinalool", "floral"], ["methyl heptanoate", "fruity"], ["carrot leaf oil (daucus carota ssp.maximus)", "green"], ["octanal diethyl acetal", "green"], ["phenyl acetaldehyde", "green"], ["acorus calamus rhizome oil", "herbal"], ["anethum graveolens herb oil", "herbal"], ["anthemis nobilis flower oil roman", "herbal"], ["basil absolute", "herbal"], ["calamintha clinopodium oil", "herbal"], ["canarium luzonicum oil", "herbal"], ["carrot seed oil (daucus carota ssp. gummifer hook. fil.) spain", "herbal"], ["clary sage oil france", "herbal"], ["coriander oleoresin", "herbal"], ["daucus carota fruit oil", "herbal"], ["dill seed oil", "herbal"], ["dill seed oil CO2 extract", "herbal"], ["dill weed oil cuba", "herbal"], ["dill weed oil reunion", "herbal"], ["hop absolute", "herbal"], ["hop oil", "herbal"], ["linalyl acetate", "herbal"], ["nonisyl acetate", "herbal"], ["parsley seed oil", "herbal"], ["petroselinum crispum seed oil CO2 extract", "herbal"], ["tansy flower oil", "herbal"], ["tansy flower oil dutch", "herbal"], ["theaspirane", "herbal"], ["betula lenta bark oil america", "minty"], ["musk indanone", "musk"], ["propyl acetophenone", "orris"], ["asarum europaeum oil", "peppery"], ["methyl-2,6-dimethoxyphenol", "phenolic"], ["saffron stigmates absolute", "saffron"], ["allspice berry absolute", "spicy"], ["allspice berry oil", "spicy"], ["allspice leaf oil", "spicy"], ["allspice oil", "spicy"], ["allspice oleoresin", "spicy"], ["anona squamosa leaf oil", "spicy"], ["artemisia dracunculus herb oil", "spicy"], ["atractylis root oil", "spicy"], ["ayou wood oil", "spicy"], ["butyl angelate", "spicy"], ["calamus leaf oil", "spicy"], ["canella bark oil", "spicy"], ["carrot weed oil", "spicy"], ["carvacrol", "spicy"], ["caryophyllene", "spicy"], ["caryophyllene", "spicy"], ["caryophyllene alcohol", "spicy"], ["cascarilla oil replacer", "spicy"], ["cassia bark oil china", "spicy"], ["cassia leaf oil", "spicy"], ["cinnamaldehyde dimethyl acetal", "spicy"], ["cinnamon bark oil", "spicy"], ["cinnamon bark oil (cinnamomum zeylanicum) india", "spicy"], ["cinnamon bark oil ceylon", "spicy"], ["cinnamon leaf oil ceylon", "spicy"], ["cinnamon oleoresin ceylon", "spicy"], ["clove bud absolute", "spicy"], ["clove bud concrete", "spicy"], ["clove bud oil", "spicy"], ["clove bud oil CO2 extract", "spicy"], ["clove bud oleoresin", "spicy"], ["clove leaf oil", "spicy"], ["clove leaf oil terpeneless", "spicy"], ["clove stem oil", "spicy"], ["croton eluteria bark oil", "spicy"], ["cubeb oil", "spicy"], ["cumin seed absolute", "spicy"], ["currant bud absolute", "spicy"], ["dihydroeugenol", "spicy"], ["ethyl guaiacol", "spicy"], ["ethyl isoeugenol", "spicy"], ["eugenol", "spicy"], ["eugenol", "spicy"], ["eugenyl acetate", "spicy"], ["eugenyl benzoate", "spicy"], ["eugenyl isovalerate", "spicy"], ["eugenyl phenyl acetate", "spicy"], ["galangal root oil", "spicy"], ["ginger oleoresin africa", "spicy"], ["ginger root oil brazil", "spicy"], ["ginger root oil china", "spicy"], ["grains of paradise oil", "spicy"], ["green oxane", "spicy"], ["mace absolute", "spicy"], ["mace oil", "spicy"], ["machilus kusanoi leaf oil", "spicy"], ["machilus kusanoi wood oil", "spicy"], ["maja fragrance", "spicy"], ["methyl eugenol", "spicy"], ["methyl guaiacol", "spicy"], ["methyl heptadienone", "spicy"], ["methyl isoeugenol", "spicy"], ["myristica fragrans fruit extract", "spicy"], ["myristica fragrans seed tincture", "spicy"], ["nutmeg oil", "spicy"], ["octanol", "spicy"], ["pepper absolute", "spicy"], ["pepper hexanone", "spicy"], ["pepper oil CO2 extract", "spicy"], ["pepper tree berry absolute", "spicy"], ["pepper tree berry oil", "spicy"], ["pepper tree berry oil CO2 extract", "spicy"], ["pimenta acris leaf oil", "spicy"], ["piper longum fruit oil", "spicy"], ["piper longum fruit oil CO2 extract", "spicy"], ["safrole", "spicy"], ["spicy carbonate", "spicy"], ["sugandha kokila berry oil", "spicy"], ["tiglic acid", "spicy"], ["turmeric root absolute", "spicy"], ["zingiber officinale root extract", "spicy"], ["zingiber officinale root tincture", "spicy"], ["lychee mercaptan acetate", "sulfurous"], ["cymene", "terpenic"], ["juniper branch oil", "terpenic"], ["pine needle oil dwarf", "terpenic"], ["tansy leaf oil dutch", "thujonic"], ["tansy oil canada", "thujonic"], ["thujone", "thujonic"], ["vanilla cresol", "vanilla"], ["vanillin propylene glycol acetal", "vanilla"], ["caryophyllene", "woody"], ["caryophyllene alcohol acetate", "woody"], ["caryophyllene formate", "woody"], ["caryophyllene oxide", "woody"], ["cedarwood oil", "woody"], ["cedrela wood oil", "woody"], ["curcuma zedoaria bark extract", "woody"], ["dacrydium franklinii wood oil", "woody"], ["frankincense resinoid", "woody"], ["germacrene D", "woody"], ["guaiacwood oil", "woody"], ["guaiacwood oil 20% in gurjun balsam oil", "woody"], ["guaiacyl acetate", "woody"], ["hedychium spicatum root oil", "woody"], ["jatamansi root oil", "woody"], ["juniper berry oleoresin", "woody"], ["methyl methylene tricyclodecanol", "woody"], ["patchouli absolute", "woody"], ["propyl phenol", "woody"], ["rhubarb oxirane", "woody"], ["sabinene", "woody"], ["santal penten-2-ol", "woody"], ["spicy pentanone", "woody"], ["spikenard oil", "woody"], ["spikenard oil CO2 extract", "woody"], ["zedoary bark oil", "woody"], ["zedoary root oil", "woody"], ["zedoary root oil CO2 extract", "woody"], ["butyl salicylate", "No flavor group found for these"], ["caryophyllene alcohol", "No flavor group found for these"], ["caryophyllene formate", "No flavor group found for these"], ["costus root absolute", "No flavor group found for these"], ["costus root resinoid", "No flavor group found for these"], ["croton glabellus bark extract", "No flavor group found for these"], ["ethyl linalyl ether", "No flavor group found for these"], ["eugenyl benzoate", "No flavor group found for these"], ["eugenyl isovalerate", "No flavor group found for these"], ["germacrene D", "No flavor group found for these"], ["grains of paradise oil", "No flavor group found for these"], ["guaiyl acetate", "No flavor group found for these"], ["linalool", "No flavor group found for these"], ["methyl furfuracrylate", "No flavor group found for these"], ["octyl phenyl acetate", "No flavor group found for these"], ["spikenard oil", "No flavor group found for these"], ["spikenard oil CO2 extract", "No flavor group found for these"], ["truffle sulfide", "alliaceous"], ["fennel seed oil", "anise"], ["amyl salicylate", "aromatic"], ["opoponax absolute (balsamodendron kafal)", "balsamic"], ["tiglic acid", "brown"], ["propyl phenol", "burnt"], ["linalool", "citrus"], ["linalool", "citrus"], ["butyl salicylate", "cooling"], ["theaspirane", "cooling"], ["bois de rose oil brazil", "floral"], ["dihydrojasmone", "floral"], ["dihydrolinalool", "floral"], ["geranium oil bourbon", "floral"], ["linalyl acetate", "floral"], ["linalyl anthranilate", "floral"], ["rose absolute (rosa damascena) bulgaria", "floral"], ["tetrahydrolinalool", "floral"], ["methyl heptanoate", "fruity"], ["piper longum fruit oil CO2 extract", "fruity"], ["spicy pentanone", "fruity"], ["butyl angelate", "green"], ["canarium luzonicum oil", "green"], ["carrot weed oil", "green"], ["cinnamyl alcohol", "green"], ["hexadienal", "green"], ["linalool oxide", "green"], ["methyl heptadienone", "green"], ["ocimene quintoxide", "green"], ["octanal diethyl acetal", "green"], ["phenyl propyl alcohol", "green"], ["anethum graveolens herb oil", "herbal"], ["anthemis nobilis flower oil roman", "herbal"], ["basil absolute", "herbal"], ["clary sage oil france", "herbal"], ["coriander oleoresin", "herbal"], ["daucus carota fruit oil", "herbal"], ["dill seed oil", "herbal"], ["dill seed oil CO2 extract", "herbal"], ["dill weed oil cuba", "herbal"], ["dill weed oil reunion", "herbal"], ["dimethyl-3-octanol", "herbal"], ["hop absolute", "herbal"], ["hop oil", "herbal"], ["ocimum basilicum herb oil", "herbal"], ["ocimum basilicum leaf oil CO2 extract", "herbal"], ["parsley seed oil", "herbal"], ["petroselinum crispum seed oil CO2 extract", "herbal"], ["phenyl acetaldehyde", "honey"], ["lychee mercaptan acetate", "juicy"], ["frankincense absolute", "medicinal"], ["betula lenta bark oil america", "minty"], ["octanol", "musty"], ["costus root oil", "orris"], ["methyl-2,6-dimethoxyphenol", "phenolic"], ["pine needle oil dwarf", "pine"], ["prosopis juliflora wood extract", "smoky"], ["methyl phenyl sulfide", "solvent"], ["allspice berry absolute", "spicy"], ["allspice berry oil", "spicy"], ["allspice leaf oil", "spicy"], ["allspice oil", "spicy"], ["allspice oleoresin", "spicy"], ["artemisia dracunculus herb oil", "spicy"], ["carvacrol", "spicy"], ["caryophyllene", "spicy"], ["caryophyllene", "spicy"], ["cascarilla oil replacer", "spicy"], ["cassia bark oil china", "spicy"], ["cassia leaf oil", "spicy"], ["cassie absolute", "spicy"], ["cinnamaldehyde dimethyl acetal", "spicy"], ["cinnamon bark oil", "spicy"], ["cinnamon bark oil (cinnamomum zeylanicum) india", "spicy"], ["cinnamon bark oil ceylon", "spicy"], ["cinnamon leaf oil ceylon", "spicy"], ["cinnamon oleoresin ceylon", "spicy"], ["clove bud absolute", "spicy"], ["clove bud oil", "spicy"], ["clove bud oil CO2 extract", "spicy"], ["clove bud oleoresin", "spicy"], ["clove leaf oil", "spicy"], ["clove leaf oil terpeneless", "spicy"], ["clove stem oil", "spicy"], ["croton eluteria bark oil", "spicy"], ["cubeb oil", "spicy"], ["cumin seed absolute", "spicy"], ["currant bud absolute", "spicy"], ["dihydroeugenol", "spicy"], ["ethyl isoeugenol", "spicy"], ["eugenol", "spicy"], ["eugenol", "spicy"], ["eugenyl acetate", "spicy"], ["eugenyl phenyl acetate", "spicy"], ["galangal root oil", "spicy"], ["ginger oleoresin africa", "spicy"], ["ginger root oil brazil", "spicy"], ["ginger root oil china", "spicy"], ["mace absolute", "spicy"], ["mace oil", "spicy"], ["methyl guaiacol", "spicy"], ["methyl isoeugenol", "spicy"], ["myristica fragrans fruit extract", "spicy"], ["myristica fragrans seed tincture", "spicy"], ["nutmeg oil", "spicy"], ["octanol", "spicy"], ["pepper absolute", "spicy"], ["pepper oil CO2 extract", "spicy"], ["pepper oleoresin", "spicy"], ["pepper tree berry absolute", "spicy"], ["pepper tree berry oil", "spicy"], ["pepper tree berry oil CO2 extract", "spicy"], ["pimenta acris leaf oil", "spicy"], ["piper longum fruit oil", "spicy"], ["propyl acetophenone", "spicy"], ["turmeric oleoresin", "spicy"], ["turmeric root absolute", "spicy"], ["zingiber officinale root extract", "spicy"], ["zingiber officinale root tincture", "spicy"], ["cymene", "terpenic"], ["vanillin propylene glycol acetal", "vanilla"], ["mimosa absolute", "waxy"], ["mimosa absolute france", "waxy"], ["mimosa absolute india", "waxy"], ["caryophyllene oxide", "woody"], ["curcuma zedoaria bark extract", "woody"], ["ethyl guaiacol", "woody"], ["frankincense resinoid", "woody"], ["guaiacwood oil", "woody"], ["guaiacyl acetate", "woody"], ["juniper berry oleoresin", "woody"], ["sabinene", "woody"], ["zedoary bark oil", "woody"], ["zedoary root oil", "woody"], ["zedoary root oil CO2 extract", "woody"]]}