{"name": "methyl phenyl acetate", "cas": "101-41-7", "smiles": "COC(=O)CC1=CC=CC=C1", "notes": ["sweet", "floral", "honey", "spicy", "waxy", "almond", "sweet", "floral", "fruity", "honey", "spicy"], "blenders": [["cyclohexyl acetic acid", "acidic"], ["citronellyl oxyacetaldehyde", "aldehydic"], ["cistus ladaniferus resinoid", "amber"], ["costus valerolactone", "animal"], ["cresyl phenyl acetate", "animal"], ["methyl (E)-2-octenoate", "animal"], ["tetrahydroquinoline", "animal"], ["anise seed oil colombia", "anise"], ["fennel seed oil", "anise"], ["anisyl phenyl acetate", "anisic"], ["ethyl para-anisate", "anisic"], ["pentyl bicyclo[3.2.1]-6-octen-2-one", "anisic"], ["acetyl furan", "balsamic"], ["amyl benzoate", "balsamic"], ["benzoin resinoid", "balsamic"], ["butyl cinnamate", "balsamic"], ["butyl cinnamate", "balsamic"], ["cinnamyl alcohol", "balsamic"], ["clover nitrile", "balsamic"], ["ethyl cinnamate", "balsamic"], ["guaiacyl phenyl acetate", "balsamic"], ["methyl cinnamate", "balsamic"], ["phenyl propyl acetate", "balsamic"], ["phenyl propyl alcohol", "balsamic"], ["phenyl propyl alcohol", "balsamic"], ["tolu balsam oil", "balsamic"], ["raspberry ketone", "berry"], ["bran resinoid", "bready"], ["acetoin", "buttery"], ["cyclotene", "caramellic"], ["ethyl maltol", "caramellic"], ["ethyl-2,3,4,5-tetramethyl-2-cyclohexen-1-one", "caramellic"], ["immortelle absolute", "caramellic"], ["maltol", "caramellic"], ["strawberry furanone", "caramellic"], ["bran absolute", "cereal"], ["heptanone", "cheesy"], ["amyl phenyl acetate", "chocolate"], ["butyl phenyl acetate", "chocolate"], ["cocoa pentenal", "chocolate"], ["tetrahydrofurfuryl phenyl acetate", "chocolate"], ["citronella oil ceylon", "citrus"], ["orange oil italy", "citrus"], ["orange peel oil c.p. brazil", "citrus"], ["tetradecenal", "citrus"], ["verbena absolute france", "citrus"], ["heptalactone", "coconut"], ["nonalactone (aldehyde C-18 (so-called))", "coconut"], ["octalactone", "coconut"], ["tetrahydrojasmone", "coconut"], ["heptyl dihydro-5-methyl-2(3H)-furanone", "creamy"], ["methyl butyl phenyl acetate", "dairy"], ["pinus sylvestris leaf absolute", "earthy"], ["decanol", "fatty"], ["ethyl undecylenate", "fatty"], ["methyl (E)-2-hexenoate", "fatty"], ["octenal", "fatty"], ["acetophenone", "floral"], ["amyl cinnamaldehyde", "floral"], ["amyl salicylate", "floral"], ["benzyl acetate", "floral"], ["benzyl formate", "floral"], ["cardamom absolute", "floral"], ["citronellyl acetate", "floral"], ["citronellyl butyrate", "floral"], ["citronellyl isovalerate", "floral"], ["citronellyl phenyl acetate", "floral"], ["citronellyl propionate", "floral"], ["citronellyl valerate", "floral"], ["cyclamen aldehyde", "floral"], ["cyclohexyl ethyl alcohol", "floral"], ["damascone", "floral"], ["decyl formate", "floral"], ["dimethyl anthranilate", "floral"], ["dimethyl benzyl carbinyl acetate", "floral"], ["dimethyl benzyl carbinyl butyrate", "floral"], ["dimethyl-3-octyl acetate", "floral"], ["ethyl hydrocinnamate", "floral"], ["ethyl phenyl acetate", "floral"], ["floral pyranol", "floral"], ["genet concrete", "floral"], ["geraniol", "floral"], ["geranyl acetate", "floral"], ["geranyl anthranilate", "floral"], ["geranyl phenyl acetate", "floral"], ["geranyl phenyl acetate", "floral"], ["heliotropin", "floral"], ["heliotropyl acetate", "floral"], ["heliotropyl acetone", "floral"], ["heliotropyl diethyl acetal", "floral"], ["hexen-1-yl salicylate", "floral"], ["hexyl 2-furoate", "floral"], ["hexyl cinnamaldehyde", "floral"], ["hexylidene cyclopentanone", "floral"], ["hyacinth acetals", "floral"], ["hyacinth ether", "floral"], ["hydroxycitronellal", "floral"], ["jasmin absolute (from pommade)", "floral"], ["kewda fragrance", "floral"], ["kewda oil", "floral"], ["leerall", "floral"], ["linalool", "floral"], ["linalool oxide", "floral"], ["linalyl phenyl acetate", "floral"], ["linden flower absolute", "floral"], ["methyl dihydrojasmonate", "floral"], ["methyl epi-jasmonate", "floral"], ["methyl jasmonate", "floral"], ["mimosa absolute france", "floral"], ["mimosa absolute morocco", "floral"], ["narcissus specialty", "floral"], ["neroli oil bigarde", "floral"], ["ocean propanal", "floral"], ["octyl isovalerate", "floral"], ["orangeflower absolute morocco", "floral"], ["peony alcohol", "floral"], ["petitgrain oil paraguay", "floral"], ["phenethyl acetate", "floral"], ["phenethyl anthranilate", "floral"], ["phenethyl benzoate", "floral"], ["phenethyl formate", "floral"], ["phenethyl hexanoate", "floral"], ["phenethyl isobutyrate", "floral"], ["phenethyl phenyl acetate", "floral"], ["phenethyl propionate", "floral"], ["phenyl glycol diacetate", "floral"], ["phenyl propyl formate", "floral"], ["phenyl-1(2)-propene-1-yl acetate", "floral"], ["propyl anthranilate", "floral"], ["propyl phenyl acetate", "floral"], ["rhodinol", "floral"], ["rhodinyl isobutyrate", "floral"], ["rhodinyl phenyl acetate", "floral"], ["rose absolute (rosa centifolia) morocco", "floral"], ["rose absolute (rosa damascena) bulgaria", "floral"], ["rose absolute (rosa damascena) turkey", "floral"], ["rose butanoate", "floral"], ["rose carboxylate", "floral"], ["rose oil (rosa damascena) turkey", "floral"], ["souroubea specialty", "floral"], ["tilia cordata flower oil CO2 extract", "floral"], ["tuberose absolute (from pommade)", "floral"], ["violet methyl carbonate", "floral"], ["wallflower absolute", "floral"], ["ylang ylang flower oil III", "floral"], ["allyl amyl glycolate", "fruity"], ["allyl cyclohexyl propionate", "fruity"], ["allyl phenoxyacetate", "fruity"], ["anisyl methyl ketone", "fruity"], ["artemisia pallens herb oil", "fruity"], ["butyl 2-butenoate", "fruity"], ["butyl anthranilate", "fruity"], ["butyl hexanoate", "fruity"], ["butyl isovalerate", "fruity"], ["cinnamyl isobutyrate", "fruity"], ["cyclohexyl propionate", "fruity"], ["damascone", "fruity"], ["damascone", "fruity"], ["damascone", "fruity"], ["decalactone", "fruity"], ["diethyl-6,8-dioxabicyclo(3.2.1)octane", "fruity"], ["ethyl 3-hexenoate", "fruity"], ["ethyl levulinate", "fruity"], ["ethyl sorbate", "fruity"], ["hexanal propylene glycol acetal", "fruity"], ["methyl butyl 2-methyl butyrate", "fruity"], ["methyl nonanoate", "fruity"], ["neryl isobutyrate", "fruity"], ["octen-1-yl propionate", "fruity"], ["osmanthus flower absolute", "fruity"], ["pentyl furan", "fruity"], ["prenyl acetate", "fruity"], ["strawberry furanone butyrate", "fruity"], ["strawberry glycidate 1 (aldehyde C-16 (so-called))", "fruity"], ["strawberry glycidate 2", "fruity"], ["tolualdehyde", "fruity"], ["undecalactone (aldehyde C-14 (so-called))", "fruity"], ["xanthoxylum fruit oil", "fruity"], ["carrot leaf oil (daucus carota ssp.maximus)", "green"], ["cilantro leaf oil", "green"], ["dodecanal dimethyl acetal", "green"], ["ethyl (E,Z)-2,4-decadienoate", "green"], ["ethyl (E)-2-decenoate", "green"], ["ethyl (E)-4-decenoate", "green"], ["heptanal dimethyl acetal", "green"], ["hexen-1-yl benzoate", "green"], ["hexen-1-yl formate", "green"], ["hexen-1-yl phenyl acetate", "green"], ["hexen-1-yl phenyl acetate", "green"], ["hexen-1-yl propionate", "green"], ["hexen-1-yl valerate", "green"], ["hexenal", "green"], ["hexyl 2-methyl butyrate", "green"], ["hexyl butyrate", "green"], ["hexyl isobutyrate", "green"], ["hexyl phenyl acetate", "green"], ["melon nonenoate", "green"], ["methyl heptine carbonate", "green"], ["methyl octine carbonate", "green"], ["methyl-4-phenyl pentanone", "green"], ["nonadien-1-ol", "green"], ["nonadien-1-ol", "green"], ["nonadien-1-yl acetate", "green"], ["octanal diethyl acetal", "green"], ["octen-1-yl propionate", "green"], ["pentenal", "green"], ["phenethyl tiglate", "green"], ["phenoxyethyl isobutyrate", "green"], ["phenyl acetaldehyde", "green"], ["thuja occidentalis leaf absolute", "green"], ["beeswax absolute", "hay"], ["clary sage absolute", "herbal"], ["clary sage oil france", "herbal"], ["dimethyl benzyl carbinyl crotonate", "herbal"], ["elder flower absolute", "herbal"], ["lavender absolute bulgaria", "herbal"], ["lavender absolute france", "herbal"], ["linalyl acetate", "herbal"], ["matricaria chamomilla flower oil", "herbal"], ["myrtle oil", "herbal"], ["myrtle oil morocco", "herbal"], ["nonisyl acetate", "herbal"], ["perillaldehyde", "herbal"], ["perillaldehyde", "herbal"], ["allyl phenyl acetate", "honey"], ["butyl phenyl acetate", "honey"], ["methyl hydrocinnamate", "honey"], ["phenethyl furoate", "honey"], ["phenyl acetic acid", "honey"], ["phenyl pyruvic acid", "honey"], ["propyl phenyl acetate", "honey"], ["nonen-1-ol", "melon"], ["carvone", "minty"], ["cocoa butenal", "musty"], ["phorone", "musty"], ["anisyl acetate", "powdery"], ["anisyl alcohol", "powdery"], ["allspice oil", "spicy"], ["amyl cinnamyl alcohol", "spicy"], ["benzyl isoeugenol", "spicy"], ["carnation absolute", "spicy"], ["carrot weed oil", "spicy"], ["cassia bark oil china", "spicy"], ["clove bud oil", "spicy"], ["dimethyl bicyclo(3.2.1)-2-octen-3-yl acetate + 1,4-dimethyl bicyclo(3.2.1)-2-octen-3-yl acetate", "spicy"], ["eugenol", "spicy"], ["eugenyl acetate", "spicy"], ["eugenyl isovalerate", "spicy"], ["eugenyl phenyl acetate", "spicy"], ["eugenyl phenyl acetate", "spicy"], ["honey extract", "spicy"], ["methyl cinnamaldehyde", "spicy"], ["methyl heptadienone", "spicy"], ["methyl isoeugenol", "spicy"], ["propyl 2-furan acrylate", "spicy"], ["cistus cyclohexanone", "thujonic"], ["tonka bean absolute", "tonka"], ["hexyl 2-methyl-3-pentenoate", "tropical"], ["ethyl vanillin", "vanilla"], ["vanilla bean absolute (vanilla planifolia)", "vanilla"], ["vanillyl acetate", "vanilla"], ["allyl nonanoate", "waxy"], ["dihydrocitronellyl acetate", "waxy"], ["dodecanol", "waxy"], ["octanol", "waxy"], ["waxy acetate", "waxy"], ["caryophyllene alcohol acetate", "woody"], ["guaiacwood oil", "woody"], ["kaempferia galanga rhizome oil", "woody"], ["methyl cedryl ketone", "woody"], ["santall", "woody"], ["santalyl phenyl acetate", "woody"], ["spicy pentanone", "woody"], ["tobacarol (IFF)", "woody"], ["vetiver oil fractions", "woody"], ["acetyl cyclohexyl acetate", "No flavor group found for these"], ["benzyl methyl tiglate", "No flavor group found for these"], ["butyl cinnamate", "No flavor group found for these"], ["caryophyllene alcohol acetate", "No flavor group found for these"], ["cistus cyclohexanone", "No flavor group found for these"], ["cistus ladaniferus resinoid", "No flavor group found for these"], ["citronellyl isovalerate", "No flavor group found for these"], ["citronellyl valerate", "No flavor group found for these"], ["dihydrocitronellyl acetate", "No flavor group found for these"], ["dimethyl benzyl carbinyl crotonate", "No flavor group found for these"], ["ethyl hydrocinnamate", "No flavor group found for these"], ["ethyl-2,3,4,5-tetramethyl-2-cyclohexen-1-one", "No flavor group found for these"], ["eugenyl isovalerate", "No flavor group found for these"], ["eugenyl phenyl acetate", "No flavor group found for these"], ["fig leaf absolute", "No flavor group found for these"], ["geranyl phenyl acetate", "No flavor group found for these"], ["hexen-1-yl phenyl acetate", "No flavor group found for these"], ["hexylidene cyclopentanone", "No flavor group found for these"], ["linalyl phenyl acetate", "No flavor group found for these"], ["methyl (E)-2-hexenoate", "No flavor group found for these"], ["methyl hydrocinnamate", "No flavor group found for these"], ["myrtle oil morocco", "No flavor group found for these"], ["octyl isovalerate", "No flavor group found for these"], ["phenethyl furoate", "No flavor group found for these"], ["phenyl propyl formate", "No flavor group found for these"], ["pinus sylvestris leaf absolute", "No flavor group found for these"], ["propyl anthranilate", "No flavor group found for these"], ["santalyl phenyl acetate", "No flavor group found for these"], ["tetrahydrofurfuryl phenyl acetate", "No flavor group found for these"], ["damascone", ""], ["hexyl 3-mercaptobutanoate", ""], ["anise seed oil colombia", "anise"], ["ethyl para-anisate", "anise"], ["fennel seed oil", "anise"], ["anisyl phenyl acetate", "anisic"], ["hyacinth acetals", "aromatic"], ["perillaldehyde", "aromatic"], ["benzoin resinoid", "balsamic"], ["butyl cinnamate", "balsamic"], ["ethyl cinnamate", "balsamic"], ["phenyl propyl acetate", "balsamic"], ["styrax gum (liquidambar styraciflua)", "balsamic"], ["tolu balsam oil", "balsamic"], ["heliotropyl acetone", "berry"], ["raspberry ketone", "berry"], ["beeswax absolute", "brown"], ["kaempferia galanga rhizome oil", "camphoreous"], ["caramel furanone", "caramellic"], ["cyclotene", "caramellic"], ["ethyl maltol", "caramellic"], ["ethyl-3,4,5,6-tetramethyl cyclohexen-2-one", "caramellic"], ["maltol", "caramellic"], ["strawberry furanone", "caramellic"], ["heptanone", "cheesy"], ["heliotropin", "cherry"], ["cilantro leaf oil", "citrus"], ["citronella oil ceylon", "citrus"], ["citronellyl oxyacetaldehyde", "citrus"], ["linalool", "citrus"], ["orange oil italy", "citrus"], ["orange peel oil c.p. brazil", "citrus"], ["phorone", "citrus"], ["verbena absolute france", "citrus"], ["butyl phenyl acetate", "cocoa"], ["nonalactone (aldehyde C-18 (so-called))", "coconut"], ["acetoin", "creamy"], ["heptadienal", "creamy"], ["undecalactone (aldehyde C-14 (so-called))", "creamy"], ["methyl butyl phenyl acetate", "dairy"], ["ethyl (E)-4-decenoate", "fatty"], ["ethyl undecylenate", "fatty"], ["hexen-1-yl benzoate", "fatty"], ["octenal", "fatty"], ["octenoic acid", "fatty"], ["undecadienal", "fatty"], ["undecadienal", "fatty"], ["amyl phenyl acetate", "floral"], ["cardamom absolute", "floral"], ["citronellyl acetate", "floral"], ["citronellyl phenyl acetate", "floral"], ["citronellyl propionate", "floral"], ["cocoa pentenal", "floral"], ["dimethyl benzyl carbinyl acetate", "floral"], ["dimethyl benzyl carbinyl butyrate", "floral"], ["geraniol", "floral"], ["geranyl phenyl acetate", "floral"], ["heliotropyl acetate", "floral"], ["jasmin absolute (from pommade)", "floral"], ["linalyl acetate", "floral"], ["methyl dihydrojasmonate", "floral"], ["methyl epi-jasmonate", "floral"], ["methyl jasmonate", "floral"], ["mimosa absolute morocco", "floral"], ["neroli oil bigarde", "floral"], ["ocean propanal", "floral"], ["orangeflower absolute morocco", "floral"], ["phenethyl anthranilate", "floral"], ["phenethyl benzoate", "floral"], ["phenethyl propionate", "floral"], ["phenyl acetic acid", "floral"], ["rhodinol", "floral"], ["rhodinyl isobutyrate", "floral"], ["rose absolute (rosa centifolia) morocco", "floral"], ["rose absolute (rosa damascena) bulgaria", "floral"], ["rose absolute (rosa damascena) turkey", "floral"], ["rose oil (rosa damascena) turkey", "floral"], ["tuberose absolute (from pommade)", "floral"], ["ylang ylang flower oil III", "floral"], ["allyl cyclohexyl propionate", "fruity"], ["allyl phenoxyacetate", "fruity"], ["amyl benzoate", "fruity"], ["anisyl acetate", "fruity"], ["anisyl alcohol", "fruity"], ["artemisia pallens herb oil", "fruity"], ["benzyl acetate", "fruity"], ["benzyl formate", "fruity"], ["butyl anthranilate", "fruity"], ["butyl hexanoate", "fruity"], ["cinnamyl isobutyrate", "fruity"], ["citronellyl butyrate", "fruity"], ["cyclohexyl propionate", "fruity"], ["damascone", "fruity"], ["damascone", "fruity"], ["damascone", "fruity"], ["decalactone", "fruity"], ["dimethyl anthranilate", "fruity"], ["ethyl (E)-2-decenoate", "fruity"], ["ethyl 3-hexenoate", "fruity"], ["ethyl 3-oxohexanoate", "fruity"], ["ethyl levulinate", "fruity"], ["ethyl sorbate", "fruity"], ["furyl pentyl ketone", "fruity"], ["heptyl dihydro-5-methyl-2(3H)-furanone", "fruity"], ["hexanal propylene glycol acetal", "fruity"], ["hexyl 2-methyl-3-pentenoate", "fruity"], ["hexyl phenyl acetate", "fruity"], ["methyl (E)-2-octenoate", "fruity"], ["methyl 4-phenyl butyrate", "fruity"], ["methyl butyl 2-methyl butyrate", "fruity"], ["neryl isobutyrate", "fruity"], ["octen-1-yl propionate", "fruity"], ["osmanthus flower absolute", "fruity"], ["prenyl acetate", "fruity"], ["propyl 2-furan acrylate", "fruity"], ["rose butanoate", "fruity"], ["spicy pentanone", "fruity"], ["strawberry furanone butyrate", "fruity"], ["strawberry glycidate 1 (aldehyde C-16 (so-called))", "fruity"], ["strawberry glycidate 2", "fruity"], ["amyl salicylate", "green"], ["butyl 2-butenoate", "green"], ["butyl isovalerate", "green"], ["carrot weed oil", "green"], ["cinnamyl alcohol", "green"], ["cocoa butenal", "green"], ["cyclamen aldehyde", "green"], ["cyclohexyl ethyl alcohol", "green"], ["dodecanal dimethyl acetal", "green"], ["ethyl (E,Z)-2,4-decadienoate", "green"], ["geranyl acetate", "green"], ["heptanal dimethyl acetal", "green"], ["heptenal", "green"], ["hexadienal", "green"], ["hexen-1-yl formate", "green"], ["hexen-1-yl phenyl acetate", "green"], ["hexen-1-yl propionate", "green"], ["hexen-1-yl salicylate", "green"], ["hexen-1-yl valerate", "green"], ["hexenal", "green"], ["hexenoic acid", "green"], ["hexyl 2-furoate", "green"], ["hexyl 2-methyl butyrate", "green"], ["hexyl butyrate", "green"], ["hexyl isobutyrate", "green"], ["immortelle absolute", "green"], ["linalool oxide", "green"], ["melon nonenoate", "green"], ["methyl heptadienone", "green"], ["methyl heptine carbonate", "green"], ["methyl octine carbonate", "green"], ["nonadien-1-ol", "green"], ["nonadien-1-yl acetate", "green"], ["octanal diethyl acetal", "green"], ["octen-1-yl propionate", "green"], ["pentenal", "green"], ["pentyl furan", "green"], ["phenethyl formate", "green"], ["phenethyl tiglate", "green"], ["phenoxyethyl isobutyrate", "green"], ["phenyl propyl alcohol", "green"], ["phorone", "green"], ["clary sage absolute", "herbal"], ["clary sage oil france", "herbal"], ["lavender absolute bulgaria", "herbal"], ["lavender absolute france", "herbal"], ["matricaria chamomilla flower oil", "herbal"], ["petitgrain oil paraguay", "herbal"], ["allyl phenyl acetate", "honey"], ["butyl phenyl acetate", "honey"], ["ethyl phenyl acetate", "honey"], ["phenethyl acetate", "honey"], ["phenethyl isobutyrate", "honey"], ["phenethyl phenyl acetate", "honey"], ["phenyl acetaldehyde", "honey"], ["propyl phenyl acetate", "honey"], ["propyl phenyl acetate", "honey"], ["heptalactone", "lactonic"], ["octalactone", "lactonic"], ["carvone", "minty"], ["methional diethyl acetal", "mushroom"], ["acetyl furan", "nutty"], ["cresyl phenyl acetate", "phenolic"], ["guaiacyl phenyl acetate", "phenolic"], ["phenyl pyruvic acid", "phenolic"], ["acetophenone", "powdery"], ["dodecanol", "soapy"], ["dimethyl-2-pentenoic acid", "sour"], ["allspice oil", "spicy"], ["amyl cinnamyl alcohol", "spicy"], ["anisyl methyl ketone", "spicy"], ["benzyl isoeugenol", "spicy"], ["cassia bark oil china", "spicy"], ["clove bud oil", "spicy"], ["eugenol", "spicy"], ["eugenyl acetate", "spicy"], ["eugenyl phenyl acetate", "spicy"], ["methyl cinnamaldehyde", "spicy"], ["methyl cinnamate", "spicy"], ["methyl isoeugenol", "spicy"], ["myrtle oil", "spicy"], ["perillaldehyde", "spicy"], ["phenyl propyl alcohol", "spicy"], ["tolualdehyde", "spicy"], ["acetone alcohol", "sweet"], ["cyclohexyl acetic acid", "sweet"], ["amyl cinnamaldehyde", "tropical"], ["ethyl vanillin", "vanilla"], ["vanilla bean absolute (vanilla planifolia)", "vanilla"], ["vanillyl acetate", "vanilla"], ["allyl nonanoate", "waxy"], ["decanol", "waxy"], ["hexyl cinnamaldehyde", "waxy"], ["hydroxycitronellal", "waxy"], ["mimosa absolute france", "waxy"], ["nonadien-1-ol", "waxy"], ["nonen-1-ol", "waxy"], ["octanol", "waxy"], ["phenethyl hexanoate", "waxy"], ["rhodinyl phenyl acetate", "waxy"], ["tetradecenal", "waxy"], ["methyl nonanoate", "winey"], ["guaiacwood oil", "woody"], ["methyl cedryl ketone", "woody"]]}