{"name": "phenyl acetaldehyde dimethyl acetal", "cas": "101-48-4", "smiles": "COC(CC1=CC=CC=C1)OC", "notes": ["green", "foliage", "floral", "rose", "earthy", "mushroom"], "blenders": [["adoxal (Givaudan)", "aldehydic"], ["decen-1-ol", "aldehydic"], ["dodecanal (aldehyde C-12 lauric)", "aldehydic"], ["nonanal (aldehyde C-9)", "aldehydic"], ["nonanal diethyl acetal", "aldehydic"], ["undecenal (aldehyde C-11 undecylenic)", "aldehydic"], ["valeraldehyde", "aldehydic"], ["amyl benzoate", "balsamic"], ["benzoin resinoid", "balsamic"], ["benzophenone", "balsamic"], ["benzyl cinnamate", "balsamic"], ["benzyl salicylate", "balsamic"], ["benzyl tiglate", "balsamic"], ["callitropsis araucarioides wood oil", "balsamic"], ["cinnamyl alcohol", "balsamic"], ["clover nitrile", "balsamic"], ["methyl cinnamate", "balsamic"], ["phenethyl cinnamate", "balsamic"], ["phenyl propyl acetate", "balsamic"], ["phenyl propyl alcohol", "balsamic"], ["amyl phenyl acetate", "chocolate"], ["abronia fragrance", "citrus"], ["bergamot oil turkey", "citrus"], ["citronella fragrance", "citrus"], ["citronitrile (Symrise)", "citrus"], ["benzyl tiglate", "earthy"], ["cyperus papyrus absolute", "earthy"], ["dibenzyl ether", "earthy"], ["nonen-3-ol", "earthy"], ["octanol", "earthy"], ["octen-3-ol", "earthy"], ["decanol", "fatty"], ["methyl-5-hexen-2-one", "fatty"], ["amyl cinnamaldehyde", "floral"], ["amyl salicylate", "floral"], ["amyl undecylenate", "floral"], ["benzyl acetate", "floral"], ["benzyl alcohol", "floral"], ["bois de rose oil brazil", "floral"], ["boronia absolute", "floral"], ["butyl benzyl ether", "floral"], ["citronellal", "floral"], ["citronellol", "floral"], ["citronellol", "floral"], ["citronellol", "floral"], ["citronellyl acetate", "floral"], ["citronellyl anthranilate", "floral"], ["citronellyl butyrate", "floral"], ["citronellyl propionate", "floral"], ["citronellyl tiglate", "floral"], ["coriander seed oil", "floral"], ["cyclohexyl ethyl alcohol", "floral"], ["damascate", "floral"], ["damascone", "floral"], ["damascone", "floral"], ["decen-1-ol", "floral"], ["decen-1-yl acetate", "floral"], ["dihydrocarvyl acetate", "floral"], ["dihydrojasmone", "floral"], ["dimethyl benzyl carbinol", "floral"], ["dimethyl benzyl carbinyl butyrate", "floral"], ["ethyl phenoxyacetate", "floral"], ["farnesol", "floral"], ["farnesyl acetate", "floral"], ["floral pyran", "floral"], ["floral pyranol", "floral"], ["gardenia oxide", "floral"], ["geraniol", "floral"], ["geranium oil egypt", "floral"], ["geranium oil egypt fractions", "floral"], ["geranium oil terpeneless", "floral"], ["geranium petiole oil india", "floral"], ["geranium rose oil", "floral"], ["geranium rose-scented oil cuba", "floral"], ["geranyl acetate", "floral"], ["geranyl acetone", "floral"], ["geranyl acetone", "floral"], ["geranyl formate", "floral"], ["geranyl isobutyrate", "floral"], ["geranyl linalool", "floral"], ["glycoacetal", "floral"], ["greenhouse fragrance", "floral"], ["hawthorn ethanol", "floral"], ["heliotropin", "floral"], ["heliotropyl acetone", "floral"], ["hexen-1-yl salicylate", "floral"], ["hexyl cinnamaldehyde", "floral"], ["hyacinth absolute replacer", "floral"], ["hyacinth acetals", "floral"], ["hyacinth ether", "floral"], ["hydroxycitronellal", "floral"], ["hydroxycitronellol", "floral"], ["ionone", "floral"], ["jasmone", "floral"], ["jasmone", "floral"], ["leerall", "floral"], ["linalool", "floral"], ["linalool", "floral"], ["linalool oxide", "floral"], ["linalyl butyrate", "floral"], ["linalyl propionate", "floral"], ["methyl benzyl acetate", "floral"], ["methyl dihydrojasmonate", "floral"], ["methyl epi-jasmonate", "floral"], ["methyl ionone (70% min.)", "floral"], ["methyl ionone (80% min.)", "floral"], ["methyl jasmonate", "floral"], ["methyl octanal", "floral"], ["methyl-4-phenyl butanal", "floral"], ["mimosa absolute", "floral"], ["mimosa absolute france", "floral"], ["mimosa absolute india", "floral"], ["mimosa absolute morocco", "floral"], ["muguet carboxaldehyde", "floral"], ["musk acetate", "floral"], ["nerol", "floral"], ["neroli oil CO2 extract", "floral"], ["nerolidol", "floral"], ["nerolidol", "floral"], ["neryl acetate", "floral"], ["neryl isovalerate", "floral"], ["nonanol", "floral"], ["ocean propanal", "floral"], ["ocimene", "floral"], ["octyl acetate", "floral"], ["octyl isovalerate", "floral"], ["orange leaf absolute", "floral"], ["orangeflower absolute morocco", "floral"], ["osmanthus concrete", "floral"], ["papaya isobutyrate", "floral"], ["peony alcohol", "floral"], ["phenethyl acetate", "floral"], ["phenethyl alcohol", "floral"], ["phenethyl anthranilate", "floral"], ["phenethyl butyrate", "floral"], ["phenethyl formate", "floral"], ["phenethyl heptanoate", "floral"], ["phenethyl hexanoate", "floral"], ["phenethyl lactate", "floral"], ["phenethyl phenyl acetate", "floral"], ["phenethyl salicylate", "floral"], ["phenethyl valerate", "floral"], ["phenyl acetaldehyde / methyl anthranilate schiff's base", "floral"], ["phenyl acetaldehyde 2,3-butylene glycol acetal", "floral"], ["phenyl acetaldehyde digeranyl acetal", "floral"], ["phenyl propionaldehyde dimethyl acetal", "floral"], ["phenyl propionaldehyde ethylene glycol acetal", "floral"], ["phenyl propyl alcohol", "floral"], ["phenyl-2-butanol", "floral"], ["primrose fragrance", "floral"], ["rhodinol", "floral"], ["rhodinol substitues", "floral"], ["rhodinyl acetate substitutes", "floral"], ["rhodinyl benzoate", "floral"], ["rosa alba flower oil CO2 extract", "floral"], ["rose absolute (rosa centifolia)", "floral"], ["rose absolute (rosa centifolia) morocco", "floral"], ["rose absolute (rosa damascena) bulgaria", "floral"], ["rose absolute (rosa damascena) turkey", "floral"], ["rose absolute pentanol", "floral"], ["rose acetate", "floral"], ["rose blossom pentanol", "floral"], ["rose butanoate", "floral"], ["rose concrete (rosa centifolia)", "floral"], ["rose concrete (rosa damascena)", "floral"], ["rose oil (rosa centifolia) egypt", "floral"], ["rose oil (rosa damascena) bulgaria", "floral"], ["rose oil (rosa damascena) iran", "floral"], ["rose oil (rosa damascena) turkey", "floral"], ["rose oil replacer", "floral"], ["rose oxide", "floral"], ["rose pyran", "floral"], ["rose specialty", "floral"], ["styralyl propionate", "floral"], ["undecen-1-ol", "floral"], ["undecen-1-ol", "floral"], ["benzyl propionate", "fruity"], ["bisabolene", "fruity"], ["butyl 2-methyl butyrate", "fruity"], ["damascone", "fruity"], ["decen-1-yl cyclopentanone", "fruity"], ["dimethyl benzyl isobutyrate", "fruity"], ["ethyl 2-ethyl acetoacetate", "fruity"], ["ethyl methyl-para-tolyl glycidate", "fruity"], ["ethyl para-methyl-beta-phenyl glycidate", "fruity"], ["geranyl butyrate", "fruity"], ["green acetate", "fruity"], ["heptyl isobutyrate", "fruity"], ["linalyl isobutyrate", "fruity"], ["neryl propionate", "fruity"], ["plum crotonate", "fruity"], ["prenyl acetate", "fruity"], ["strawberry glycidate 2", "fruity"], ["vanilla carboxylate", "fruity"], ["acetaldehyde ethyl phenethyl acetal", "green"], ["chrysanthemum oxide", "green"], ["cognac heptanone", "green"], ["cuminic aldehyde", "green"], ["decanal", "green"], ["dimethyl hydroquinone", "green"], ["diphenyl oxide", "green"], ["earthy acetal", "green"], ["galbanum resinoid", "green"], ["hepten-1-ol", "green"], ["heptyl tetrahydrofuran", "green"], ["hexen-1-ol", "green"], ["hexen-1-ol", "green"], ["hexen-1-yl benzoate", "green"], ["hexen-1-yl phenyl acetate", "green"], ["hexyl 2-methyl butyrate", "green"], ["hexyl cinnamaldehyde dimethyl acetal", "green"], ["hexyl heptanoate", "green"], ["hexyl phenyl acetate", "green"], ["hyacinth absolute", "green"], ["hyacinth butanal", "green"], ["ivy leaf absolute", "green"], ["leafy acetal", "green"], ["magnolia flower oil", "green"], ["marigold pot absolute", "green"], ["methoxy-3-methyl-4-penten-1-yl] benzene", "green"], ["methyl cyclocitrone (IFF)", "green"], ["neryl butyrate", "green"], ["nonyn-1-al dimethyl acetal", "green"], ["oakmoss resin", "green"], ["oakmoss resin replacer", "green"], ["octanal dimethyl acetal", "green"], ["phenethyl isopropyl ether", "green"], ["phenoxyacetaldehyde 50% in benzyl alcohol", "green"], ["phenyl acetaldehyde", "green"], ["phenyl propionaldehyde", "green"], ["trimethyl hexanol", "green"], ["chamomile valerate", "herbal"], ["geranium concrete", "herbal"], ["hop oil", "herbal"], ["linalyl acetate", "herbal"], ["menthyl propionate", "herbal"], ["methyl-3-heptanone", "herbal"], ["mistletoe fragrance", "herbal"], ["myrtenyl acetate", "herbal"], ["rose oil (rosa centifolia) morocco", "herbal"], ["rosmarinus officinalis extract", "herbal"], ["phenyl acetic acid", "honey"], ["watermelon ketone", "melon"], ["dipentyl-6,8-dioxabicyclo(3.2.1)octane", "metallic"], ["oakmoss absolute", "mossy"], ["methyl anisole", "naphthyl"], ["naphthyl ethyl ether", "naphthyl"], ["anisyl alcohol", "powdery"], ["amyl cinnamyl alcohol", "spicy"], ["clove bud oil", "spicy"], ["maja fragrance", "spicy"], ["methyl isoeugenol", "spicy"], ["myrcene", "spicy"], ["pepper hexanone", "spicy"], ["terpineol", "terpenic"], ["tonka bean absolute", "tonka"], ["ethyl vanillin", "vanilla"], ["dodecanol", "waxy"], ["ethyl laurate", "waxy"], ["orris rhizome oil CO2 extract", "waxy"], ["agarwood oil (aetoxylon sympetalum)", "woody"], ["amber carbinol", "woody"], ["cycloionone", "woody"], ["santall", "woody"], ["woody acetate", "woody"], ["amyl undecylenate", "No flavor group found for these"], ["benzyl tiglate", "No flavor group found for these"], ["butyl benzyl ether", "No flavor group found for these"], ["citronellol", "No flavor group found for these"], ["damascone", "No flavor group found for these"], ["decanal", "No flavor group found for these"], ["decen-1-yl acetate", "No flavor group found for these"], ["earthy acetal", "No flavor group found for these"], ["furfural diethyl acetal", "No flavor group found for these"], ["geranyl linalool", "No flavor group found for these"], ["heptyl acetate", "No flavor group found for these"], ["hexyl heptanoate", "No flavor group found for these"], ["hyacinth absolute", "No flavor group found for these"], ["magnolia flower oil", "No flavor group found for these"], ["menthyl propionate", "No flavor group found for these"], ["methyl octanal", "No flavor group found for these"], ["methyl thio) methane", "No flavor group found for these"], ["methyl-4-phenyl butanal", "No flavor group found for these"], ["nonanal diethyl acetal", "No flavor group found for these"], ["octadien-3-ol", "No flavor group found for these"], ["octyl isovalerate", "No flavor group found for these"], ["phenethyl heptanoate", "No flavor group found for these"], ["phenethyl lactate", "No flavor group found for these"], ["phenethyl valerate", "No flavor group found for these"], ["phenyl acetaldehyde 2,3-butylene glycol acetal", "No flavor group found for these"], ["phenyl propyl alcohol", "No flavor group found for these"], ["rhodinyl acetate substitutes", "No flavor group found for these"], ["undecen-1-ol", "No flavor group found for these"], ["undecen-1-ol", "No flavor group found for these"], ["nonanal (aldehyde C-9)", "aldehydic"], ["hyacinth acetals", "aromatic"], ["leafy acetal", "aromatic"], ["benzoin resinoid", "balsamic"], ["benzyl salicylate", "balsamic"], ["benzyl tiglate", "balsamic"], ["phenethyl cinnamate", "balsamic"], ["phenyl propyl acetate", "balsamic"], ["heliotropyl acetone", "berry"], ["heptyl isobutyrate", "berry"], ["rhodinol substitues", "berry"], ["methyl anisole", "camphoreous"], ["heliotropin", "cherry"], ["bergamot oil turkey", "citrus"], ["bisabolene", "citrus"], ["cognac heptanone", "citrus"], ["linalool", "citrus"], ["linalool", "citrus"], ["nerol", "citrus"], ["styralyl propionate", "citrus"], ["terpineol", "citrus"], ["difurfuryl ether", "coffee"], ["acetyl ethyl carbinol", "creamy"], ["nonen-3-ol", "earthy"], ["octane dithiol", "earthy"], ["thienyl disulfide", "earthy"], ["methyl-5-hexen-2-one", "ethereal"], ["hexen-1-yl benzoate", "fatty"], ["undecenal (aldehyde C-11 undecylenic)", "fatty"], ["amyl phenyl acetate", "floral"], ["bois de rose oil brazil", "floral"], ["citronellal", "floral"], ["citronellol", "floral"], ["citronellol", "floral"], ["citronellyl acetate", "floral"], ["citronellyl propionate", "floral"], ["dihydrocarvyl acetate", "floral"], ["dihydrojasmone", "floral"], ["dimethyl benzyl carbinyl butyrate", "floral"], ["farnesol", "floral"], ["farnesyl acetate", "floral"], ["geraniol", "floral"], ["geranium oil egypt", "floral"], ["geranium oil terpeneless", "floral"], ["geranium petiole oil india", "floral"], ["geranium rose oil", "floral"], ["geranyl acetone", "floral"], ["geranyl acetone", "floral"], ["geranyl isobutyrate", "floral"], ["linalyl acetate", "floral"], ["linalyl butyrate", "floral"], ["linalyl isobutyrate", "floral"], ["methyl dihydrojasmonate", "floral"], ["methyl epi-jasmonate", "floral"], ["methyl ionone (70% min.)", "floral"], ["methyl ionone (80% min.)", "floral"], ["methyl jasmonate", "floral"], ["mimosa absolute morocco", "floral"], ["neroli oil CO2 extract", "floral"], ["neryl acetate", "floral"], ["ocean propanal", "floral"], ["orange leaf absolute", "floral"], ["orangeflower absolute morocco", "floral"], ["phenethyl alcohol", "floral"], ["phenethyl anthranilate", "floral"], ["phenyl acetic acid", "floral"], ["phenyl-2-butanol", "floral"], ["rhodinol", "floral"], ["rose absolute (rosa centifolia)", "floral"], ["rose absolute (rosa centifolia) morocco", "floral"], ["rose absolute (rosa damascena) bulgaria", "floral"], ["rose absolute (rosa damascena) turkey", "floral"], ["rose oil (rosa centifolia) egypt", "floral"], ["rose oil (rosa damascena) bulgaria", "floral"], ["rose oil (rosa damascena) iran", "floral"], ["rose oil (rosa damascena) turkey", "floral"], ["rose oxide", "floral"], ["amyl benzoate", "fruity"], ["anisyl alcohol", "fruity"], ["benzyl acetate", "fruity"], ["benzyl alcohol", "fruity"], ["benzyl propionate", "fruity"], ["boronia absolute", "fruity"], ["butyl 2-methyl butyrate", "fruity"], ["citronellyl anthranilate", "fruity"], ["citronellyl butyrate", "fruity"], ["damascone", "fruity"], ["decen-1-yl cyclopentanone", "fruity"], ["dibenzyl ether", "fruity"], ["dimethyl benzyl isobutyrate", "fruity"], ["ethyl 2-ethyl acetoacetate", "fruity"], ["ethyl methyl-para-tolyl glycidate", "fruity"], ["geranyl butyrate", "fruity"], ["hexyl phenyl acetate", "fruity"], ["methyl benzyl acetate", "fruity"], ["methyl-3-heptanone", "fruity"], ["neryl isovalerate", "fruity"], ["osmanthus concrete", "fruity"], ["phenethyl butyrate", "fruity"], ["phenyl propionaldehyde dimethyl acetal", "fruity"], ["prenyl acetate", "fruity"], ["rose butanoate", "fruity"], ["strawberry glycidate 2", "fruity"], ["valeraldehyde", "fruity"], ["vanilla carboxylate", "fruity"], ["acetaldehyde ethyl phenethyl acetal", "green"], ["amyl salicylate", "green"], ["chrysanthemum oxide", "green"], ["cinnamyl alcohol", "green"], ["citronellyl tiglate", "green"], ["cyclohexyl ethyl alcohol", "green"], ["dimethyl hydroquinone", "green"], ["diphenyl oxide", "green"], ["galbanum resinoid", "green"], ["geranyl acetate", "green"], ["geranyl formate", "green"], ["hepten-1-ol", "green"], ["hexen-1-ol", "green"], ["hexen-1-ol", "green"], ["hexen-1-yl phenyl acetate", "green"], ["hexen-1-yl salicylate", "green"], ["hexyl 2-methyl butyrate", "green"], ["hibiscus distillates", "green"], ["jasmone", "green"], ["jasmone", "green"], ["linalool oxide", "green"], ["marigold pot absolute", "green"], ["nerolidol", "green"], ["nerolidol", "green"], ["neryl butyrate", "green"], ["neryl propionate", "green"], ["oakmoss absolute", "green"], ["ocimene", "green"], ["octanal dimethyl acetal", "green"], ["papaya isobutyrate", "green"], ["phenethyl formate", "green"], ["phenyl propionaldehyde", "green"], ["phenyl propyl alcohol", "green"], ["trimethyl hexanol", "green"], ["coriander seed oil", "herbal"], ["geranium concrete", "herbal"], ["hop oil", "herbal"], ["linalyl propionate", "herbal"], ["rose oil (rosa centifolia) morocco", "herbal"], ["rosmarinus officinalis extract", "herbal"], ["phenethyl acetate", "honey"], ["phenethyl phenyl acetate", "honey"], ["phenyl acetaldehyde", "honey"], ["dimethyl benzyl carbinol", "medicinal"], ["phenethyl salicylate", "medicinal"], ["octen-3-ol", "mushroom"], ["octanol", "musty"], ["acetyl-1-methyl pyrrole", "nutty"], ["hydroxycitronellol", "powdery"], ["naphthyl ethyl ether", "powdery"], ["dodecanal (aldehyde C-12 lauric)", "soapy"], ["dodecanol", "soapy"], ["amyl cinnamyl alcohol", "spicy"], ["benzyl cinnamate", "spicy"], ["clove bud oil", "spicy"], ["methyl cinnamate", "spicy"], ["methyl isoeugenol", "spicy"], ["amyl cinnamaldehyde", "tropical"], ["malibu moment flavor", "tropical"], ["ethyl vanillin", "vanilla"], ["adoxal (Givaudan)", "waxy"], ["decanol", "waxy"], ["decen-1-ol", "waxy"], ["ethyl laurate", "waxy"], ["hexyl cinnamaldehyde", "waxy"], ["hydroxycitronellal", "waxy"], ["mimosa absolute", "waxy"], ["mimosa absolute france", "waxy"], ["mimosa absolute india", "waxy"], ["nonanol", "waxy"], ["octyl 2-furoate", "waxy"], ["octyl acetate", "waxy"], ["phenethyl hexanoate", "waxy"], ["cycloionone", "woody"], ["ionone", "woody"], ["myrtenyl acetate", "woody"], ["orris rhizome oil CO2 extract", "woody"]]}