{"name": "para-anisyl phenyl acetate", "cas": "102-17-0", "smiles": "COC1=CC=C(C=C1)COC(=O)CC2=CC=CC=C2", "notes": ["anise", "honey", "balsamic", "woody"], "blenders": [["nonanal (aldehyde C-9)", "aldehydic"], ["amber oxepin", "amber"], ["cistus ladaniferus resinoid", "amber"], ["animal carbolactone", "animal"], ["civet absolute", "animal"], ["civet absolute replacer", "animal"], ["civet resinoid", "animal"], ["costus valerolactone", "animal"], ["indole", "animal"], ["anise seed oil", "anise"], ["acetanisole", "anisic"], ["anisaldehyde", "anisic"], ["amyris wood oil", "balsamic"], ["benzoin resin", "balsamic"], ["benzoin resin replacer", "balsamic"], ["benzoin resinoid", "balsamic"], ["benzoin resinoid replacer", "balsamic"], ["benzophenone", "balsamic"], ["benzoyl acetone", "balsamic"], ["benzyl cinnamate", "balsamic"], ["benzyl salicylate", "balsamic"], ["butyl benzoate", "balsamic"], ["butyl cinnamate", "balsamic"], ["cinnamyl alcohol", "balsamic"], ["clover nitrile", "balsamic"], ["ethyl cinnamate", "balsamic"], ["fir balsam absolute", "balsamic"], ["guaiacyl phenyl acetate", "balsamic"], ["methyl (E)-cinnamate", "balsamic"], ["peru balsam replacer", "balsamic"], ["peru balsam resinoid", "balsamic"], ["peru balsam resinoid replacer", "balsamic"], ["phenoxyethyl formate", "balsamic"], ["phenyl propyl alcohol", "balsamic"], ["raspberry ketone", "berry"], ["raspberry ketone acetate", "berry"], ["raspberry ketone methyl ether", "berry"], ["ethyl maltol", "caramellic"], ["strawberry furanone", "caramellic"], ["amyl phenyl acetate", "chocolate"], ["grapefruit pentanol", "citrus"], ["orange oil italy", "citrus"], ["orange peel oil c.p. brazil", "citrus"], ["veratraldehyde", "creamy"], ["amyl cinnamaldehyde", "floral"], ["amyl salicylate", "floral"], ["azalea fragrance", "floral"], ["benzyl acetate", "floral"], ["bois de rose oil brazil", "floral"], ["citronellol", "floral"], ["citronellyl acetate", "floral"], ["coriander seed oil", "floral"], ["cyclamen aldehyde", "floral"], ["cyclohexyl ethyl alcohol", "floral"], ["decen-1-ol", "floral"], ["dihydrojasmone", "floral"], ["dimethyl alpha-ionone", "floral"], ["dimethyl anthranilate", "floral"], ["dimethyl benzyl carbinol", "floral"], ["dimethyl benzyl carbinyl acetate", "floral"], ["dimethyl benzyl carbinyl butyrate", "floral"], ["floral pyranol", "floral"], ["gardenia oxide", "floral"], ["geraniol", "floral"], ["geranyl acetate", "floral"], ["hawthorn acetate", "floral"], ["heliotropin", "floral"], ["heliotropyl acetone", "floral"], ["hexen-1-yl salicylate", "floral"], ["hexyl cinnamaldehyde", "floral"], ["ho leaf oil", "floral"], ["hyacinth ether", "floral"], ["hydroxycitronellal", "floral"], ["ionol", "floral"], ["irone", "floral"], ["irone", "floral"], ["leerall", "floral"], ["linalool", "floral"], ["linalool", "floral"], ["linalool oxide", "floral"], ["methyl dihydrojasmonate", "floral"], ["methyl ionone", "floral"], ["muguet carboxaldehyde", "floral"], ["muguet octadienol", "floral"], ["nerol", "floral"], ["nerolidol", "floral"], ["neryl acetate", "floral"], ["ocean propanal", "floral"], ["orris pyridine 25% IPM", "floral"], ["peony alcohol", "floral"], ["phenethyl acetate", "floral"], ["phenethyl alcohol", "floral"], ["phenethyl isobutyrate", "floral"], ["phenethyl propionate", "floral"], ["phenethyl salicylate", "floral"], ["phytol", "floral"], ["propyl anthranilate", "floral"], ["rhodinol", "floral"], ["rose butanoate", "floral"], ["tetrahydrolinalool", "floral"], ["violet methyl carbonate", "floral"], ["ylang ylang flower oil", "floral"], ["allyl amyl glycolate", "fruity"], ["allyl cyclohexyl propionate", "fruity"], ["artemisia pallens herb oil", "fruity"], ["benzaldehyde", "fruity"], ["benzyl propionate", "fruity"], ["damascone", "fruity"], ["dimethyl benzyl carbinyl isobutyrate", "fruity"], ["green acetate", "fruity"], ["methyl anthranilate", "fruity"], ["strawberry glycidate 1 (aldehyde C-16 (so-called))", "fruity"], ["undecalactone (aldehyde C-14 (so-called))", "fruity"], ["hexen-1-yl acetate", "green"], ["hexen-1-yl benzoate", "green"], ["melon nonenoate", "green"], ["phenyl acetaldehyde dimethyl acetal", "green"], ["phenyl propionaldehyde", "green"], ["beeswax absolute", "hay"], ["tobacco leaf absolute", "hay"], ["clary sage oil france", "herbal"], ["dimethyl cyclormol (IFF)", "herbal"], ["linalyl acetate", "herbal"], ["watermelon ketone", "melon"], ["methyl-6-cyclohexadecen-1-one", "musk"], ["musk dec-7(8)-enone", "musk"], ["musk ether", "musk"], ["musk fragrance", "musk"], ["musk specialty", "musk"], ["naphthyl ethyl ether", "naphthyl"], ["methyl ionone", "orris"], ["anisyl acetate", "powdery"], ["anisyl alcohol", "powdery"], ["methyl ionone (50-60%)", "powdery"], ["dimethoxyphenol", "smoky"], ["benzyl isoeugenol", "spicy"], ["carnation absolute", "spicy"], ["cassia bark oil china", "spicy"], ["clove bud oil", "spicy"], ["currant bud absolute", "spicy"], ["eugenyl acetate", "spicy"], ["eugenyl phenyl acetate", "spicy"], ["methyl cinnamaldehyde", "spicy"], ["methyl isoeugenol", "spicy"], ["nutmeg fragrance", "spicy"], ["nutmeg oil", "spicy"], ["nutmeg oil replacer", "spicy"], ["terpineol", "terpenic"], ["coumarin", "tonka"], ["tonka bean absolute", "tonka"], ["ethyl vanillin", "vanilla"], ["vanilla bean absolute (vanilla planifolia)", "vanilla"], ["vanilla specialty", "vanilla"], ["vanillyl acetate", "vanilla"], ["ethyl laurate", "waxy"], ["amber carbinol", "woody"], ["cedarwood oil texas fractions", "woody"], ["guaiacwood oil", "woody"], ["guaiene", "woody"], ["methyl cedryl ketone", "woody"], ["patchouli ethanone", "woody"], ["sandal pentenone", "woody"], ["sandalwood oil", "woody"], ["santall", "woody"], ["timber propanol", "woody"], ["tobacarol (IFF)", "woody"], ["trimethyl-5-oxatricyclo(6.2.2.0*4,9*)dodec-6-ene", "woody"], ["vetiver oil haiti", "woody"], ["vetiveryl acetate", "woody"], ["woody acetate", "woody"], ["woody amylene", "woody"], ["woody dioxolane", "woody"], ["woody epoxide", "woody"], ["benzoyl acetone", "No flavor group found for these"], ["cistus ladaniferus resinoid", "No flavor group found for these"], ["methyl (E)-cinnamate", "No flavor group found for these"], ["methyl ionone (50-60%)", "No flavor group found for these"], ["propyl anthranilate", "No flavor group found for these"], ["vetiveryl acetate", "No flavor group found for these"], ["hydroxyacetophenone", ""], ["nonanal (aldehyde C-9)", "aldehydic"], ["civet absolute", "animal"], ["indole", "animal"], ["anise seed oil", "anise"], ["acetanisole", "anisic"], ["benzoin resin", "balsamic"], ["benzoin resinoid", "balsamic"], ["benzyl salicylate", "balsamic"], ["butyl cinnamate", "balsamic"], ["ethyl cinnamate", "balsamic"], ["peru balsam", "balsamic"], ["peru balsam resinoid", "balsamic"], ["heliotropyl acetone", "berry"], ["raspberry ketone", "berry"], ["raspberry ketone acetate", "berry"], ["raspberry ketone methyl ether", "berry"], ["beeswax absolute", "brown"], ["caramel furanone", "caramellic"], ["ethyl maltol", "caramellic"], ["strawberry furanone", "caramellic"], ["heliotropin", "cherry"], ["linalool", "citrus"], ["linalool", "citrus"], ["nerol", "citrus"], ["orange oil italy", "citrus"], ["orange peel oil c.p. brazil", "citrus"], ["terpineol", "citrus"], ["anisaldehyde", "creamy"], ["undecalactone (aldehyde C-14 (so-called))", "creamy"], ["veratraldehyde", "creamy"], ["hexen-1-yl benzoate", "fatty"], ["acetyl-5-methyl thiophene", "floral"], ["amyl phenyl acetate", "floral"], ["bois de rose oil brazil", "floral"], ["citronellol", "floral"], ["citronellyl acetate", "floral"], ["dihydrojasmone", "floral"], ["dimethyl benzyl carbinyl acetate", "floral"], ["dimethyl benzyl carbinyl butyrate", "floral"], ["geraniol", "floral"], ["irone", "floral"], ["linalyl acetate", "floral"], ["methyl dihydrojasmonate", "floral"], ["methyl ionone", "floral"], ["neryl acetate", "floral"], ["ocean propanal", "floral"], ["phenethyl alcohol", "floral"], ["phenethyl propionate", "floral"], ["phytol", "floral"], ["rhodinol", "floral"], ["tetrahydrolinalool", "floral"], ["ylang ylang flower oil", "floral"], ["allyl cyclohexyl propionate", "fruity"], ["anisyl acetate", "fruity"], ["anisyl alcohol", "fruity"], ["artemisia pallens herb oil", "fruity"], ["benzaldehyde", "fruity"], ["benzyl acetate", "fruity"], ["benzyl propionate", "fruity"], ["butyl benzoate", "fruity"], ["damascone", "fruity"], ["dimethyl anthranilate", "fruity"], ["methyl anthranilate", "fruity"], ["rose butanoate", "fruity"], ["strawberry glycidate 1 (aldehyde C-16 (so-called))", "fruity"], ["tobacco leaf absolute", "grassy"], ["amyl salicylate", "green"], ["cinnamyl alcohol", "green"], ["cyclamen aldehyde", "green"], ["cyclohexyl ethyl alcohol", "green"], ["geranyl acetate", "green"], ["hexen-1-yl acetate", "green"], ["hexen-1-yl salicylate", "green"], ["linalool oxide", "green"], ["melon nonenoate", "green"], ["nerolidol", "green"], ["phenyl acetaldehyde dimethyl acetal", "green"], ["phenyl propionaldehyde", "green"], ["clary sage oil france", "herbal"], ["coriander seed oil", "herbal"], ["phenethyl acetate", "honey"], ["phenethyl isobutyrate", "honey"], ["dimethoxyphenol", "medicinal"], ["dimethyl benzyl carbinol", "medicinal"], ["phenethyl salicylate", "medicinal"], ["guaiacyl phenyl acetate", "phenolic"], ["naphthyl ethyl ether", "powdery"], ["benzyl cinnamate", "spicy"], ["benzyl isoeugenol", "spicy"], ["cassia bark oil china", "spicy"], ["clove bud oil", "spicy"], ["currant bud absolute", "spicy"], ["eugenyl acetate", "spicy"], ["eugenyl phenyl acetate", "spicy"], ["methyl cinnamaldehyde", "spicy"], ["methyl isoeugenol", "spicy"], ["nutmeg oil", "spicy"], ["phenyl propyl alcohol", "spicy"], ["amyl cinnamaldehyde", "tropical"], ["ethyl vanillin", "vanilla"], ["vanilla bean absolute (vanilla planifolia)", "vanilla"], ["vanillyl acetate", "vanilla"], ["decen-1-ol", "waxy"], ["ethyl laurate", "waxy"], ["hexyl cinnamaldehyde", "waxy"], ["hydroxycitronellal", "waxy"], ["amyris wood oil", "woody"], ["guaiacwood oil", "woody"], ["guaiene", "woody"], ["ionol", "woody"], ["irone", "woody"], ["methyl cedryl ketone", "woody"], ["sandalwood oil", "woody"], ["vetiver oil haiti", "woody"]]}