{"name": "benzyl isovalerate", "cas": "103-38-8", "smiles": "CC(C)CC(=O)OCC1=CC=CC=C1", "notes": ["sweet", "fruity", "apple", "pineapple", "herbal", "sweet", "fruity", "powdery", "musty"], "blenders": [["cyclohexyl acetic acid", "acidic"], ["methyl (E)-2-octenoate", "animal"], ["amyl furoate", "anisic"], ["benzyl benzoate", "balsamic"], ["benzyl cinnamate", "balsamic"], ["bornyl acetate", "balsamic"], ["bornyl acetate", "balsamic"], ["butyl benzoate", "balsamic"], ["butyl cinnamate", "balsamic"], ["hexyl cinnamate", "balsamic"], ["methyl cinnamate", "balsamic"], ["nopol", "balsamic"], ["octyl benzoate", "balsamic"], ["phenyl propyl alcohol", "balsamic"], ["phenyl salicylate", "balsamic"], ["pinane", "balsamic"], ["terpinyl butyrate", "balsamic"], ["diethyl malate", "caramellic"], ["maltyl isobutyrate", "caramellic"], ["propyl propionate", "chemical"], ["osthol", "dry"], ["octyl phenyl acetate", "earthy"], ["trimethyl-3,7-nonadien-2-ol", "earthy"], ["valeraldehyde propylene glycol acetal", "ethereal"], ["allyl octanoate", "fatty"], ["decen-2-one", "fatty"], ["methyl 2-hexenoate", "fatty"], ["hexanal diethyl acetal", "fermented"], ["amyl cinnamaldehyde", "floral"], ["amyl cinnamyl acetate", "floral"], ["benzyl acetate", "floral"], ["benzyl acetone", "floral"], ["benzyl alcohol", "floral"], ["bois de rose oil brazil", "floral"], ["cyclamen aldehyde", "floral"], ["damascone", "floral"], ["damascone", "floral"], ["damascone", "floral"], ["dihydrolinalool", "floral"], ["dimethyl-3-octanol", "floral"], ["ethyl linalool", "floral"], ["ethyl linalyl acetal", "floral"], ["ethyl linalyl acetate", "floral"], ["ethyl linalyl ether", "floral"], ["geranyl tiglate", "floral"], ["linalool", "floral"], ["linalool", "floral"], ["linalool", "floral"], ["linalool oxide", "floral"], ["linalyl anthranilate", "floral"], ["menthadienyl formate", "floral"], ["methyl benzyl acetate (mixed ortho-,meta-,para-)", "floral"], ["methyl citronellate", "floral"], ["octyl isovalerate", "floral"], ["orangeflower water absolute", "floral"], ["phenethyl acetate", "floral"], ["tetrahydrolinalool", "floral"], ["acetaldehyde hexyl isoamyl acetal", "fruity"], ["acetoin acetate", "fruity"], ["allyl 10-undecenoate", "fruity"], ["allyl 3,5,5-trimethyl hexanoate", "fruity"], ["allyl cinnamate", "fruity"], ["allyl cyclohexyl acetate", "fruity"], ["allyl cyclohexyl butyrate", "fruity"], ["allyl cyclohexyl propionate", "fruity"], ["allyl heptanoate", "fruity"], ["allyl hexanoate", "fruity"], ["allyl isovalerate", "fruity"], ["allyl sorbate", "fruity"], ["amyl 2-methyl butyrate", "fruity"], ["amyl hexanoate", "fruity"], ["amyl hexanoate", "fruity"], ["amyl isobutyrate", "fruity"], ["amyl isovalerate", "fruity"], ["amyl propionate", "fruity"], ["amyl valerate", "fruity"], ["apple ketal", "fruity"], ["benzyl ethyl ether", "fruity"], ["benzyl propionate", "fruity"], ["butyl 2-butenoate", "fruity"], ["butyl butyrate", "fruity"], ["butyl butyrate", "fruity"], ["butyl hexanoate", "fruity"], ["butyl isobutyrate", "fruity"], ["butyl isovalerate", "fruity"], ["butyl isovalerate", "fruity"], ["butyl valerate", "fruity"], ["cinnamyl isobutyrate", "fruity"], ["cyclohexyl butyrate", "fruity"], ["cyclohexyl hexanoate", "fruity"], ["cyclohexyl isovalerate", "fruity"], ["damascone", "fruity"], ["eriocephalus punctulatus flower oil", "fruity"], ["ethyl (Z)-4-octenoate", "fruity"], ["ethyl 3-(2-furyl) propanoate", "fruity"], ["ethyl 3-hexenoate", "fruity"], ["ethyl 3-methyl valerate", "fruity"], ["ethyl butyrate", "fruity"], ["ethyl cyclohexane propionate", "fruity"], ["ethyl heptanoate", "fruity"], ["ethyl hexanoate", "fruity"], ["ethyl isovalerate", "fruity"], ["ethyl valerate", "fruity"], ["fruity ketal", "fruity"], ["geranyl 2-methyl butyrate", "fruity"], ["geranyl isovalerate", "fruity"], ["heptyl isobutyrate", "fruity"], ["hexen-1-yl isobutyrate", "fruity"], ["hexyl formate", "fruity"], ["hexyl isovalerate", "fruity"], ["menth-1-ene-9-ol", "fruity"], ["methyl (Z)-4-octenoate", "fruity"], ["methyl 2-methyl valerate", "fruity"], ["methyl butyl butyrate", "fruity"], ["methyl butyrate", "fruity"], ["methyl hexanoate", "fruity"], ["methyl isobutyrate", "fruity"], ["methyl isovalerate", "fruity"], ["methyl valerate", "fruity"], ["nonyl isovalerate", "fruity"], ["phenyl propyl isobutyrate", "fruity"], ["pineapple hydroxyhexanoate", "fruity"], ["propyl 2-methyl butyrate", "fruity"], ["propyl heptanoate", "fruity"], ["propyl hexanoate", "fruity"], ["propyl isobutyrate", "fruity"], ["propyl isobutyrate", "fruity"], ["propyl isovalerate", "fruity"], ["propyl isovalerate", "fruity"], ["tetramethyl-2,5-octadien-4-one", "fruity"], ["hydroxymethyl hexyl ethyl ketone", "fungal"], ["butyl heptanoate", "green"], ["ethyl (E,Z)-2,4-decadienoate", "green"], ["ethyl (E)-4-decenoate", "green"], ["galbanum oxyacetate", "green"], ["green note propionate", "green"], ["heptanal dimethyl acetal", "green"], ["hexen-1-yl acetate", "green"], ["hexen-1-yl butyrate", "green"], ["hexen-1-yl propionate", "green"], ["hexen-1-yl valerate", "green"], ["hexen-1-yl valerate", "green"], ["hexenal", "green"], ["hexenal diethyl acetal", "green"], ["hexenal propylene glycol acetal", "green"], ["hexenyl 2-methyl butyrate", "green"], ["hexyl 2-methyl butyrate", "green"], ["hexyl butyrate", "green"], ["hexyl isobutyrate", "green"], ["marigold pot absolute", "green"], ["methyl (E)-3-hexenoate", "green"], ["octyl formate", "green"], ["pentenal", "green"], ["propyl tiglate", "green"], ["amyl heptanoate", "herbal"], ["buchu mercaptan acetate", "herbal"], ["butyl levulinate", "herbal"], ["chamomile valerate", "herbal"], ["cuminyl acetate", "herbal"], ["herbal specialty", "herbal"], ["linalyl octanoate", "herbal"], ["menthen-9-yl acetate", "herbal"], ["octanon-1-ol", "herbal"], ["tricyclodecenyl propionate", "herbal"], ["viridiflorol", "herbal"], ["trimethyl pyrazine", "nutty"], ["orris capronate", "orris"], ["pine oil 85", "pine"], ["cinnamyl propionate", "spicy"], ["propyl 2-furan acrylate", "spicy"], ["buchu mercaptan", "sulfurous"], ["cassis pentanone", "sulfurous"], ["passiflora acetate", "sulfurous"], ["limonene", "terpenic"], ["honey absolute", "tobacco"], ["tropical 3-thiobutyrate", "tropical"], ["ethyl decanoate", "waxy"], ["marine formate", "woody"], ["pine needle oil", "woody"], ["tetrahydromugol", "woody"], ["acetaldehyde hexyl isoamyl acetal", "No flavor group found for these"], ["allyl 10-undecenoate", "No flavor group found for these"], ["allyl 3,5,5-trimethyl hexanoate", "No flavor group found for these"], ["allyl cinnamate", "No flavor group found for these"], ["allyl cyclohexyl butyrate", "No flavor group found for these"], ["allyl sorbate", "No flavor group found for these"], ["amyl 2-methyl butyrate", "No flavor group found for these"], ["amyl 3-methyl thiopropionate", "No flavor group found for these"], ["amyl furoate", "No flavor group found for these"], ["amyl isobutyrate", "No flavor group found for these"], ["amyl isovalerate", "No flavor group found for these"], ["amyl propionate", "No flavor group found for these"], ["benzyl ethyl ether", "No flavor group found for these"], ["cuminyl acetate", "No flavor group found for these"], ["cyclohexyl butyrate", "No flavor group found for these"], ["cyclohexyl hexanoate", "No flavor group found for these"], ["damascone", "No flavor group found for these"], ["diethyl malate", "No flavor group found for these"], ["ethyl 3-methyl valerate", "No flavor group found for these"], ["ethyl cyclohexane propionate", "No flavor group found for these"], ["ethyl linalyl ether", "No flavor group found for these"], ["geranyl 2-methyl butyrate", "No flavor group found for these"], ["heptyl 2-methyl butyrate", "No flavor group found for these"], ["hexanal diethyl acetal", "No flavor group found for these"], ["hexenal", "No flavor group found for these"], ["hexenal diethyl acetal", "No flavor group found for these"], ["hexenal dimethyl acetal", "No flavor group found for these"], ["hexenal propylene glycol acetal", "No flavor group found for these"], ["hexyl acetate", "No flavor group found for these"], ["hydroxymethyl hexyl ethyl ketone", "No flavor group found for these"], ["linalool", "No flavor group found for these"], ["methyl (Z)-4-octenoate", "No flavor group found for these"], ["methyl 2-hexenoate", "No flavor group found for these"], ["methyl benzyl acetate (mixed ortho-,meta-,para-)", "No flavor group found for these"], ["nonyl isovalerate", "No flavor group found for these"], ["nopol", "No flavor group found for these"], ["octanon-1-ol", "No flavor group found for these"], ["octyl isovalerate", "No flavor group found for these"], ["octyl phenyl acetate", "No flavor group found for these"], ["propyl 2-methyl butyrate", "No flavor group found for these"], ["propyl hexanoate", "No flavor group found for these"], ["propyl isobutyrate", "No flavor group found for these"], ["propyl isovalerate", "No flavor group found for these"], ["propyl isovalerate", "No flavor group found for these"], ["propyl tiglate", "No flavor group found for these"], ["sorbyl propionate", "No flavor group found for these"], ["trimethyl-3,7-nonadien-2-ol", "No flavor group found for these"], ["viridiflorol", "No flavor group found for these"], ["hexenoic acid", "acidic"], ["benzyl benzoate", "balsamic"], ["bornyl acetate", "balsamic"], ["butyl cinnamate", "balsamic"], ["heptyl isobutyrate", "berry"], ["bornyl acetate", "camphoreous"], ["linalool", "citrus"], ["linalool", "citrus"], ["amyl cinnamyl acetate", "earthy"], ["methyl isobutyrate", "ethereal"], ["allyl octanoate", "fatty"], ["ethyl (E)-4-decenoate", "fatty"], ["bois de rose oil brazil", "floral"], ["cinnamyl propionate", "floral"], ["dihydrolinalool", "floral"], ["geranyl tiglate", "floral"], ["linalyl anthranilate", "floral"], ["methyl citronellate", "floral"], ["orangeflower water absolute", "floral"], ["terpinyl butyrate", "floral"], ["tetrahydrolinalool", "floral"], ["acetoin acetate", "fruity"], ["allyl cyclohexyl acetate", "fruity"], ["allyl cyclohexyl propionate", "fruity"], ["allyl heptanoate", "fruity"], ["allyl hexanoate", "fruity"], ["allyl isovalerate", "fruity"], ["amyl hexanoate", "fruity"], ["amyl hexanoate", "fruity"], ["amyl valerate", "fruity"], ["apple ketal", "fruity"], ["benzyl acetate", "fruity"], ["benzyl acetone", "fruity"], ["benzyl alcohol", "fruity"], ["benzyl propionate", "fruity"], ["buchu mercaptan acetate", "fruity"], ["butyl benzoate", "fruity"], ["butyl butyrate", "fruity"], ["butyl butyrate", "fruity"], ["butyl heptanoate", "fruity"], ["butyl hexanoate", "fruity"], ["butyl isobutyrate", "fruity"], ["butyl isovalerate", "fruity"], ["butyl valerate", "fruity"], ["cinnamyl isobutyrate", "fruity"], ["cyclohexyl isovalerate", "fruity"], ["damascone", "fruity"], ["damascone", "fruity"], ["ethyl (Z)-4-octenoate", "fruity"], ["ethyl 3-(2-furyl) propanoate", "fruity"], ["ethyl 3-hexenoate", "fruity"], ["ethyl butyrate", "fruity"], ["ethyl heptanoate", "fruity"], ["ethyl hexanoate", "fruity"], ["ethyl isovalerate", "fruity"], ["ethyl valerate", "fruity"], ["fruity ketal", "fruity"], ["furfuryl valerate", "fruity"], ["hexen-1-yl isobutyrate", "fruity"], ["linalyl octanoate", "fruity"], ["menthen-9-yl acetate", "fruity"], ["methyl (E)-2-octenoate", "fruity"], ["methyl 2-methyl valerate", "fruity"], ["methyl butyl butyrate", "fruity"], ["methyl hexanoate", "fruity"], ["methyl isovalerate", "fruity"], ["methyl valerate", "fruity"], ["phenyl propyl isobutyrate", "fruity"], ["pineapple hydroxyhexanoate", "fruity"], ["propyl 2-furan acrylate", "fruity"], ["propyl isobutyrate", "fruity"], ["valeraldehyde propylene glycol acetal", "fruity"], ["methyl butyrate", "fusel"], ["butyl 2-butenoate", "green"], ["butyl isovalerate", "green"], ["cassis pentanone", "green"], ["cyclamen aldehyde", "green"], ["decen-2-one", "green"], ["ethyl (E,Z)-2,4-decadienoate", "green"], ["geranyl isovalerate", "green"], ["green note propionate", "green"], ["heptanal dimethyl acetal", "green"], ["hexen-1-yl acetate", "green"], ["hexen-1-yl butyrate", "green"], ["hexen-1-yl propionate", "green"], ["hexen-1-yl valerate", "green"], ["hexen-1-yl valerate", "green"], ["hexenal", "green"], ["hexenyl 2-methyl butyrate", "green"], ["hexyl 2-methyl butyrate", "green"], ["hexyl butyrate", "green"], ["hexyl formate", "green"], ["hexyl isobutyrate", "green"], ["hexyl isovalerate", "green"], ["linalool oxide", "green"], ["marigold pot absolute", "green"], ["methyl (E)-3-hexenoate", "green"], ["pentenal", "green"], ["amyl heptanoate", "herbal"], ["butyl levulinate", "herbal"], ["dimethyl-3-octanol", "herbal"], ["menth-1-ene-9-ol", "herbal"], ["honey absolute", "honey"], ["phenethyl acetate", "honey"], ["maltyl isobutyrate", "jammy"], ["trimethyl pyrazine", "musty"], ["orris capronate", "orris"], ["benzyl cinnamate", "spicy"], ["methyl cinnamate", "spicy"], ["phenyl propyl alcohol", "spicy"], ["buchu mercaptan", "sulfurous"], ["methyl 2-(methyl thio) butyrate", "sulfurous"], ["methyl 4-(methyl thio) butyrate", "sulfurous"], ["methyl thiomethyl butyrate", "sulfurous"], ["tropical 3-thiobutyrate", "sulfurous"], ["cyclohexyl acetic acid", "sweet"], ["limonene", "terpenic"], ["amyl cinnamaldehyde", "tropical"], ["passiflora acetate", "tropical"], ["propyl propionate", "tropical"], ["ethyl decanoate", "waxy"], ["octyl formate", "waxy"], ["propyl heptanoate", "waxy"]]}