{"name": "acetaldehyde dipropyl acetal", "cas": "105-82-8", "smiles": "CCCOC(C)OCCC", "notes": ["fresh", "green", "chrysanthemum", "leafy", "herbal"], "blenders": [["tea leaf oil", "No odor group found for these"], ["butyl quinoline", "animal"], ["cinnamyl formate", "balsamic"], ["propyl cinnamate", "balsamic"], ["tetrahydrofurfuryl cinnamate", "balsamic"], ["hinoki leaf oil", "camphoreous"], ["neroli ketone", "citrus"], ["petitgrain combava oil", "citrus"], ["tetradecenal", "citrus"], ["methyl butyl phenyl acetate", "dairy"], ["ethyl 4-pentenoate", "ethereal"], ["octenal", "fatty"], ["allyl anthranilate", "floral"], ["anisyl propanal / methyl anthranilate schiff's base", "floral"], ["cinnamyl phenyl acetate", "floral"], ["citronellyl tiglate", "floral"], ["dihydrorose oxide", "floral"], ["dimethyl benzyl carbinol", "floral"], ["dimethyl benzyl carbinyl butyrate", "floral"], ["dimethyl cyclohexyl methyl acetate", "floral"], ["dimethyl-3-cyclohexene-1-methanol", "floral"], ["gardenia acetal", "floral"], ["geranium oil africa", "floral"], ["geranium oil egypt", "floral"], ["geranium pyran", "floral"], ["geranium specialty", "floral"], ["hyacinth fragrance", "floral"], ["hyacinth specialty", "floral"], ["neryl formate", "floral"], ["ocean propanal / methyl anthranilate schiff's base", "floral"], ["pentyl cyclopentanone", "floral"], ["phenethyl formate", "floral"], ["phenyl acetaldehyde diisobutyl acetal", "floral"], ["phenyl-2-pentenal", "floral"], ["phytol", "floral"], ["propyl anthranilate", "floral"], ["propyl phenyl acetate", "floral"], ["reseda absolute", "floral"], ["rose absolute (rosa damascena) bulgaria", "floral"], ["rose oxide", "floral"], ["rose pyran", "floral"], ["hexen-1-ol", "fruity"], ["hexen-1-ol", "fruity"], ["prenyl isobutyrate", "fruity"], ["tropical indene", "fruity"], ["acetaldehyde butyl phenethyl acetal", "green"], ["acetaldehyde di-(Z)-3-hexen-1-yl acetal", "green"], ["acetaldehyde ethyl phenethyl acetal", "green"], ["acetaldehyde methyl hexyl acetal", "green"], ["aloe vera fragrance", "green"], ["birch leaf specialty", "green"], ["bromstyrol", "green"], ["butyl heptanoate", "green"], ["butyl methyl ketone", "green"], ["butyl thiazole", "green"], ["butyl thiazole", "green"], ["chrysanthemum carbaldehyde", "green"], ["chrysanthemum oxide", "green"], ["cumin acetaldehyde", "green"], ["cyclocitral", "green"], ["cyclocitral (IFF)", "green"], ["diphenyl oxide", "green"], ["fern fragrance", "green"], ["galbanum oil terpeneless", "green"], ["galbanum oleoresin", "green"], ["geranium absolute", "green"], ["green dioxolane", "green"], ["green ether", "green"], ["heptanal (aldehyde C-7)", "green"], ["heptanol", "green"], ["heptyl cinnamate", "green"], ["hexen-1-ol", "green"], ["hexen-1-ol", "green"], ["hexen-1-ol", "green"], ["hexen-1-yl (E)-crotonate", "green"], ["hexen-1-yl acetate", "green"], ["hexen-1-yl benzoate", "green"], ["hexen-1-yl lactate", "green"], ["hexen-1-yl methyl carbonate", "green"], ["hexen-1-yl octanoate", "green"], ["hexen-1-yl tiglate", "green"], ["hexenal", "green"], ["hexenal", "green"], ["hexenyl 2-methyl butyrate", "green"], ["hexoxyacetaldehyde dimethyl acetal", "green"], ["hexyl heptanoate", "green"], ["hexyl hexanoate", "green"], ["ivy carbaldehyde", "green"], ["ivy carbaldehyde", "green"], ["ivy carbaldehyde", "green"], ["ivy carbaldehyde", "green"], ["ivy carbaldehyde / methyl anthranilate schiff's base", "green"], ["ivy dioxolane", "green"], ["ivy leaf absolute", "green"], ["lawsonia inermis leaf oil CO2 extract", "green"], ["leaf acetal", "green"], ["leafy acetal", "green"], ["leafy oxime", "green"], ["methyl heptine carbonate", "green"], ["narcissus flower absolute", "green"], ["nerol oxide", "green"], ["nonadien-1-yl acetate", "green"], ["octanal dimethyl acetal", "green"], ["octen-1-yl propionate", "green"], ["phenethyl acetal", "green"], ["phenethyl tiglate", "green"], ["phenoxyacetaldehyde 50% in benzyl alcohol", "green"], ["phenyl propionaldehyde", "green"], ["propyl phenyl propionaldehyde", "green"], ["propyl quinoline", "green"], ["rosa damascena leaf absolute", "green"], ["rosacyanthin", "green"], ["rose leaf absolute (rosa centifolia)", "green"], ["seaweed absolute (fucus vesiculosus et serratus)", "green"], ["styralyl acetate", "green"], ["triplal / ethyl anthranilate schiff's base", "green"], ["violet leaf absolute egypt", "green"], ["violet leaf oil (viola odorata)", "green"], ["tobacco absolute replacer", "hay"], ["tobacco leaf absolute", "hay"], ["acetoxydihydrotheaspirane", "herbal"], ["amyl cinnamyl formate", "herbal"], ["anethum graveolens herb oil", "herbal"], ["anthemis nobilis flower oil roman", "herbal"], ["basil absolute", "herbal"], ["campholenic aldehyde", "herbal"], ["chrysanthemum fragrance", "herbal"], ["chrysanthemum indicum absolute", "herbal"], ["chrysanthemum ketone", "herbal"], ["chrysanthemum specialty", "herbal"], ["clary acetate", "herbal"], ["dihexyl (E)-fumarate", "herbal"], ["dill weed oil cuba", "herbal"], ["dill weed oil reunion", "herbal"], ["dimethyl benzyl carbinyl formate", "herbal"], ["ethyl chrysanthemate", "herbal"], ["herbal cyclohexane", "herbal"], ["herbal dioxane", "herbal"], ["herbal heptane", "herbal"], ["hop absolute", "herbal"], ["hop oil", "herbal"], ["linalyl formate", "herbal"], ["linalyl octanoate", "herbal"], ["lovage tincture", "herbal"], ["melaleuca leucadendron var. cajuputi leaf oil", "herbal"], ["methyl-3-hepten-2-one", "herbal"], ["nonisyl formate", "herbal"], ["octen-3-yl acetate", "herbal"], ["perillaldehyde", "herbal"], ["rosemary oleoresin", "herbal"], ["rosmarinus officinalis extract", "herbal"], ["tagete oil CO2 extract", "herbal"], ["tagete oil south africa", "herbal"], ["tagette carboxylate", "herbal"], ["theaspirane", "herbal"], ["tricyclodecyl acetate", "herbal"], ["viridiflorol", "herbal"], ["yerba mate absolute", "herbal"], ["autumn fragrance", "leafy"], ["curry leaf absolute", "leafy"], ["peppermint absolute", "minty"], ["pulegol", "minty"], ["pulegyl formate", "minty"], ["plectranthus glandulosus hook f. leaf oil cameroon", "pine"], ["butyl angelate", "spicy"], ["cubenol", "spicy"], ["cuminaldehyde", "spicy"], ["cyclogeraniol (IFF)", "spicy"], ["methyl thio) hexanol", "sulfurous"], ["camellia oleifera leaf extract", "tea"], ["galbanum oxathiane", "tropical"], ["allyl nonanoate", "waxy"], ["diethyl dimethyl-2-cyclohexenone", "woody"], ["verdoxan", "woody"], ["acetaldehyde di-(Z)-3-hexen-1-yl acetal", "No flavor group found for these"], ["acetoxydihydrotheaspirane", "No flavor group found for these"], ["acetyl-4-isopropyl pyridine", "No flavor group found for these"], ["allyl anthranilate", "No flavor group found for these"], ["amyl cinnamyl formate", "No flavor group found for these"], ["butyl heptanoate", "No flavor group found for these"], ["butyl thiazole", "No flavor group found for these"], ["butyl thiazole", "No flavor group found for these"], ["cinnamyl phenyl acetate", "No flavor group found for these"], ["dimethyl benzyl carbinyl formate", "No flavor group found for these"], ["ethyl 4-pentenoate", "No flavor group found for these"], ["fig leaf absolute", "No flavor group found for these"], ["heptyl cinnamate", "No flavor group found for these"], ["hexadien-1-ol", "No flavor group found for these"], ["hexen-1-ol", "No flavor group found for these"], ["hexen-1-yl (E)-crotonate", "No flavor group found for these"], ["hexenal", "No flavor group found for these"], ["hexenal", "No flavor group found for these"], ["hexyl heptanoate", "No flavor group found for these"], ["ivy carbaldehyde", "No flavor group found for these"], ["ivy carbaldehyde", "No flavor group found for these"], ["melaleuca leucadendron var. cajuputi leaf oil", "No flavor group found for these"], ["methyl-3-heptanone", "No flavor group found for these"], ["methyl-3-hepten-2-one", "No flavor group found for these"], ["methyl-3-pentanol", "No flavor group found for these"], ["octadien-3-ol", "No flavor group found for these"], ["prenyl isobutyrate", "No flavor group found for these"], ["propyl anthranilate", "No flavor group found for these"], ["propyl thiazole", "No flavor group found for these"], ["pulegyl formate", "No flavor group found for these"], ["seaweed absolute (fucus vesiculosus et serratus)", "No flavor group found for these"], ["tetrahydrofurfuryl cinnamate", "No flavor group found for these"], ["viridiflorol", "No flavor group found for these"], ["leafy acetal", "aromatic"], ["theaspirane", "cooling"], ["methyl butyl phenyl acetate", "dairy"], ["chrysanthemum distillates", "earthy"], ["hexen-1-yl benzoate", "fatty"], ["octenal", "fatty"], ["dimethyl benzyl carbinyl butyrate", "floral"], ["geranium oil africa", "floral"], ["geranium oil egypt", "floral"], ["rose absolute (rosa damascena) bulgaria", "floral"], ["rose oxide", "floral"], ["hexen-1-ol", "fruity"], ["hexyl hexanoate", "fruity"], ["linalyl octanoate", "fruity"], ["neryl formate", "fruity"], ["propyl cinnamate", "fruity"], ["styralyl acetate", "fruity"], ["tagete oil CO2 extract", "fruity"], ["tagete oil south africa", "fruity"], ["tobacco leaf absolute", "grassy"], ["acetaldehyde butyl phenethyl acetal", "green"], ["acetaldehyde ethyl phenethyl acetal", "green"], ["butyl angelate", "green"], ["butyl methyl ketone", "green"], ["butyl thiazole", "green"], ["campholenic aldehyde", "green"], ["chrysanthemum oxide", "green"], ["citronellyl tiglate", "green"], ["cumin acetaldehyde", "green"], ["cyclocitral (IFF)", "green"], ["diphenyl oxide", "green"], ["ethyl-5-methyl thiophene", "green"], ["galbanum oil terpeneless", "green"], ["galbanum oleoresin", "green"], ["galbanum oxathiane", "green"], ["geranium absolute", "green"], ["green ether", "green"], ["green flavor", "green"], ["heptanal (aldehyde C-7)", "green"], ["hexen-1-ol", "green"], ["hexen-1-ol", "green"], ["hexen-1-ol", "green"], ["hexen-1-yl acetate", "green"], ["hexen-1-yl lactate", "green"], ["hexen-1-yl methyl carbonate", "green"], ["hexen-1-yl octanoate", "green"], ["hexen-1-yl tiglate", "green"], ["hexenal", "green"], ["hexenal", "green"], ["hexenyl 2-methyl butyrate", "green"], ["ivy carbaldehyde", "green"], ["ivy carbaldehyde", "green"], ["leaf acetal", "green"], ["methyl heptine carbonate", "green"], ["nerol oxide", "green"], ["nonadien-1-yl acetate", "green"], ["octanal dimethyl acetal", "green"], ["octen-1-yl propionate", "green"], ["octen-3-yl acetate", "green"], ["phenethyl formate", "green"], ["phenethyl tiglate", "green"], ["phenyl acetaldehyde diisobutyl acetal", "green"], ["phenyl propionaldehyde", "green"], ["phenyl-2-pentenal", "green"], ["rose leaf absolute (rosa centifolia)", "green"], ["violet leaf absolute egypt", "green"], ["violet leaf oil (viola odorata)", "green"], ["anethum graveolens herb oil", "herbal"], ["anthemis nobilis flower oil roman", "herbal"], ["basil absolute", "herbal"], ["celery seed oleoresin", "herbal"], ["chrysanthemum flavor", "herbal"], ["curry flavor", "herbal"], ["curry leaf absolute", "herbal"], ["dill weed oil cuba", "herbal"], ["dill weed oil reunion", "herbal"], ["hop absolute", "herbal"], ["hop oil", "herbal"], ["linalyl formate", "herbal"], ["lovage tincture", "herbal"], ["rosemary oleoresin", "herbal"], ["rosmarinus officinalis extract", "herbal"], ["yerba mate absolute", "herbal"], ["propyl phenyl acetate", "honey"], ["dimethyl benzyl carbinol", "medicinal"], ["methyl thio) hexanol", "metallic"], ["peppermint absolute", "minty"], ["pulegol", "minty"], ["phytol", "oily"], ["heptanol", "solvent"], ["cinnamyl formate", "spicy"], ["cubenol", "spicy"], ["cuminaldehyde", "spicy"], ["perillaldehyde", "spicy"], ["camellia oleifera leaf extract", "tea"], ["allyl nonanoate", "waxy"], ["tetradecenal", "waxy"]]}