{"name": "isobutyl hexanoate", "cas": "105-79-3", "smiles": "CCCCCC(=O)OCC(C)C", "notes": ["fruity", "pineapple", "green", "apple skin", "apple green apple", "sour", "tropical", "peach", "earthy", "sweet", "estery", "fruity", "pineapple", "apple green apple", "peach", "tropical"], "blenders": [["ethyl butyric acid", "acidic"], ["valeraldehyde", "aldehydic"], ["methyl (E)-2-octenoate", "animal"], ["amyl benzoate", "balsamic"], ["maltyl isobutyrate", "caramellic"], ["heptanoic acid", "cheesy"], ["propyl propionate", "chemical"], ["grapefruit mercaptan", "citrus"], ["decalactone", "coconut"], ["octalactone", "coconut"], ["undecalactone", "coconut"], ["creamy lactone", "creamy"], ["octyl phenyl acetate", "earthy"], ["allyl propionate", "ethereal"], ["propyl formate", "ethereal"], ["propyl valerate", "ethereal"], ["allyl decanoate", "fatty"], ["methyl 2-hexenoate", "fatty"], ["benzyl isobutyrate", "floral"], ["citronellyl acetate", "floral"], ["citronellyl formate", "floral"], ["coranol (Firmenich)", "floral"], ["cyclamen aldehyde", "floral"], ["dihydrolinalool", "floral"], ["dimethyl-3-octanol", "floral"], ["ethyl linalool", "floral"], ["ethyl linalyl acetal", "floral"], ["ethyl linalyl acetate", "floral"], ["ethyl linalyl ether", "floral"], ["geranyl isobutyrate", "floral"], ["geranyl propionate", "floral"], ["geranyl valerate", "floral"], ["jasmin lactone (IFF)", "floral"], ["jasmin pyranone", "floral"], ["linalool", "floral"], ["linalool", "floral"], ["linalool", "floral"], ["linalool oxide", "floral"], ["linalyl anthranilate", "floral"], ["ocimene", "floral"], ["ocimene", "floral"], ["octyl isovalerate", "floral"], ["phenethyl acetate", "floral"], ["phenethyl butyrate", "floral"], ["phenethyl isobutyrate", "floral"], ["phenethyl isovalerate", "floral"], ["rose butanoate", "floral"], ["tetrahydrolinalool", "floral"], ["acetoin acetate", "fruity"], ["allyl 10-undecenoate", "fruity"], ["allyl 2-ethyl butyrate", "fruity"], ["allyl 3,5,5-trimethyl hexanoate", "fruity"], ["allyl butyrate", "fruity"], ["allyl cinnamate", "fruity"], ["allyl cyclohexyl acetate", "fruity"], ["allyl cyclohexyl butyrate", "fruity"], ["allyl cyclohexyl propionate", "fruity"], ["allyl heptanoate", "fruity"], ["allyl hexanoate", "fruity"], ["allyl isovalerate", "fruity"], ["allyl sorbate", "fruity"], ["amyl butyrate", "fruity"], ["amyl hexanoate", "fruity"], ["amyl hexanoate", "fruity"], ["amyl isovalerate", "fruity"], ["amyl octanoate", "fruity"], ["amyl propionate", "fruity"], ["amyl propionate", "fruity"], ["anisyl propionate", "fruity"], ["benzyl ethyl ether", "fruity"], ["benzyl isovalerate", "fruity"], ["berry hexanoate", "fruity"], ["berry pentadienoate", "fruity"], ["butyl 2-butenoate", "fruity"], ["butyl 2-decenoate", "fruity"], ["butyl butyrate", "fruity"], ["butyl butyrate", "fruity"], ["butyl isobutyrate", "fruity"], ["butyl isovalerate", "fruity"], ["butyl valerate", "fruity"], ["cinnamyl isobutyrate", "fruity"], ["cyclohexyl butyrate", "fruity"], ["cyclohexyl carboxylic acid", "fruity"], ["cyclohexyl cinnamate", "fruity"], ["cyclohexyl hexanoate", "fruity"], ["decalactone", "fruity"], ["decen-1-yl cyclopentanone", "fruity"], ["diethyl malonate", "fruity"], ["dimethyl benzyl isobutyrate", "fruity"], ["dodecalactone", "fruity"], ["dodecalactone", "fruity"], ["eriocephalus punctulatus flower oil", "fruity"], ["ethyl (Z)-4-octenoate", "fruity"], ["ethyl 2-methyl butyrate", "fruity"], ["ethyl 2-octenoate", "fruity"], ["ethyl 3-(2-furyl) propanoate", "fruity"], ["ethyl 3-hexenoate", "fruity"], ["ethyl 3-methyl valerate", "fruity"], ["ethyl 3,5,5-trimethyl hexanoate", "fruity"], ["ethyl 5-hydroxyoctanoate", "fruity"], ["ethyl acetoacetate", "fruity"], ["ethyl butyrate", "fruity"], ["ethyl cyclohexane propionate", "fruity"], ["ethyl heptanoate", "fruity"], ["ethyl hexanoate", "fruity"], ["ethyl isovalerate", "fruity"], ["ethyl sorbate", "fruity"], ["ethyl valerate", "fruity"], ["ethyl-2-cyclopentenyl acetate", "fruity"], ["fleuramone (IFF)", "fruity"], ["fruity butanate", "fruity"], ["fruity cyclopentanone", "fruity"], ["green acetate", "fruity"], ["heptyl isobutyrate", "fruity"], ["hexyl (E)-tiglate", "fruity"], ["hexyl acetate", "fruity"], ["mercaptohexyl acetate", "fruity"], ["methyl (Z)-4-octenoate", "fruity"], ["methyl 2-methyl butyrate", "fruity"], ["methyl 2-methyl valerate", "fruity"], ["methyl butyl 2-methyl butyrate", "fruity"], ["methyl butyl acetate", "fruity"], ["methyl hexanoate", "fruity"], ["methyl isobutyrate", "fruity"], ["methyl isovalerate", "fruity"], ["methyl nonanoate", "fruity"], ["octen-1-yl cyclopentanone", "fruity"], ["peach cyclopentanone", "fruity"], ["peach nitrile", "fruity"], ["peach pivalate", "fruity"], ["pineapple hydroxyhexanoate", "fruity"], ["plum crotonate", "fruity"], ["propyl 2-methyl butyrate", "fruity"], ["propyl 2-methyl butyrate", "fruity"], ["propyl butyrate", "fruity"], ["propyl heptanoate", "fruity"], ["propyl hexanoate", "fruity"], ["propyl hexanoate", "fruity"], ["propyl isobutyrate", "fruity"], ["propyl isobutyrate", "fruity"], ["propyl isovalerate", "fruity"], ["tetrahydrofurfuryl butyrate", "fruity"], ["tropical indene", "fruity"], ["tropical ionone", "fruity"], ["tropical thiazole", "fruity"], ["tropical trithiane", "fruity"], ["undecalactone (aldehyde C-14 (so-called))", "fruity"], ["cognac heptanone", "green"], ["ethyl (E,Z)-2,4-decadienoate", "green"], ["ethyl (E)-2-decenoate", "green"], ["ethyl (E)-4-decenoate", "green"], ["galbanum oxyacetate", "green"], ["galbascone (IFF)", "green"], ["heptanal dimethyl acetal", "green"], ["hexen-1-yl 2-methyl butyrate", "green"], ["hexen-1-yl butyrate", "green"], ["hexen-1-yl phenyl acetate", "green"], ["hexenyl 2-methyl butyrate", "green"], ["hexyl 2-methyl butyrate", "green"], ["hexyl hexanoate", "green"], ["methyl (E)-3-hexenoate", "green"], ["penten-3-ol", "green"], ["phenoxyethyl isobutyrate", "green"], ["pineapple heptadienone 10%", "green"], ["spirogalbanone (Givaudan)", "green"], ["terpinyl propionate", "green"], ["benzyl octanoate", "herbal"], ["herbal undecanone", "herbal"], ["jambu oleoresin", "herbal"], ["linalyl isovalerate", "herbal"], ["linalyl octanoate", "herbal"], ["pinocarveol", "herbal"], ["viridiflorol", "herbal"], ["methyl-3-ethoxypyrazine", "nutty"], ["hydroxyacetophenone", "phenolic"], ["cinnamyl isovalerate", "spicy"], ["cinnamyl isovalerate", "spicy"], ["cubeb oil", "spicy"], ["buchu mercaptan", "sulfurous"], ["cassis pentanone", "sulfurous"], ["ethyl methyl mercaptopropionate", "sulfurous"], ["grapefruit menthane", "sulfurous"], ["lychee mercaptan acetate", "sulfurous"], ["mango thiol", "sulfurous"], ["passiflora acetate", "sulfurous"], ["phenethyl mercaptan", "sulfurous"], ["tropical 2-thiobutyrate", "sulfurous"], ["terpinene", "terpenic"], ["coconut fragrance", "tropical"], ["dodecalactone", "tropical"], ["genet absolute", "tropical"], ["glyceryl 5-hydroxydecanoate", "tropical"], ["glyceryl 5-hydroxydodecanoate", "tropical"], ["hexyl 2-methyl-3-pentenoate", "tropical"], ["hotrienol", "tropical"], ["pina colada fragrance", "tropical"], ["tropical 3-thiobutyrate", "tropical"], ["tropical oxathiane", "tropical"], ["allyl octanoate", "waxy"], ["amyl laurate", "waxy"], ["ethyl nonanoate", "waxy"], ["ethyl octanoate", "waxy"], ["nonyl acetate", "waxy"], ["bornyl isovalerate", "woody"], ["octen-4-one", "yeasty"], ["allyl 10-undecenoate", "No flavor group found for these"], ["allyl 3,5,5-trimethyl hexanoate", "No flavor group found for these"], ["allyl cinnamate", "No flavor group found for these"], ["allyl cyclohexyl butyrate", "No flavor group found for these"], ["allyl cyclohexyl valerate", "No flavor group found for these"], ["allyl sorbate", "No flavor group found for these"], ["amyl 3-methyl thiopropionate", "No flavor group found for these"], ["anisyl propionate", "No flavor group found for these"], ["benzyl ethyl ether", "No flavor group found for these"], ["benzyl octanoate", "No flavor group found for these"], ["cyclohexyl butyrate", "No flavor group found for these"], ["cyclohexyl hexanoate", "No flavor group found for these"], ["decen-2-one", "No flavor group found for these"], ["dodecalactone", "No flavor group found for these"], ["ethyl 3-methyl valerate", "No flavor group found for these"], ["ethyl 3-octenoate", "No flavor group found for these"], ["ethyl 5-hydroxyoctanoate", "No flavor group found for these"], ["ethyl cyclohexane propionate", "No flavor group found for these"], ["ethyl cyclohexyl carboxylate", "No flavor group found for these"], ["ethyl linalyl ether", "No flavor group found for these"], ["geranyl valerate", "No flavor group found for these"], ["hexenal diethyl acetal", "No flavor group found for these"], ["jasmin lactone (IFF)", "No flavor group found for these"], ["linalool", "No flavor group found for these"], ["methyl (Z)-4-octenoate", "No flavor group found for these"], ["methyl 2-hexenoate", "No flavor group found for these"], ["methyl thio) hexanoate", "No flavor group found for these"], ["methyl-3-ethoxypyrazine", "No flavor group found for these"], ["octyl isovalerate", "No flavor group found for these"], ["octyl phenyl acetate", "No flavor group found for these"], ["phenethyl mercaptan", "No flavor group found for these"], ["propyl 2-methyl butyrate", "No flavor group found for these"], ["propyl hexanoate", "No flavor group found for these"], ["propyl isobutyrate", "No flavor group found for these"], ["propyl isovalerate", "No flavor group found for these"], ["propyl valerate", "No flavor group found for these"], ["sorbyl propionate", "No flavor group found for these"], ["tropical 2-thiobutyrate", "No flavor group found for these"], ["viridiflorol", "No flavor group found for these"], ["ethyl butyric acid", "acidic"], ["allyl propionate", "alliaceous"], ["dipropyl trisulfide", "alliaceous"], ["tropical thiazole", "alliaceous"], ["heptyl isobutyrate", "berry"], ["pinocarveol", "camphoreous"], ["cognac heptanone", "citrus"], ["grapefruit mercaptan", "citrus"], ["linalool", "citrus"], ["linalool", "citrus"], ["decalactone", "coconut"], ["octalactone", "coconut"], ["jambu oleoresin", "cooling"], ["creamy lactone", "creamy"], ["dodecalactone", "creamy"], ["glyceryl 5-hydroxydecanoate", "creamy"], ["glyceryl 5-hydroxydodecanoate", "creamy"], ["jasmin pyranone", "creamy"], ["massoia lactone", "creamy"], ["undecalactone", "creamy"], ["undecalactone (aldehyde C-14 (so-called))", "creamy"], ["ethyl acetoacetate", "estery"], ["allyl 2-ethyl butyrate", "ethereal"], ["methyl isobutyrate", "ethereal"], ["allyl octanoate", "fatty"], ["amyl laurate", "fatty"], ["ethyl (E)-4-decenoate", "fatty"], ["citronellyl acetate", "floral"], ["dihydrolinalool", "floral"], ["geranyl isobutyrate", "floral"], ["hotrienol", "floral"], ["linalyl anthranilate", "floral"], ["tetrahydrolinalool", "floral"], ["tropical ionone", "floral"], ["acai pineapple flavor", "fruity"], ["acetoin acetate", "fruity"], ["allyl cyclohexyl acetate", "fruity"], ["allyl cyclohexyl propionate", "fruity"], ["allyl decanoate", "fruity"], ["allyl heptanoate", "fruity"], ["allyl hexanoate", "fruity"], ["allyl isovalerate", "fruity"], ["amyl benzoate", "fruity"], ["amyl butyrate", "fruity"], ["amyl hexanoate", "fruity"], ["amyl hexanoate", "fruity"], ["amyl octanoate", "fruity"], ["amyl propionate", "fruity"], ["amyl propionate", "fruity"], ["benzyl isobutyrate", "fruity"], ["benzyl isovalerate", "fruity"], ["berry pentadienoate", "fruity"], ["butyl 2-decenoate", "fruity"], ["butyl butyrate", "fruity"], ["butyl butyrate", "fruity"], ["butyl isobutyrate", "fruity"], ["butyl isovalerate", "fruity"], ["butyl valerate", "fruity"], ["cinnamyl isobutyrate", "fruity"], ["cinnamyl isovalerate", "fruity"], ["cinnamyl isovalerate", "fruity"], ["citronellyl formate", "fruity"], ["cyclohexyl carboxylic acid", "fruity"], ["cyclohexyl cinnamate", "fruity"], ["decalactone", "fruity"], ["decen-1-yl cyclopentanone", "fruity"], ["diethyl malonate", "fruity"], ["dimethyl benzyl isobutyrate", "fruity"], ["dodecalactone", "fruity"], ["ethyl (E)-2-decenoate", "fruity"], ["ethyl (E)-2-octenoate", "fruity"], ["ethyl (Z)-4-octenoate", "fruity"], ["ethyl 2-methyl butyrate", "fruity"], ["ethyl 2-octenoate", "fruity"], ["ethyl 3-(2-furyl) propanoate", "fruity"], ["ethyl 3-hexenoate", "fruity"], ["ethyl 3-oxohexanoate", "fruity"], ["ethyl butyrate", "fruity"], ["ethyl heptanoate", "fruity"], ["ethyl hexanoate", "fruity"], ["ethyl isovalerate", "fruity"], ["ethyl sorbate", "fruity"], ["ethyl valerate", "fruity"], ["furfuryl valerate", "fruity"], ["furyl pentyl ketone", "fruity"], ["guava pineapple flavor", "fruity"], ["hexadien-1-ol", "fruity"], ["hexyl 2-methyl-3-pentenoate", "fruity"], ["hexyl acetate", "fruity"], ["hexyl hexanoate", "fruity"], ["linalyl isovalerate", "fruity"], ["linalyl octanoate", "fruity"], ["mercaptohexyl hexanoate", "fruity"], ["methionyl butyrate", "fruity"], ["methyl (E)-2-octenoate", "fruity"], ["methyl 2-methyl butyrate", "fruity"], ["methyl 2-methyl valerate", "fruity"], ["methyl butyl 2-methyl butyrate", "fruity"], ["methyl butyl acetate", "fruity"], ["methyl hexanoate", "fruity"], ["methyl isovalerate", "fruity"], ["methyl thio) methyl hexanoate", "fruity"], ["nonen-1-yl acetate", "fruity"], ["octen-1-yl acetate", "fruity"], ["octen-1-yl cyclopentanone", "fruity"], ["phenethyl butyrate", "fruity"], ["phenethyl isovalerate", "fruity"], ["pineapple hydroxyhexanoate", "fruity"], ["propyl 2-methyl butyrate", "fruity"], ["propyl butyrate", "fruity"], ["propyl formate", "fruity"], ["propyl hexanoate", "fruity"], ["propyl isobutyrate", "fruity"], ["rose butanoate", "fruity"], ["tetrahydrofurfuryl butyrate", "fruity"], ["tropical trithiane", "fruity"], ["valeraldehyde", "fruity"], ["allyl butyrate", "green"], ["amyl isovalerate", "green"], ["butyl 2-butenoate", "green"], ["cassis pentanone", "green"], ["cyclamen aldehyde", "green"], ["ethyl (E,Z)-2,4-decadienoate", "green"], ["heptanal dimethyl acetal", "green"], ["hexen-1-yl 2-methyl butyrate", "green"], ["hexen-1-yl butyrate", "green"], ["hexen-1-yl phenyl acetate", "green"], ["hexenal diethyl acetal", "green"], ["hexenyl 2-methyl butyrate", "green"], ["hexyl (E)-tiglate", "green"], ["hexyl 2-methyl butyrate", "green"], ["linalool oxide", "green"], ["methyl (E)-3-hexenoate", "green"], ["methyl-2-pentenal", "green"], ["ocimene", "green"], ["ocimene", "green"], ["penten-3-ol", "green"], ["phenoxyethyl isobutyrate", "green"], ["terpinyl propionate", "green"], ["genet absolute", "hay"], ["dimethyl-3-octanol", "herbal"], ["phenethyl acetate", "honey"], ["phenethyl isobutyrate", "honey"], ["maltyl isobutyrate", "jammy"], ["lychee mercaptan acetate", "juicy"], ["mercapto-2-butanone", "meaty"], ["hydroxyacetophenone", "naphthyl"], ["tetrahydrofurfuryl propionate", "oily"], ["cubeb oil", "spicy"], ["buchu mercaptan", "sulfurous"], ["ethyl methyl mercaptopropionate", "sulfurous"], ["grapefruit menthane", "sulfurous"], ["mango thiol", "sulfurous"], ["methyl 2-(methyl thio) butyrate", "sulfurous"], ["methyl 4-(methyl thio) butyrate", "sulfurous"], ["methyl thiomethyl butyrate", "sulfurous"], ["tropical 3-thiobutyrate", "sulfurous"], ["terpinene", "terpenic"], ["mercaptohexyl acetate", "tropical"], ["mercaptohexyl butyrate", "tropical"], ["passiflora acetate", "tropical"], ["propyl propionate", "tropical"], ["tropical oxathiane", "tropical"], ["octen-4-one", "vegetable"], ["ethyl nonanoate", "waxy"], ["ethyl octanoate", "waxy"], ["furfuryl octanoate", "waxy"], ["geranyl propionate", "waxy"], ["heptanoic acid", "waxy"], ["nonyl acetate", "waxy"], ["propyl heptanoate", "waxy"], ["methyl nonanoate", "winey"], ["bornyl isovalerate", "woody"]]}