{"name": "butyl mercaptan", "cas": "109-79-5", "smiles": "CCCCS", "notes": ["sulfurous", "garlic", "onion", "egg nog", "coffee", "sulfurous", "fatty", "beefy roasted beefy", "onion cooked onion", "egg nog", "coffee", "garlic"], "blenders": [["dibutyl sulfide", "alliaceous"], ["dimethyl trisulfide", "alliaceous"], ["methyl furfuryl disulfide", "alliaceous"], ["dimethyl pyrazine", "chocolate"], ["dimethyl pyrazine", "chocolate"], ["ethyl (E)-2-crotonate", "fermented"], ["trigonella foenum-graecum seed extract", "herbal"], ["sulfurol", "meaty"], ["sulfuryl acetate", "meaty"], ["strawberry furanone methyl ether", "moldy"], ["trimethyl oxazole", "nutty"], ["ethyl vinyl ketone", "spicy"], ["ethyl 2-mercaptopropionate", "sulfurous"], ["ethyl methyl mercaptopropionate", "sulfurous"], ["furfuryl thioacetate", "sulfurous"], ["methyl 5-(methyl thio) furan", "sulfurous"], ["aminobutyric acid", "No flavor group found for these"], ["benzyl methyl sulfide", "No flavor group found for these"], ["methyl thio) methyl-2-butenal", "No flavor group found for these"], ["nonane dithiol", "No flavor group found for these"], ["dimethoxyphenyl)ethyl)-3,4-dimethoxycinnamic acid amide", ""], ["dimethyl-3-oxazoline", ""], ["thienyl) butanone", ""], ["allyl disulfide", "alliaceous"], ["allyl mercaptan", "alliaceous"], ["allyl thiopropionate", "alliaceous"], ["cyclopentyl mercaptan", "alliaceous"], ["dicyclohexyl disulfide", "alliaceous"], ["dimethyl trisulfide", "alliaceous"], ["mercapto-2-pentanone", "alliaceous"], ["methyl thioacetaldehyde", "alliaceous"], ["tetrahydrothiophenone", "alliaceous"], ["truffle sulfide", "alliaceous"], ["trigonella foenum-graecum seed extract", "bready"], ["trimethyl oxazole", "burnt"], ["dimethyl furan", "chemical"], ["dimethyl thiazole", "coffee"], ["methyl furfuryl disulfide", "coffee"], ["dibutyl sulfide", "green"], ["dimethyl pyrazine", "meaty"], ["mercapto-2-butanone", "meaty"], ["mercapto-3-butanol", "meaty"], ["methyl 3-(methyl thio) furan", "meaty"], ["methyl-3-furyl) disulfide", "meaty"], ["methyl-3-tetrahydrofuran thiol", "meaty"], ["pyridinyl methane thiol", "meaty"], ["sulfurol", "meaty"], ["sulfuryl acetate", "meaty"], ["thiocresol", "meaty"], ["strawberry furanone methyl ether", "moldy"], ["dimethyl pyrazine", "musty"], ["ethyl (E)-2-crotonate", "musty"], ["methyl 5-(methyl thio) furan", "musty"], ["nutty thiazole", "nutty"], ["ethyl 2-mercaptopropionate", "onion"], ["furfuryl isopropyl sulfide", "onion"], ["methionol", "onion"], ["methyl propyl disulfide", "onion"], ["methyl propyl trisulfide", "onion"], ["propyl thioacetate", "onion"], ["furfuryl thioacetate", "roasted"], ["hexyl mercaptan", "roasted"], ["methoxy-4-methyl benzyl)-N2-2(2-(5-methyl pyridin-2-yl)ethyl) oxalamide", "savory"], ["dithiane", "seafood"], ["ethyl vinyl ketone", "spicy"], ["allyl sulfide", "sulfurous"], ["ethyl methyl mercaptopropionate", "sulfurous"], ["ethyl methyl sulfide", "sulfurous"], ["ethyl thioacetate", "sulfurous"], ["furfuryl thiopropionate", "sulfurous"], ["mercapto-2-methyl pentanal", "sulfurous"], ["methyl 2-methyl-3-furyl disulfide", "sulfurous"], ["methyl benzyl disulfide", "sulfurous"], ["methyl-2-butane thiol", "sulfurous"], ["roasted butanol", "sulfurous"]]}