{"name": "2-acetyl furan", "cas": "1192-62-7", "smiles": "CC(=O)C1=CC=CO1", "notes": ["sweet", "balsamic", "almond", "cocoa", "caramellic", "coffee", "sweet", "almond", "nutty", "brown", "toasted", "milky", "lactonic"], "blenders": [["cistus ladaniferus resinoid", "amber"], ["anise seed oil", "anise"], ["acetanisole", "anisic"], ["anisaldehyde", "anisic"], ["anisaldehyde", "anisic"], ["amyl benzoate", "balsamic"], ["amyris wood oil", "balsamic"], ["benzoin resinoid", "balsamic"], ["benzyl cinnamate", "balsamic"], ["benzyl salicylate", "balsamic"], ["benzyl tiglate", "balsamic"], ["butyl cinnamate", "balsamic"], ["butyl cinnamate", "balsamic"], ["ethyl cinnamate", "balsamic"], ["fir balsam absolute", "balsamic"], ["methyl (E)-cinnamate", "balsamic"], ["peru balsam oil", "balsamic"], ["phenyl propyl alcohol", "balsamic"], ["raspberry ketone", "berry"], ["raspberry ketone acetate", "berry"], ["raspberry ketone methyl ether", "berry"], ["coffee furanone", "bready"], ["acetoin", "buttery"], ["coffee dione", "caramellic"], ["cyclotene", "caramellic"], ["ethyl maltol", "caramellic"], ["fenugreek oleoresin", "caramellic"], ["geranyl crotonate", "caramellic"], ["maltol", "caramellic"], ["methyl furfural", "caramellic"], ["strawberry furanone", "caramellic"], ["amyl phenyl acetate", "chocolate"], ["chocolate pyrazine A", "chocolate"], ["methoxy-3-methyl pyrazine", "chocolate"], ["bergamot oil bergaptene reduced italy", "citrus"], ["grapefruit pentanol", "citrus"], ["orange peel oil c.p. brazil", "citrus"], ["heptalactone", "coconut"], ["nonalactone (aldehyde C-18 (so-called))", "coconut"], ["octalactone", "coconut"], ["coffea arabica seed extract", "coffee"], ["hydroxy-2-butanone", "coffee"], ["nutty pyrazine", "earthy"], ["pinus sylvestris leaf absolute", "earthy"], ["coconut absolute", "fatty"], ["octalactone", "fatty"], ["acetophenone", "floral"], ["amyl cinnamaldehyde", "floral"], ["amyl salicylate", "floral"], ["benzyl acetate", "floral"], ["bois de rose oil brazil", "floral"], ["coriander seed oil", "floral"], ["cyclamen aldehyde", "floral"], ["dimethyl anthranilate", "floral"], ["dimethyl benzyl carbinol", "floral"], ["dimethyl benzyl carbinyl acetate", "floral"], ["dimethyl benzyl carbinyl butyrate", "floral"], ["ethyl phenyl acetate", "floral"], ["floral pyranol", "floral"], ["geraniol", "floral"], ["geranyl acetate", "floral"], ["heliotropin", "floral"], ["heliotropyl acetone", "floral"], ["hexen-1-yl salicylate", "floral"], ["hexyl cinnamaldehyde", "floral"], ["ho leaf oil", "floral"], ["hyacinth ether", "floral"], ["hydroxycitronellal", "floral"], ["leerall", "floral"], ["linalool", "floral"], ["linalool", "floral"], ["linalool oxide", "floral"], ["methyl acetophenone", "floral"], ["methyl dihydrojasmonate", "floral"], ["nerol", "floral"], ["neryl acetate", "floral"], ["ocean propanal", "floral"], ["phenethyl acetate", "floral"], ["phenethyl alcohol", "floral"], ["phenethyl phenyl acetate", "floral"], ["phenethyl salicylate", "floral"], ["rhodinol", "floral"], ["rhodinyl propionate", "floral"], ["rose butanoate", "floral"], ["tetrahydrolinalool", "floral"], ["allyl amyl glycolate", "fruity"], ["allyl oxy-1,4-dimethyl bicyclo(3.2.1)octane", "fruity"], ["almond fragrance", "fruity"], ["almond oil", "fruity"], ["almond specialty", "fruity"], ["amyl butyrate", "fruity"], ["benzaldehyde", "fruity"], ["benzaldehyde glycrol acetal", "fruity"], ["benzyl propionate", "fruity"], ["bread thiophene", "fruity"], ["cinnamyl isobutyrate", "fruity"], ["decalactone", "fruity"], ["ethyl methyl-para-tolyl glycidate", "fruity"], ["green acetate", "fruity"], ["prunus amygdalus amara seed extract", "fruity"], ["strawberry glycidate 1 (aldehyde C-16 (so-called))", "fruity"], ["undecalactone (aldehyde C-14 (so-called))", "fruity"], ["phenyl acetaldehyde diethyl acetal", "green"], ["phenyl acetaldehyde dimethyl acetal", "green"], ["tiglaldehyde", "green"], ["beeswax absolute", "hay"], ["clary sage oil france", "herbal"], ["linalyl acetate", "herbal"], ["methyl phenyl acetate", "honey"], ["phenyl pyruvic acid", "honey"], ["acetyl pyridine", "nutty"], ["acetyl-3,5-dimethyl pyrazine", "nutty"], ["cocoa pyrazine", "nutty"], ["filbert heptenone", "nutty"], ["methyl quinoxaline", "nutty"], ["methyl-3-(methyl thio) pyrazine", "nutty"], ["tetramethyl pyrazine", "nutty"], ["acetyl pyrazine", "popcorn"], ["anisyl alcohol", "powdery"], ["dibenzyl ketone", "powdery"], ["trigonella foenum-graecum seed oil CO2 extract", "roasted"], ["allspice oil", "spicy"], ["cassia bark oil china", "spicy"], ["clove bud oil", "spicy"], ["ethyl guaiacol", "spicy"], ["eugenol", "spicy"], ["eugenyl acetate", "spicy"], ["methyl cinnamaldehyde", "spicy"], ["methyl isoeugenol", "spicy"], ["nutmeg oil", "spicy"], ["pepper oil", "spicy"], ["tonka bean absolute replacer", "sweet"], ["frankincense oil", "terpenic"], ["terpineol", "terpenic"], ["coumarin", "tonka"], ["dihydrocoumarin replacer", "tonka"], ["hexalactone", "tonka"], ["tonka bean absolute", "tonka"], ["ethyl vanillin", "vanilla"], ["vanilla bean absolute (vanilla planifolia)", "vanilla"], ["vanillyl acetate", "vanilla"], ["ethyl laurate", "waxy"], ["phenethyl octanoate", "waxy"], ["cedarwood oil western red", "woody"], ["hydroxybenzaldehyde", "woody"], ["methyl cedryl ketone", "woody"], ["patchouli ethanone", "woody"], ["santall", "woody"], ["tobacarol (IFF)", "woody"], ["woody acetate", "woody"], ["woody amylene", "woody"], ["butyl cinnamate", "No flavor group found for these"], ["chocolate pyrazine A", "No flavor group found for these"], ["chocolate pyrazine B", "No flavor group found for these"], ["cistus ladaniferus resinoid", "No flavor group found for these"], ["heptadien-1-ol", "No flavor group found for these"], ["heptadien-1-ol", "No flavor group found for these"], ["methyl (E)-cinnamate", "No flavor group found for these"], ["methyl-3-(methyl thio) pyrazine", "No flavor group found for these"], ["octalactone", "No flavor group found for these"], ["phenyl acetaldehyde diethyl acetal", "No flavor group found for these"], ["pinus sylvestris leaf absolute", "No flavor group found for these"], ["almond extract", ""], ["anise seed oil", "anise"], ["anisaldehyde", "anisic"], ["benzoin resinoid", "balsamic"], ["benzyl salicylate", "balsamic"], ["benzyl tiglate", "balsamic"], ["butyl cinnamate", "balsamic"], ["ethyl cinnamate", "balsamic"], ["peru balsam oil", "balsamic"], ["heliotropyl acetone", "berry"], ["raspberry ketone", "berry"], ["raspberry ketone acetate", "berry"], ["raspberry ketone methyl ether", "berry"], ["dibenzyl ketone", "bitter"], ["methyl ethoxypyrazine", "bitter"], ["beeswax absolute", "brown"], ["fenugreek oleoresin", "brown"], ["hydroxy-2-butanone", "brown"], ["methyl furfural", "brown"], ["methyl quinoxaline", "burnt"], ["almond toffee crunch flavor", "caramellic"], ["almond toffee flavor", "caramellic"], ["caramel furanone", "caramellic"], ["cyclotene", "caramellic"], ["ethyl maltol", "caramellic"], ["maltol", "caramellic"], ["strawberry furanone", "caramellic"], ["heliotropin", "cherry"], ["chocolate almond fudge flavor", "chocolate"], ["chocolate toffee almond flavor", "chocolate"], ["mocha almond fudge flavor", "chocolate"], ["bergamot oil bergaptene reduced italy", "citrus"], ["linalool", "citrus"], ["linalool", "citrus"], ["nerol", "citrus"], ["orange peel oil c.p. brazil", "citrus"], ["terpineol", "citrus"], ["chocolate enhancers", "cocoa"], ["methyl furan", "cocoa"], ["nonalactone (aldehyde C-18 (so-called))", "coconut"], ["coffea arabica seed extract", "coffee"], ["coffee dione", "coffee"], ["cookie flavor", "cookie"], ["acetoin", "creamy"], ["anisaldehyde", "creamy"], ["hexalactone", "creamy"], ["hydroxybenzaldehyde", "creamy"], ["methyl acetophenone", "creamy"], ["undecalactone (aldehyde C-14 (so-called))", "creamy"], ["mercapto-5-methylheptan-4-one", "earthy"], ["coconut absolute", "fatty"], ["amyl phenyl acetate", "floral"], ["bois de rose oil brazil", "floral"], ["dimethyl benzyl carbinyl acetate", "floral"], ["dimethyl benzyl carbinyl butyrate", "floral"], ["geraniol", "floral"], ["linalyl acetate", "floral"], ["methyl dihydrojasmonate", "floral"], ["methyl phenyl acetate", "floral"], ["neryl acetate", "floral"], ["ocean propanal", "floral"], ["phenethyl alcohol", "floral"], ["rhodinol", "floral"], ["tetrahydrolinalool", "floral"], ["almond oil", "fruity"], ["amyl benzoate", "fruity"], ["anisyl alcohol", "fruity"], ["benzaldehyde", "fruity"], ["benzaldehyde glycrol acetal", "fruity"], ["benzyl acetate", "fruity"], ["benzyl propionate", "fruity"], ["bread thiophene", "fruity"], ["cinnamyl isobutyrate", "fruity"], ["decalactone", "fruity"], ["dimethyl anthranilate", "fruity"], ["ethyl methyl-para-tolyl glycidate", "fruity"], ["hexadien-1-ol", "fruity"], ["phenethyl octanoate", "fruity"], ["rhodinyl propionate", "fruity"], ["rose butanoate", "fruity"], ["strawberry glycidate 1 (aldehyde C-16 (so-called))", "fruity"], ["tiglaldehyde", "fruity"], ["amyl salicylate", "green"], ["cyclamen aldehyde", "green"], ["geranyl acetate", "green"], ["hexen-1-yl salicylate", "green"], ["linalool oxide", "green"], ["phenyl acetaldehyde dimethyl acetal", "green"], ["clary sage oil france", "herbal"], ["coriander seed oil", "herbal"], ["ethyl phenyl acetate", "honey"], ["phenethyl acetate", "honey"], ["phenethyl phenyl acetate", "honey"], ["heptalactone", "lactonic"], ["octalactone", "lactonic"], ["dimethyl benzyl carbinol", "medicinal"], ["phenethyl salicylate", "medicinal"], ["acetyl pyridine", "nutty"], ["acetyl-2,5-dimethyl thiophene", "nutty"], ["acetyl-3,5-dimethyl pyrazine", "nutty"], ["almond distillates", "nutty"], ["almond distillates", "nutty"], ["almond flavor", "nutty"], ["almond hazelnut flavor", "nutty"], ["almond isolates", "nutty"], ["arachis hypogaea fruit extract", "nutty"], ["butyl-2-butenal", "nutty"], ["chestnut almond flavor", "nutty"], ["chestnut flavor", "nutty"], ["cocoa pyrazine", "nutty"], ["coffee furanone", "nutty"], ["ethyl-2-acetyl pyrrole", "nutty"], ["filbert heptenone", "nutty"], ["furfural acetone", "nutty"], ["methoxy-3-methyl pyrazine", "nutty"], ["methyl quinoxaline", "nutty"], ["nutty pyrazine", "nutty"], ["nutty thiazole", "nutty"], ["prunus amygdalus amara seed extract", "nutty"], ["sesame distillates", "nutty"], ["tetramethyl pyrazine", "nutty"], ["phenyl pyruvic acid", "phenolic"], ["acetanisole", "powdery"], ["acetophenone", "powdery"], ["powdery ketone", "powdery"], ["acetyl pyrazine", "roasted"], ["ethyl 3-(furfuryl thio) propionate", "roasted"], ["trigonella foenum-graecum seed oil CO2 extract", "roasted"], ["allspice oil", "spicy"], ["benzyl cinnamate", "spicy"], ["cassia bark oil china", "spicy"], ["clove bud oil", "spicy"], ["eugenol", "spicy"], ["eugenyl acetate", "spicy"], ["methyl cinnamaldehyde", "spicy"], ["methyl isoeugenol", "spicy"], ["nutmeg oil", "spicy"], ["pepper oil", "spicy"], ["phenyl propyl alcohol", "spicy"], ["acetyl-3-methyl thiophene", "sweet"], ["amyl cinnamaldehyde", "tropical"], ["ethyl vanillin", "vanilla"], ["vanilla bean absolute (vanilla planifolia)", "vanilla"], ["vanillyl acetate", "vanilla"], ["amyl butyrate", "waxy"], ["ethyl laurate", "waxy"], ["hexyl cinnamaldehyde", "waxy"], ["hydroxycitronellal", "waxy"], ["amyris wood oil", "woody"], ["ethyl guaiacol", "woody"], ["frankincense oil", "woody"], ["methyl cedryl ketone", "woody"]]}