{"name": "(+)-(E,S)-filbertone", "cas": "122440-59-9", "smiles": "CC[C@H](C)C(=O)/C=C/C", "notes": ["hazelnut", "metallic", "fatty", "nutty"], "blenders": [["butyrophenone", "camphoreous"], ["chocolate hazelnut fragrance", "chocolate"], ["methoxy-3-methyl pyrazine", "chocolate"], ["trimethyl thiazole", "chocolate"], ["aldehydic nitrile", "citrus"], ["butyl-3,5-(and 3,6)-dimethyl pyrazine", "cocoa"], ["allyl 2-ethyl butyrate", "fruity"], ["nonyl isovalerate", "fruity"], ["hexen-1-yl octanoate", "green"], ["acetyl-3,5-dimethyl pyrazine", "nutty"], ["cocoa pyrazine", "nutty"], ["filbert fragrance", "nutty"], ["filbert heptenone", "nutty"], ["filbert heptenone B", "nutty"], ["filbertone", "nutty"], ["filbertone", "nutty"], ["hazelnut absolute", "nutty"], ["hazelnut fragrance", "nutty"], ["hazelnut infusions", "nutty"], ["hazelnut oil CO2 extract", "nutty"], ["methyl quinoxaline", "nutty"], ["methyl-3-ethoxypyrazine", "nutty"], ["methyl-3-pentenoic acid", "nutty"], ["trimethyl oxazole", "nutty"], ["trimethyl pyrazine", "nutty"], ["acetyl pyrazine", "popcorn"], ["acetyl thiazole", "popcorn"], ["acetyl thiophene", "sulfurous"], ["methyl benzoxole", "tobacco"], ["butyl-3,5-(and 3,6)-dimethyl pyrazine", "No flavor group found for these"], ["butyrophenone", "No flavor group found for these"], ["dimethyl-2-ethyl thiazole", "No flavor group found for these"], ["ethyl-5(or6)-methyl pyrazine", "No flavor group found for these"], ["filbertone", "No flavor group found for these"], ["methyl-3-ethoxypyrazine", "No flavor group found for these"], ["methyl-3-pentenoic acid", "No flavor group found for these"], ["nonyl isovalerate", "No flavor group found for these"], ["propyl-3,5-dimethyl pyrazine", "No flavor group found for these"], ["mercapto-2-pentanone", "alliaceous"], ["methyl pyridine", "astringent"], ["methyl ethoxypyrazine", "bitter"], ["methyl quinoxaline", "burnt"], ["trimethyl oxazole", "burnt"], ["chocolate hazelnut flavor", "chocolate"], ["acetyl thiazole", "corn chip"], ["mercapto-5-methylheptan-4-one", "earthy"], ["allyl 2-ethyl butyrate", "ethereal"], ["dimethyl-4-ethyl oxazole", "green"], ["hexen-1-yl octanoate", "green"], ["methyl pyridine", "green"], ["methyl-2-furyl) propan-1-one", "green"], ["thialdine", "meaty"], ["trimethyl pyrazine", "musty"], ["acetyl-2,5-dimethyl thiophene", "nutty"], ["acetyl-3,5-dimethyl pyrazine", "nutty"], ["almond hazelnut flavor", "nutty"], ["cocoa pyrazine", "nutty"], ["cocoa pyrazine", "nutty"], ["diethyl pyrazine", "nutty"], ["diethyl-3-methyl pyrazine", "nutty"], ["ethyl-6-methyl pyrazine", "nutty"], ["filbert flavor", "nutty"], ["filbert heptenone", "nutty"], ["filbert heptenone B", "nutty"], ["filbertone", "nutty"], ["hazelnut absolute", "nutty"], ["hazelnut distillates", "nutty"], ["hazelnut flavor", "nutty"], ["hazelnut infusions", "nutty"], ["hazelnut oil CO2 extract", "nutty"], ["hazelnut oleoresin", "nutty"], ["hazelnut paste", "nutty"], ["methoxy-3-methyl pyrazine", "nutty"], ["methyl benzoxole", "nutty"], ["methyl quinoxaline", "nutty"], ["trimethyl thiazole", "nutty"], ["acetyl thiophene", "onion"], ["acetyl pyrazine", "roasted"], ["chocolate cinnamon hazelnut flavor", "spicy"], ["cinnamon hazelnut cappuccino flavor", "spicy"], ["cinnamon hazelnut cream flavor", "spicy"], ["cinnamon hazelnut flavor", "spicy"], ["vanilla hazelnut flavor", "vanilla"]]}