{"name": "nonanal (aldehyde C-9)", "cas": "124-19-6", "smiles": "CCCCCCCCC=O", "notes": ["waxy", "aldehydic", "rose", "fresh", "orris", "orange peel", "fatty", "peely", "waxy", "aldehydic", "citrus", "fresh", "green", "lemon peel", "cucumber", "fatty"], "blenders": [["acetyl nonyryl", "aldehydic"], ["adoxal (Givaudan)", "aldehydic"], ["aldehydic fragrance", "aldehydic"], ["decanal (aldehyde C-10)", "aldehydic"], ["decenal", "aldehydic"], ["dodecanal (aldehyde C-12 lauric)", "aldehydic"], ["geranyl oxyacetaldehyde", "aldehydic"], ["intreleven aldehyde (IFF)", "aldehydic"], ["muguet undecadienal", "aldehydic"], ["octanal (aldehyde C-8)", "aldehydic"], ["TMH aldehyde", "aldehydic"], ["tridecanal", "aldehydic"], ["tridecenal", "aldehydic"], ["undecanal", "aldehydic"], ["undecenal", "aldehydic"], ["undecenal (aldehyde C-11 undecylenic)", "aldehydic"], ["cistus ladaniferus resinoid", "amber"], ["abies alba cone oil", "balsamic"], ["benzoin resinoid", "balsamic"], ["benzyl salicylate", "balsamic"], ["ethyl cinnamate", "balsamic"], ["fir balsam absolute", "balsamic"], ["raspberry ketone acetate", "berry"], ["aldehydic nitrile", "citrus"], ["aldenal C-10", "citrus"], ["citral", "citrus"], ["citral diethyl acetal", "citrus"], ["citronella oil ceylon", "citrus"], ["citronellyl nitrile", "citrus"], ["curacao peel oil", "citrus"], ["dodecane nitrile", "citrus"], ["lemon oil c.p. california", "citrus"], ["lemon oil c.p. furocoumarin reduced", "citrus"], ["litsea cubeba fruit oil", "citrus"], ["methyl decanal (aldehyde C-11 MOA)", "citrus"], ["myrcenyl acetate", "citrus"], ["nootkatone", "citrus"], ["orange peel oil c.p. brazil", "citrus"], ["orange peel oil c.p. china", "citrus"], ["orange peel oil terpeneless", "citrus"], ["tangerine oil america", "citrus"], ["nonalactone (aldehyde C-18 (so-called))", "coconut"], ["decanol", "fatty"], ["decenal", "fatty"], ["nonen-1-ol", "fatty"], ["nonenal", "fatty"], ["amyl salicylate", "floral"], ["amyl undecylenate", "floral"], ["citronellal", "floral"], ["citronellol", "floral"], ["citronellyl ethoxalate", "floral"], ["citronellyl phenyl acetate", "floral"], ["decen-1-ol", "floral"], ["dimethyl anthranilate", "floral"], ["dimethyl benzyl carbinyl butyrate", "floral"], ["dimethyl octanol", "floral"], ["floral pyranol", "floral"], ["geraniol", "floral"], ["geranyl acetone", "floral"], ["hydroxycitronellal dimethyl acetal", "floral"], ["lemon oil distilled", "floral"], ["linalool", "floral"], ["muguet butanal", "floral"], ["nonanal / methyl anthranilate schiff's base", "floral"], ["nonanol", "floral"], ["ocean propanal", "floral"], ["petitgrain oil paraguay", "floral"], ["phenethyl anthranilate", "floral"], ["rhodinol", "floral"], ["rose absolute (rosa damascena) bulgaria", "floral"], ["rose butanoate", "floral"], ["rose oil (rosa damascena) turkey", "floral"], ["undecen-1-ol", "floral"], ["undecen-1-ol", "floral"], ["decyl butyrate", "fruity"], ["geranyl butyrate", "fruity"], ["grapefruit acetal", "fruity"], ["undecenal", "fruity"], ["undecenal", "fruity"], ["green carbaldehyde", "green"], ["heptyl tetrahydrofuran", "green"], ["hexyl 2-methyl butyrate", "green"], ["nonadien-1-ol", "green"], ["nonadien-1-ol", "green"], ["nonadienal diethyl acetal", "green"], ["daucus carota fruit oil", "herbal"], ["octyl acetate", "herbal"], ["nonenal", "melon"], ["veramoss (IFF)", "mossy"], ["cassia bark oil china", "spicy"], ["eugenyl acetate", "spicy"], ["pepper oil", "spicy"], ["pimenta acris leaf oil", "spicy"], ["frankincense oil", "terpenic"], ["decanal diethyl acetal", "waxy"], ["ethyl laurate", "waxy"], ["ethyl nonanoate", "waxy"], ["methyl octanoate", "waxy"], ["myristic acid", "waxy"], ["nonadien-1-ol", "waxy"], ["tetradecanal", "waxy"], ["tridecenal", "waxy"], ["undecanol", "waxy"], ["undecen-1-yl acetate", "waxy"], ["waxy acetate", "waxy"], ["waxy undecadienol", "waxy"], ["anthocephalus cadamba oil", "woody"], ["guaiacwood oil", "woody"], ["gurjun balsam oil", "woody"], ["methyl cedryl ketone", "woody"], ["patchouli ethanone", "woody"], ["santall", "woody"], ["spruce needle oil canada", "woody"], ["vetiver oil haiti", "woody"], ["woody acetate", "woody"], ["amyl undecylenate", "No flavor group found for these"], ["cistus ladaniferus resinoid", "No flavor group found for these"], ["curacao peel oil", "No flavor group found for these"], ["decenal", "No flavor group found for these"], ["undecen-1-ol", "No flavor group found for these"], ["undecen-1-ol", "No flavor group found for these"], ["acetyl nonyryl", "aldehydic"], ["octanal (aldehyde C-8)", "aldehydic"], ["tridecenal", "aldehydic"], ["undecanol", "aldehydic"], ["nonadien-1-ol", "apple"], ["benzoin resinoid", "balsamic"], ["benzyl salicylate", "balsamic"], ["ethyl cinnamate", "balsamic"], ["raspberry ketone acetate", "berry"], ["citral", "citrus"], ["citral diethyl acetal", "citrus"], ["citronella oil ceylon", "citrus"], ["lemon oil c.p. california", "citrus"], ["lemon oil c.p. furocoumarin reduced", "citrus"], ["lemon oil distilled", "citrus"], ["linalool", "citrus"], ["litsea cubeba fruit oil", "citrus"], ["methyl decanal (aldehyde C-11 MOA)", "citrus"], ["myrcenyl acetate", "citrus"], ["nootkatone", "citrus"], ["orange peel oil c.p. brazil", "citrus"], ["orange peel oil c.p. china", "citrus"], ["orange peel oil terpeneless", "citrus"], ["tangerine oil america", "citrus"], ["nonalactone (aldehyde C-18 (so-called))", "coconut"], ["decenal", "fatty"], ["dimethyl octanol", "fatty"], ["nonadien-1-ol", "fatty"], ["nonadienal", "fatty"], ["nonadienal", "fatty"], ["nonen-1-ol", "fatty"], ["tetradecanal", "fatty"], ["undecadienal", "fatty"], ["undecenal (aldehyde C-11 undecylenic)", "fatty"], ["citronellal", "floral"], ["citronellol", "floral"], ["citronellyl phenyl acetate", "floral"], ["dimethyl benzyl carbinyl butyrate", "floral"], ["geraniol", "floral"], ["geranyl acetone", "floral"], ["ocean propanal", "floral"], ["phenethyl anthranilate", "floral"], ["rhodinol", "floral"], ["rose absolute (rosa damascena) bulgaria", "floral"], ["rose oil (rosa damascena) turkey", "floral"], ["decyl butyrate", "fruity"], ["dimethyl anthranilate", "fruity"], ["geranyl butyrate", "fruity"], ["rose butanoate", "fruity"], ["amyl salicylate", "green"], ["hexyl 2-methyl butyrate", "green"], ["methyl octanoate", "green"], ["nonadienal diethyl acetal", "green"], ["nonenal", "green"], ["nonenal", "green"], ["octyl acetate", "green"], ["daucus carota fruit oil", "herbal"], ["petitgrain oil paraguay", "herbal"], ["methyl tridecanal", "meaty"], ["dodecanal (aldehyde C-12 lauric)", "soapy"], ["cassia bark oil china", "spicy"], ["eugenyl acetate", "spicy"], ["pepper oil", "spicy"], ["pimenta acris leaf oil", "spicy"], ["adoxal (Givaudan)", "waxy"], ["decanal (aldehyde C-10)", "waxy"], ["decanal diethyl acetal", "waxy"], ["decanol", "waxy"], ["decen-1-ol", "waxy"], ["ethyl laurate", "waxy"], ["ethyl nonanoate", "waxy"], ["hydroxycitronellal dimethyl acetal", "waxy"], ["myristic acid", "waxy"], ["nonadien-1-ol", "waxy"], ["nonanol", "waxy"], ["tridecanal", "waxy"], ["tridecenal", "waxy"], ["undecenal", "waxy"], ["undecenal", "waxy"], ["frankincense oil", "woody"], ["guaiacwood oil", "woody"], ["methyl cedryl ketone", "woody"], ["spruce needle oil canada", "woody"], ["vetiver oil haiti", "woody"]]}