{"name": "acetaldehyde diisoamyl acetal", "cas": "13002-09-0", "smiles": "CC(C)CCOC(C)OCCC(C)C", "notes": ["alcoholic", "fruity", "ethereal", "green", "fermented"], "blenders": [["fusel oil", "alcoholic"], ["amyl benzoate", "balsamic"], ["opoponax resinoid (balsamodendron kafal)", "balsamic"], ["terpinyl cinnamate", "balsamic"], ["diethyl malate", "caramellic"], ["maltyl isobutyrate", "caramellic"], ["butyl formate", "chemical"], ["heptanol", "citrus"], ["amyl octanoate", "earthy"], ["acetal", "ethereal"], ["amyl acetoacetate", "ethereal"], ["butyl acetate", "ethereal"], ["butyl alcohol", "ethereal"], ["cyclohexyl formate", "ethereal"], ["ethyl 4-pentenoate", "ethereal"], ["ethyl acetate", "ethereal"], ["ethyl formate", "ethereal"], ["ethyl pyruvate", "ethereal"], ["hexen-3-ol", "ethereal"], ["methyl acetate", "ethereal"], ["methyl ethyl ketone", "ethereal"], ["methyl valeraldehyde", "ethereal"], ["methyl-1-butanol", "ethereal"], ["propyl acetate", "ethereal"], ["propyl formate", "ethereal"], ["propyl valerate", "ethereal"], ["valeraldehyde propylene glycol acetal", "ethereal"], ["butyl undecylenate", "fatty"], ["methyl (E)-2-hexenoate", "fatty"], ["methyl decanoate", "fermented"], ["methyl-1-pentanol", "fermented"], ["pentanol", "fermented"], ["butyl tiglate", "floral"], ["dimethyl anthranilate", "floral"], ["nonan-3-yl acetate", "floral"], ["phenethyl acetate", "floral"], ["acetaldehyde dihexyl acetal", "fruity"], ["allyl amyl glycolate", "fruity"], ["allyl butyrate", "fruity"], ["amyl acetate", "fruity"], ["amyl butyrate", "fruity"], ["amyl formate", "fruity"], ["amyl heptanoate", "fruity"], ["amyl isovalerate", "fruity"], ["amyl octanoate", "fruity"], ["benzyl methyl ether", "fruity"], ["butyl acetate", "fruity"], ["butyl acetoacetate", "fruity"], ["butyl anthranilate", "fruity"], ["butyl hexanoate", "fruity"], ["butyl isobutyrate", "fruity"], ["butyl propionate", "fruity"], ["butyl valerate", "fruity"], ["cherry pentenoate", "fruity"], ["cyclopentyl cyclopentanone", "fruity"], ["diethyl laevo-tartrate", "fruity"], ["diethyl malonate", "fruity"], ["diethyl sebacate", "fruity"], ["dimethyl succinate", "fruity"], ["ethyl 2-cyclohexyl propionate", "fruity"], ["ethyl 2-octenoate", "fruity"], ["ethyl 3-acetoxyhexanoate", "fruity"], ["ethyl 3,5,5-trimethyl hexanoate", "fruity"], ["ethyl acetoacetate", "fruity"], ["ethyl butyl acetate", "fruity"], ["ethyl heptanoate", "fruity"], ["ethyl propionate", "fruity"], ["farnesyl acetone", "fruity"], ["geranyl acetoacetate", "fruity"], ["geranyl ethyl ether", "fruity"], ["heptanal cyclic ethylene acetal", "fruity"], ["hexen-1-ol", "fruity"], ["hexen-1-yl acetate", "fruity"], ["hexen-1-yl isobutyrate", "fruity"], ["hexyl (E)-tiglate", "fruity"], ["hexyl acetate", "fruity"], ["methyl 2-methyl butyrate", "fruity"], ["methyl 3-nonenoate", "fruity"], ["methyl butyl 2-methyl butyrate", "fruity"], ["methyl butyrate", "fruity"], ["methyl heptanoate", "fruity"], ["methyl hexanoate", "fruity"], ["methyl isobutyrate", "fruity"], ["methyl nonanoate", "fruity"], ["nerolidyl isobutyrate", "fruity"], ["octen-1-yl cyclopentanone", "fruity"], ["octyl butyrate", "fruity"], ["pentanone", "fruity"], ["pentyl furan", "fruity"], ["pineapple pentenoate", "fruity"], ["prenol", "fruity"], ["prenyl ethyl ether", "fruity"], ["prenyl hexanoate", "fruity"], ["propyl 2-methyl butyrate", "fruity"], ["propyl butyrate", "fruity"], ["propyl heptanoate", "fruity"], ["propyl isobutyrate", "fruity"], ["propyl propionate", "fruity"], ["rhubarb undecane", "fruity"], ["sorbyl butyrate", "fruity"], ["tetrahydrofurfuryl butyrate", "fruity"], ["tropical indene", "fruity"], ["tropical thiazole", "fruity"], ["amyl formate", "green"], ["benzaldehyde dimethyl acetal", "green"], ["cognac heptanone", "green"], ["cognac oil", "green"], ["decalactone", "green"], ["ethyl (E,Z)-2,4-decadienoate", "green"], ["heptanal dimethyl acetal", "green"], ["hexen-1-yl butyrate", "green"], ["hexen-1-yl formate", "green"], ["hexen-1-yl hexanoate", "green"], ["hexen-1-yl hexanoate", "green"], ["hexyl isobutyrate", "green"], ["hexyl octanoate", "green"], ["hexyl phenyl acetate", "green"], ["manzanate (Givaudan)", "green"], ["penten-1-ol", "green"], ["phenoxyethyl isobutyrate", "green"], ["propylene acetal", "green"], ["tiglaldehyde", "green"], ["violet dienyne", "green"], ["amyl tiglate", "herbal"], ["cognac oil", "herbal"], ["ethyl chrysanthemate", "herbal"], ["hexanol", "herbal"], ["phenethyl senecioate", "herbal"], ["viridiflorol", "herbal"], ["methyl hydrocinnamate", "honey"], ["buchu mercaptan", "sulfurous"], ["cassis pentanone", "sulfurous"], ["passiflora acetate", "sulfurous"], ["cyclocitral", "tropical"], ["allyl nonanoate", "waxy"], ["amyl laurate", "waxy"], ["ethyl nonanoate", "waxy"], ["ethyl octanoate", "waxy"], ["octyl 2-methyl butyrate", "waxy"], ["butyl angelate", "winey"], ["hexanol", "winey"], ["verdoxan", "woody"], ["acetaldehyde 1,3-octane diol acetal", "No flavor group found for these"], ["acetyl-2-isopropenyl pyridine", "No flavor group found for these"], ["amyl octanoate", "No flavor group found for these"], ["amyl tiglate", "No flavor group found for these"], ["amyl-5 or 6-keto-1,4-dioxane", "No flavor group found for these"], ["butyl angelate", "No flavor group found for these"], ["butyl methyl ketone", "No flavor group found for these"], ["butyraldehyde propylene glycol acetal", "No flavor group found for these"], ["cyclopentyl cyclopentanone", "No flavor group found for these"], ["decalactone", "No flavor group found for these"], ["diethyl laevo-tartrate", "No flavor group found for these"], ["diethyl malate", "No flavor group found for these"], ["ethyl 2-methyl-2-(methyl thio) propionate", "No flavor group found for these"], ["ethyl 3-acetoxyhexanoate", "No flavor group found for these"], ["ethyl 4-pentenoate", "No flavor group found for these"], ["ethyl aconitate", "No flavor group found for these"], ["farnesyl acetone", "No flavor group found for these"], ["geranyl acetoacetate", "No flavor group found for these"], ["geranyl ethyl ether", "No flavor group found for these"], ["heptenoic acid", "No flavor group found for these"], ["hexanol", "No flavor group found for these"], ["hexenal", "No flavor group found for these"], ["hexenal diethyl acetal", "No flavor group found for these"], ["hexyl (E)-2-hexenoate", "No flavor group found for these"], ["methyl (E)-2-hexenoate", "No flavor group found for these"], ["methyl butyl isobutyrate", "No flavor group found for these"], ["methyl butyl propionate", "No flavor group found for these"], ["methyl hydrocinnamate", "No flavor group found for these"], ["methyl thio) hexanoate", "No flavor group found for these"], ["methyl-2-octenal", "No flavor group found for these"], ["methyl-2-octenal", "No flavor group found for these"], ["methyl-3-pentanol", "No flavor group found for these"], ["nonan-3-yl acetate", "No flavor group found for these"], ["octadien-2-one", "No flavor group found for these"], ["oenanthic ether", "No flavor group found for these"], ["phenethyl senecioate", "No flavor group found for these"], ["prenyl ethyl ether", "No flavor group found for these"], ["prenyl hexanoate", "No flavor group found for these"], ["propyl valerate", "No flavor group found for these"], ["propylene acetal", "No flavor group found for these"], ["sorbyl propionate", "No flavor group found for these"], ["viridiflorol", "No flavor group found for these"], ["tropical thiazole", "alliaceous"], ["methoxypyridine", "burnt"], ["methyl ethyl ketone", "chemical"], ["cognac heptanone", "citrus"], ["manzanate (Givaudan)", "cooling"], ["ethyl acetoacetate", "estery"], ["butyl acetate", "ethereal"], ["butyl alcohol", "ethereal"], ["ethyl acetate", "ethereal"], ["ethyl formate", "ethereal"], ["methyl acetate", "ethereal"], ["methyl isobutyrate", "ethereal"], ["methyl-1-butanol", "ethereal"], ["propyl acetate", "ethereal"], ["amyl laurate", "fatty"], ["methyl decanoate", "fatty"], ["amyl acetate", "fruity"], ["amyl acetoacetate", "fruity"], ["amyl benzoate", "fruity"], ["amyl formate", "fruity"], ["amyl heptanoate", "fruity"], ["amyl octanoate", "fruity"], ["benzyl methyl ether", "fruity"], ["butyl acetate", "fruity"], ["butyl acetoacetate", "fruity"], ["butyl anthranilate", "fruity"], ["butyl hexanoate", "fruity"], ["butyl isobutyrate", "fruity"], ["butyl propionate", "fruity"], ["butyl valerate", "fruity"], ["cherry pentenoate", "fruity"], ["diethyl malonate", "fruity"], ["diethyl sebacate", "fruity"], ["dimethyl anthranilate", "fruity"], ["dimethyl succinate", "fruity"], ["ethyl (E)-2-octenoate", "fruity"], ["ethyl 2-octenoate", "fruity"], ["ethyl butyl acetate", "fruity"], ["ethyl heptanoate", "fruity"], ["ethyl propionate", "fruity"], ["furfuryl propionate", "fruity"], ["fusel oil", "fruity"], ["heptanol", "fruity"], ["hexen-1-ol", "fruity"], ["hexen-1-yl acetate", "fruity"], ["hexen-1-yl isobutyrate", "fruity"], ["hexyl acetate", "fruity"], ["hexyl phenyl acetate", "fruity"], ["methyl (E)-3-nonenoate", "fruity"], ["methyl 2-methyl butyrate", "fruity"], ["methyl 3-nonenoate", "fruity"], ["methyl allyl butyrate", "fruity"], ["methyl butyl 2-methyl butyrate", "fruity"], ["methyl heptanoate", "fruity"], ["methyl hexanoate", "fruity"], ["octen-1-yl cyclopentanone", "fruity"], ["pentanone", "fruity"], ["pineapple pentenoate", "fruity"], ["prenol", "fruity"], ["propyl 2-methyl butyrate", "fruity"], ["propyl butyrate", "fruity"], ["propyl formate", "fruity"], ["propyl isobutyrate", "fruity"], ["propyl propionate", "fruity"], ["sorbyl butyrate", "fruity"], ["terpinyl cinnamate", "fruity"], ["tetrahydrofurfuryl butyrate", "fruity"], ["tiglaldehyde", "fruity"], ["valeraldehyde propylene glycol acetal", "fruity"], ["cognac oil", "fusel"], ["cognac oil", "fusel"], ["methyl butyrate", "fusel"], ["acetaldehyde dihexyl acetal", "green"], ["allyl butyrate", "green"], ["amyl formate", "green"], ["amyl isovalerate", "green"], ["benzaldehyde dimethyl acetal", "green"], ["cassis pentanone", "green"], ["cyclohexyl formate", "green"], ["ethyl (E,Z)-2,4-decadienoate", "green"], ["ethyl butyraldehyde", "green"], ["heptanal dimethyl acetal", "green"], ["hexanol", "green"], ["hexen-1-yl butyrate", "green"], ["hexen-1-yl hexanoate", "green"], ["hexen-1-yl hexanoate", "green"], ["hexen-3-ol", "green"], ["hexenal diethyl acetal", "green"], ["hexyl (E)-tiglate", "green"], ["hexyl isobutyrate", "green"], ["hexyl octanoate", "green"], ["methyl 2-undecynoate", "green"], ["penten-1-ol", "green"], ["pentyl furan", "green"], ["phenoxyethyl isobutyrate", "green"], ["phenethyl acetate", "honey"], ["maltyl isobutyrate", "jammy"], ["pentanol", "musty"], ["propionaldehyde", "musty"], ["acetal", "nutty"], ["acetaldehyde", "pungent"], ["butyl formate", "rummy"], ["ethyl pyruvate", "rummy"], ["hexen-1-yl formate", "rummy"], ["buchu mercaptan", "sulfurous"], ["methyl 2-(methyl thio) butyrate", "sulfurous"], ["methyl thiomethyl butyrate", "sulfurous"], ["cyclocitral", "tropical"], ["passiflora acetate", "tropical"], ["methyl valeraldehyde", "vegetable"], ["allyl nonanoate", "waxy"], ["amyl butyrate", "waxy"], ["butyl undecylenate", "waxy"], ["ethyl nonanoate", "waxy"], ["ethyl octanoate", "waxy"], ["octyl 2-methyl butyrate", "waxy"], ["octyl butyrate", "waxy"], ["propyl heptanoate", "waxy"], ["methyl-1-pentanol", "whiskey"], ["methyl nonanoate", "winey"]]}