{"name": "methyl (Z)-3-hexenoate", "cas": "13894-62-7", "smiles": "CC\\C=C/CC(=O)OC", "notes": ["fruity"], "blenders": [["dimethyl-3,7-nonadien-2-one", "No odor group found for these"], ["benzyl cinnamate", "balsamic"], ["cinnamyl formate", "balsamic"], ["heptanol", "citrus"], ["butyl undecylenate", "fatty"], ["ethyl octanoic acid", "fatty"], ["methyl decanoate", "fermented"], ["acetal 318", "floral"], ["amyl angelate", "floral"], ["amyl cinnamaldehyde", "floral"], ["benzyl acetate", "floral"], ["benzyl acetoacetate", "floral"], ["benzyl formate", "floral"], ["citronellyl butyrate", "floral"], ["citronellyl hexanoate", "floral"], ["citronellyl propionate", "floral"], ["citronellyl tiglate", "floral"], ["dihydrojasmone", "floral"], ["dimethyl benzyl carbinyl acetate", "floral"], ["geraniol", "floral"], ["menthadienyl formate", "floral"], ["methoxymelonal", "floral"], ["methyl benzyl acetate (mixed ortho-,meta-,para-)", "floral"], ["methyl ionone (90% min.)", "floral"], ["methyl ionyl acetate", "floral"], ["nonanon-1-yl acetate", "floral"], ["orris rhizome concrete butter (iris pallida)", "floral"], ["petitgrain lemon oil", "floral"], ["phenethyl isobutyrate", "floral"], ["phenethyl isovalerate", "floral"], ["phenyl propyl butyrate", "floral"], ["phenyl propyl isobutyrate", "floral"], ["phenyl-3-buten-2-ol", "floral"], ["propyl benzoate", "floral"], ["rose undecene", "floral"], ["star fruit oil cuba", "floral"], ["terpinyl valerate", "floral"], ["tetrahydroionyl acetate", "floral"], ["benzaldehyde / methyl anthranilate schiff's base", "fruity"], ["berry hexanoate", "fruity"], ["butyl anthranilate", "fruity"], ["butyl furyl propionate", "fruity"], ["citronellyl isobutyrate", "fruity"], ["damascone", "fruity"], ["damascone", "fruity"], ["damascone", "fruity"], ["eriocephalus punctulatus flower oil", "fruity"], ["ethyl levulinate", "fruity"], ["heptyl isobutyrate", "fruity"], ["mercaptohexyl acetate", "fruity"], ["methyl isobutyrate", "fruity"], ["methyl-3-octen-2-one", "fruity"], ["rhubarb pyran", "fruity"], ["tolyl)-2-butanone", "fruity"], ["tropical ionone", "fruity"], ["amyl 3-(2-furan) propionate", "green"], ["hexen-1-yl isovalerate", "green"], ["hexoxyacetaldehyde dimethyl acetal", "green"], ["chamomile isobutyrate", "herbal"], ["chamomile propionate", "herbal"], ["chamomile valerate", "herbal"], ["clary propyl acetate", "herbal"], ["methyl cyclogeranate (Firmenich)", "herbal"], ["methyl ionone", "powdery"], ["anisyl formate", "spicy"], ["decalinyl acetate", "woody"], ["acetyl cyclohexyl acetate", "No flavor group found for these"], ["amyl angelate", "No flavor group found for these"], ["amyl angelate", "No flavor group found for these"], ["butyl thiophene", "No flavor group found for these"], ["difurfuryl furan", "No flavor group found for these"], ["dimethyl-3-furyl) ethane thioate", "No flavor group found for these"], ["dimethyl-3,7-nonadien-2-one", "No flavor group found for these"], ["methyl benzyl acetate (mixed ortho-,meta-,para-)", "No flavor group found for these"], ["phenyl propyl butyrate", "No flavor group found for these"], ["phenyl propyl isobutyrate", "No flavor group found for these"], ["propyl benzoate", "No flavor group found for these"], ["amyl 3-(2-furan) propionate", ""], ["benzyl acetoacetate", ""], ["butyl furyl propionate", ""], ["damascone", ""], ["heptyl isobutyrate", "berry"], ["ethyl 2-furoate", "burnt"], ["petitgrain lemon oil", "citrus"], ["methyl isobutyrate", "ethereal"], ["ethyl octanoic acid", "fatty"], ["methyl decanoate", "fatty"], ["methyl-3-octen-2-one", "fatty"], ["citronellyl hexanoate", "floral"], ["citronellyl propionate", "floral"], ["dihydrojasmone", "floral"], ["dimethyl benzyl carbinyl acetate", "floral"], ["geraniol", "floral"], ["methyl ionone (90% min.)", "floral"], ["orris rhizome concrete butter (iris pallida)", "floral"], ["tropical ionone", "floral"], ["benzyl acetate", "fruity"], ["benzyl formate", "fruity"], ["butyl anthranilate", "fruity"], ["citronellyl butyrate", "fruity"], ["citronellyl isobutyrate", "fruity"], ["damascone", "fruity"], ["damascone", "fruity"], ["ethyl levulinate", "fruity"], ["heptanol", "fruity"], ["hexyl-4-acetoxytetrahydrofuran", "fruity"], ["methoxymelonal", "fruity"], ["methyl 4-phenyl butyrate", "fruity"], ["methyl ionone", "fruity"], ["nonanon-1-yl acetate", "fruity"], ["phenethyl isovalerate", "fruity"], ["phenyl-4-pentenal", "fruity"], ["star fruit oil cuba", "fruity"], ["terpinyl valerate", "fruity"], ["tolyl)-2-butanone", "fruity"], ["citronellyl tiglate", "green"], ["hexen-1-yl isovalerate", "green"], ["phenethyl isobutyrate", "honey"], ["anisyl formate", "spicy"], ["benzyl cinnamate", "spicy"], ["cinnamyl formate", "spicy"], ["amyl cinnamaldehyde", "tropical"], ["mercaptohexyl acetate", "tropical"], ["butyl undecylenate", "waxy"], ["phenyl-3-buten-2-ol", "waxy"], ["methyl ionyl acetate", "woody"]]}