{"name": "3,5-cocoa pyrazine", "cas": "13925-07-0", "smiles": "CCC1=NC=C(N=C1C)C", "notes": ["burnt", "almond", "roasted", "nutty", "coffee", "peanut", "nutty", "caramellic", "coffee", "musty", "cocoa", "roasted"], "blenders": [["methyl furfuryl disulfide", "alliaceous"], ["acetyl furan", "balsamic"], ["furfural", "bready"], ["hexane dione", "buttery"], ["coffee dione", "caramellic"], ["cyclotene", "caramellic"], ["fenugreek absolute", "caramellic"], ["malt fragrance", "caramellic"], ["rosefuran", "caramellic"], ["dimethyl pyrazine", "chocolate"], ["dimethyl pyrazine", "chocolate"], ["methoxy-3-methyl pyrazine", "chocolate"], ["trimethyl thiazole", "chocolate"], ["tonka bean resinoid", "coumarinic"], ["tonka bean resinoid replacer", "coumarinic"], ["butyrolactone", "creamy"], ["tetrahydrofurfuryl acetate", "fruity"], ["butyl levulinate", "herbal"], ["hazelnut pyrazine", "musty"], ["methyl pyrazine", "nutty"], ["nutty cyclohexenone", "nutty"], ["trimethyl pyrazine", "nutty"], ["methyl-2,6-dimethoxyphenol", "phenolic"], ["acetyl pyrazine", "popcorn"], ["acetyl thiazole", "popcorn"], ["furfuryl thioacetate", "sulfurous"], ["furfuryl thioformate", "sulfurous"], ["tonka bean absolute", "tonka"], ["butyl laurate", "waxy"], ["acetyl-3,4,5,6-tetrahydropyridine", "No flavor group found for these"], ["benzyl disulfide", "No flavor group found for these"], ["butyl-4(2),6-dimethyl dihydro-4H-1,3,5-dithiazine", "No flavor group found for these"], ["furfuryl acetone", "No flavor group found for these"], ["peanut dithiazine", "No flavor group found for these"], ["rosefuran", "No flavor group found for these"], ["furfural", "brown"], ["tetrahydrofurfuryl acetate", "brown"], ["hexane dione", "buttery"], ["butterscotch praline flavor", "caramellic"], ["caramel furanone", "caramellic"], ["caramel nut cream flavor", "caramellic"], ["caramel nut fudge flavor", "caramellic"], ["cyclotene", "caramellic"], ["fenugreek absolute", "caramellic"], ["fenugreek distillates", "caramellic"], ["maple nut flavor", "caramellic"], ["chocolate caramel nut flavor", "chocolate"], ["butyraldehyde", "cocoa"], ["methyl furan", "cocoa"], ["coffee dione", "coffee"], ["coffee enhancers", "coffee"], ["methyl furfuryl disulfide", "coffee"], ["propyl pyrazine", "coffee"], ["thiophene thiol", "coffee"], ["acetyl thiazole", "corn chip"], ["creme brulle coffee flavor", "dairy"], ["butyl levulinate", "herbal"], ["hydroxymethyl furfural", "herbal"], ["malt flavor", "malty"], ["dimethyl pyrazine", "meaty"], ["butyrolactone", "milky"], ["furfuryl methyl ether", "mustard"], ["dimethyl pyrazine", "musty"], ["hazelnut pyrazine", "musty"], ["trimethyl pyrazine", "musty"], ["acetyl furan", "nutty"], ["cocoa pyrazine", "nutty"], ["methoxy-3-methyl pyrazine", "nutty"], ["methyl pyrazine", "nutty"], ["nutty cyclohexenone", "nutty"], ["peanut brittle flavor", "nutty"], ["peanut oxazole", "nutty"], ["trimethyl thiazole", "nutty"], ["methyl-2,6-dimethoxyphenol", "phenolic"], ["acetyl pyrazine", "roasted"], ["furfuryl thioacetate", "roasted"], ["butyl mercaptan", "sulfurous"], ["ethyl thioacetate", "sulfurous"], ["furfuryl thioformate", "sulfurous"], ["thienyl mercaptan", "sulfurous"], ["butyl laurate", "waxy"]]}