{"name": "ethyl dimethyl pyrazine", "cas": "15707-34-3", "smiles": "CCC1=CN=C(C(=N1)C)C", "notes": ["burnt", "popcorn", "roasted", "cocoa"], "blenders": [["dimethyl pyrazine", "chocolate"], ["theobroma cacao extract", "cocoa"], ["popcorn pyrimidine", "corn chip"], ["acetyl pyridine", "nutty"], ["acetyl-3-ethyl pyrazine", "nutty"], ["acetyl-3,5(or 6)-dimethyl pyrazine", "nutty"], ["cocoa pyrazine", "nutty"], ["methyl pyrazine", "nutty"], ["acetyl pyrazine", "popcorn"], ["acetyl pyridine", "popcorn"], ["acetyl thiazole", "popcorn"], ["acetyl-5-methyl pyrazine", "No flavor group found for these"], ["acetyl-6-methyl pyrazine", "No flavor group found for these"], ["butyl-4(2),6-dimethyl dihydro-4H-1,3,5-dithiazine", "No flavor group found for these"], ["propionyl pyrrole", "No flavor group found for these"], ["propionyl thiazole", "bready"], ["theobroma cacao extract", "cocoa"], ["acetyl pyridine", "corn"], ["acetyl thiazole", "corn"], ["popcorn pyrimidine", "corn"], ["dimethyl pyrazine", "musty"], ["acetyl pyridine", "nutty"], ["acetyl-3-ethyl pyrazine", "nutty"], ["acetyl-3,5(or 6)-dimethyl pyrazine", "nutty"], ["cocoa pyrazine", "nutty"], ["methyl pyrazine", "nutty"], ["acetyl pyrazine", "roasted"]]}