{"name": "1-ethoxyethyl acetate", "cas": "1608-72-6", "smiles": "CCOC(C)OC(=O)C", "notes": ["green", "estery", "fruity", "aromatic", "melon rind", "pepper bell pepper", "sour", "acetic", "citrus"], "blenders": [["maltyl isobutyrate", "caramellic"], ["valeraldehyde propylene glycol acetal", "ethereal"], ["citronellyl acetate", "floral"], ["linalyl butyrate", "floral"], ["phenethyl acetate", "floral"], ["amyl propionate", "fruity"], ["prenyl isobutyrate", "fruity"], ["propyl isobutyrate", "fruity"], ["tropical ionone", "fruity"], ["tropical thiazole", "fruity"], ["ethyl (E,Z)-2,4-decadienoate", "green"], ["heptanal dimethyl acetal", "green"], ["penten-3-ol", "green"], ["viridiflorol", "herbal"], ["buchu mercaptan", "sulfurous"], ["cassis pentanone", "sulfurous"], ["passiflora acetate", "sulfurous"], ["tropical 3-thiobutyrate", "tropical"], ["octen-4-one", "yeasty"], ["amyl 3-methyl thiopropionate", "No flavor group found for these"], ["ethyl 3-octenoate", "No flavor group found for these"], ["prenyl isobutyrate", "No flavor group found for these"], ["viridiflorol", "No flavor group found for these"], ["tropical thiazole", "alliaceous"], ["citronellyl acetate", "floral"], ["linalyl butyrate", "floral"], ["tropical ionone", "floral"], ["amyl propionate", "fruity"], ["propyl isobutyrate", "fruity"], ["valeraldehyde propylene glycol acetal", "fruity"], ["cassis pentanone", "green"], ["ethyl (E,Z)-2,4-decadienoate", "green"], ["heptanal dimethyl acetal", "green"], ["penten-3-ol", "green"], ["phenethyl acetate", "honey"], ["maltyl isobutyrate", "jammy"], ["buchu mercaptan", "sulfurous"], ["methyl 2-(methyl thio) butyrate", "sulfurous"], ["methyl thiomethyl butyrate", "sulfurous"], ["tropical 3-thiobutyrate", "sulfurous"], ["passiflora acetate", "tropical"], ["octen-4-one", "vegetable"]]}