{"name": "methyl nonanoate", "cas": "1731-84-6", "smiles": "CCCCCCCCC(=O)OC", "notes": ["sweet", "fruity", "pear", "waxy", "tropical", "winey", "sweet", "fruity", "pear", "waxy", "winey", "tropical"], "blenders": [["ethyl butyric acid", "acidic"], ["methyl (E)-2-octenoate", "animal"], ["amyl benzoate", "balsamic"], ["opoponax oil (balsamodendron kafal)", "balsamic"], ["opoponax resinoid (balsamodendron kafal)", "balsamic"], ["terpinyl cinnamate", "balsamic"], ["diethyl malate", "caramellic"], ["maltyl isobutyrate", "caramellic"], ["heptanone", "cheesy"], ["propyl propionate", "chemical"], ["grapefruit mercaptan", "citrus"], ["tetradecenal", "citrus"], ["octalactone", "coconut"], ["methyl butyl phenyl acetate", "dairy"], ["amyl octanoate", "earthy"], ["amyl acetoacetate", "ethereal"], ["butyl alcohol", "ethereal"], ["methyl-1-butanol", "ethereal"], ["propyl formate", "ethereal"], ["allyl octanoate", "fatty"], ["butyl undecylenate", "fatty"], ["decanol", "fatty"], ["ethyl undecylenate", "fatty"], ["hexanal diethyl acetal", "fermented"], ["methyl decanoate", "fermented"], ["methyl-1-pentanol", "fermented"], ["benzyl isobutyrate", "floral"], ["citronellyl acetate", "floral"], ["citronellyl acetate", "floral"], ["citronellyl butyrate", "floral"], ["citronellyl propionate", "floral"], ["dimethyl anthranilate", "floral"], ["geranium oil egypt fractions", "floral"], ["geranyl acetate", "floral"], ["geranyl acetone", "floral"], ["geranyl hexanoate", "floral"], ["geranyl propionate", "floral"], ["hexyl 2-furoate", "floral"], ["hexyl cinnamaldehyde", "floral"], ["hexyl lactate", "floral"], ["hydroxycitronellal", "floral"], ["jasmin absolute egypt (from concrete)", "floral"], ["methyl epi-jasmonate", "floral"], ["methyl jasmonate", "floral"], ["mimosa absolute morocco", "floral"], ["neroli oil bigarde", "floral"], ["neryl acetate", "floral"], ["ocimene", "floral"], ["phenethyl acetate", "floral"], ["phenethyl butyrate", "floral"], ["rose butanoate", "floral"], ["allyl butyrate", "fruity"], ["allyl cyclohexyl propionate", "fruity"], ["allyl heptanoate", "fruity"], ["allyl hexanoate", "fruity"], ["allyl propionate", "fruity"], ["amyl acetate", "fruity"], ["amyl butyrate", "fruity"], ["amyl butyrate", "fruity"], ["amyl hexanoate", "fruity"], ["amyl isobutyrate", "fruity"], ["amyl isovalerate", "fruity"], ["amyl propionate", "fruity"], ["apple crotonate", "fruity"], ["berry hexanoate", "fruity"], ["berry pentadienoate", "fruity"], ["butyl acetoacetate", "fruity"], ["butyl anthranilate", "fruity"], ["butyl hexanoate", "fruity"], ["butyl hexanoate", "fruity"], ["butyl isobutyrate", "fruity"], ["butyl isovalerate", "fruity"], ["butyl valerate", "fruity"], ["cinnamyl isobutyrate", "fruity"], ["cyclohexyl carboxylic acid", "fruity"], ["cyclohexyl propionate", "fruity"], ["decyl butyrate", "fruity"], ["diethyl laevo-tartrate", "fruity"], ["diethyl sebacate", "fruity"], ["ethyl (E)-4-octenoate", "fruity"], ["ethyl (Z)-4-octenoate", "fruity"], ["ethyl 2-cyclohexyl propionate", "fruity"], ["ethyl 2-octenoate", "fruity"], ["ethyl 3,5,5-trimethyl hexanoate", "fruity"], ["ethyl cyclohexane propionate", "fruity"], ["ethyl heptanoate", "fruity"], ["ethyl levulinate", "fruity"], ["farnesyl acetone", "fruity"], ["geranyl acetoacetate", "fruity"], ["hepten-1-yl acetate", "fruity"], ["hexanal propylene glycol acetal", "fruity"], ["hexanone", "fruity"], ["hexen-1-yl 2-methyl-2-pentenoate", "fruity"], ["hexen-1-yl acetate", "fruity"], ["hexen-1-yl isobutyrate", "fruity"], ["hexenyl cyclopentanyl acetate", "fruity"], ["hexyl (E)-tiglate", "fruity"], ["hexyl propionate", "fruity"], ["linalyl hexanoate", "fruity"], ["mercaptohexyl acetate", "fruity"], ["methyl (E,Z)-2,4-decadienoate", "fruity"], ["methyl (Z)-4-decenoate", "fruity"], ["methyl 2-methyl valerate", "fruity"], ["methyl 2-octenoate", "fruity"], ["methyl 3-nonenoate", "fruity"], ["methyl butyl 2-methyl butyrate", "fruity"], ["methyl-2-pentenyl acetate", "fruity"], ["nerolidyl isobutyrate", "fruity"], ["nonen-1-yl acetate", "fruity"], ["octen-1-yl propionate", "fruity"], ["pear valerate", "fruity"], ["pentanone", "fruity"], ["pentyl furan", "fruity"], ["plum crotonate", "fruity"], ["propyl 2-methyl butyrate", "fruity"], ["propyl 2,4-decadienoate", "fruity"], ["propyl acetate", "fruity"], ["propyl heptanoate", "fruity"], ["propyl hexanoate", "fruity"], ["propyl isobutyrate", "fruity"], ["propyl isobutyrate", "fruity"], ["sorbyl butyrate", "fruity"], ["tetrahydrofurfuryl butyrate", "fruity"], ["tropical indene", "fruity"], ["tropical ionone", "fruity"], ["tropical thiazole", "fruity"], ["tropical trithiane", "fruity"], ["acetaldehyde methyl hexyl acetal", "green"], ["benzaldehyde dimethyl acetal", "green"], ["carrot leaf oil (daucus carota ssp.maximus)", "green"], ["cilantro leaf oil", "green"], ["cognac oil", "green"], ["dodecanal dimethyl acetal", "green"], ["ethyl (E,Z)-2,4-decadienoate", "green"], ["ethyl (E)-2-decenoate", "green"], ["ethyl (E)-4-decenoate", "green"], ["heptanal dimethyl acetal", "green"], ["heptyl acetate", "green"], ["hexen-1-yl (E)-2-hexenoate", "green"], ["hexen-1-yl (Z)-3-hexenoate", "green"], ["hexen-1-yl 2-methyl butyrate", "green"], ["hexen-1-yl acetate", "green"], ["hexen-1-yl acetate", "green"], ["hexen-1-yl butyrate", "green"], ["hexen-1-yl formate", "green"], ["hexen-1-yl hexanoate", "green"], ["hexen-1-yl isovalerate", "green"], ["hexen-1-yl phenyl acetate", "green"], ["hexen-1-yl propionate", "green"], ["hexen-1-yl propionate", "green"], ["hexen-1-yl valerate", "green"], ["hexen-1-yl valerate", "green"], ["hexenal", "green"], ["hexenyl methyl ether", "green"], ["hexyl 2-methyl butyrate", "green"], ["hexyl butyrate", "green"], ["hexyl isobutyrate", "green"], ["hexyl phenyl acetate", "green"], ["melon nonenoate", "green"], ["nonadien-1-ol", "green"], ["nonadien-1-yl acetate", "green"], ["nonadien-1-yl acetate", "green"], ["octanal diethyl acetal", "green"], ["octen-1-yl acetate", "green"], ["octen-1-yl propionate", "green"], ["octyl formate", "green"], ["penten-3-ol", "green"], ["pentenal", "green"], ["sorbyl isobutyrate", "green"], ["terpinyl propionate", "green"], ["amyl tiglate", "herbal"], ["butylidene phthalide", "herbal"], ["clary sage concrete", "herbal"], ["cognac oil", "herbal"], ["ethyl chrysanthemate", "herbal"], ["jambu oleoresin", "herbal"], ["levisticum officinale root extract", "herbal"], ["phenethyl senecioate", "herbal"], ["propylidene phthalide", "herbal"], ["viridiflorol", "herbal"], ["methyl hydrocinnamate", "honey"], ["methyl phenyl acetate", "honey"], ["nonen-1-yl acetate", "melon"], ["musk propanoate", "musk"], ["hydroxyacetophenone", "phenolic"], ["carrot weed oil", "spicy"], ["buchu mercaptan", "sulfurous"], ["cassis pentanone", "sulfurous"], ["grapefruit menthane", "sulfurous"], ["lychee mercaptan acetate", "sulfurous"], ["mango thiol", "sulfurous"], ["passiflora acetate", "sulfurous"], ["phenethyl mercaptan", "sulfurous"], ["tropical 2-thiobutyrate", "sulfurous"], ["terpinene", "terpenic"], ["ethyl (Z)-3-hexenoate", "tropical"], ["hexyl 2-methyl-3-pentenoate", "tropical"], ["hotrienol", "tropical"], ["tropical 3-thiobutyrate", "tropical"], ["tropical oxathiane", "tropical"], ["allyl nonanoate", "waxy"], ["amyl laurate", "waxy"], ["ethyl nonanoate", "waxy"], ["ethyl octanoate", "waxy"], ["nonyl acetate", "waxy"], ["octanol", "waxy"], ["tridecen-1-yl acetate", "waxy"], ["butyl angelate", "winey"], ["hexanol", "winey"], ["octen-4-one", "yeasty"], ["amyl 3-methyl thiopropionate", "No flavor group found for these"], ["amyl octanoate", "No flavor group found for these"], ["amyl tiglate", "No flavor group found for these"], ["amyl-5 or 6-keto-1,4-dioxane", "No flavor group found for these"], ["butyl angelate", "No flavor group found for these"], ["butyraldehyde propylene glycol acetal", "No flavor group found for these"], ["decen-2-one", "No flavor group found for these"], ["diethyl laevo-tartrate", "No flavor group found for these"], ["diethyl malate", "No flavor group found for these"], ["ethyl (Z)-3-hexenoate", "No flavor group found for these"], ["ethyl 3-octenoate", "No flavor group found for these"], ["ethyl aconitate", "No flavor group found for these"], ["ethyl cyclohexane propionate", "No flavor group found for these"], ["farnesyl acetone", "No flavor group found for these"], ["geranyl acetoacetate", "No flavor group found for these"], ["hepten-1-yl acetate", "No flavor group found for these"], ["hexanal diethyl acetal", "No flavor group found for these"], ["hexanol", "No flavor group found for these"], ["hexyl acetate", "No flavor group found for these"], ["hexyl propionate", "No flavor group found for these"], ["linalyl hexanoate", "No flavor group found for these"], ["methyl (E,Z)-2,4-decadienoate", "No flavor group found for these"], ["methyl (Z)-4-decenoate", "No flavor group found for these"], ["methyl 2-octenoate", "No flavor group found for these"], ["methyl hydrocinnamate", "No flavor group found for these"], ["methyl thio) hexanoate", "No flavor group found for these"], ["phenethyl mercaptan", "No flavor group found for these"], ["phenethyl senecioate", "No flavor group found for these"], ["propyl isobutyrate", "No flavor group found for these"], ["sorbyl propionate", "No flavor group found for these"], ["tridecen-1-yl acetate", "No flavor group found for these"], ["tropical 2-thiobutyrate", "No flavor group found for these"], ["viridiflorol", "No flavor group found for these"], ["sorbyl isobutyrate", ""], ["ethyl butyric acid", "acidic"], ["allyl propionate", "alliaceous"], ["dipropyl trisulfide", "alliaceous"], ["tropical thiazole", "alliaceous"], ["opoponax oil (balsamodendron kafal)", "balsamic"], ["butylidene phthalide", "celery"], ["heptanone", "cheesy"], ["cilantro leaf oil", "citrus"], ["grapefruit mercaptan", "citrus"], ["octalactone", "coconut"], ["jambu oleoresin", "cooling"], ["methyl butyl phenyl acetate", "dairy"], ["propyl acetate", "estery"], ["butyl alcohol", "ethereal"], ["methyl-1-butanol", "ethereal"], ["allyl octanoate", "fatty"], ["amyl laurate", "fatty"], ["ethyl (E)-4-decenoate", "fatty"], ["ethyl undecylenate", "fatty"], ["methyl decanoate", "fatty"], ["octenoic acid", "fatty"], ["undecadienal", "fatty"], ["citronellyl acetate", "floral"], ["citronellyl acetate", "floral"], ["citronellyl propionate", "floral"], ["geranyl acetone", "floral"], ["hotrienol", "floral"], ["jasmin absolute egypt (from concrete)", "floral"], ["methyl epi-jasmonate", "floral"], ["methyl jasmonate", "floral"], ["methyl phenyl acetate", "floral"], ["mimosa absolute morocco", "floral"], ["neroli oil bigarde", "floral"], ["neryl acetate", "floral"], ["tropical ionone", "floral"], ["allyl cyclohexyl propionate", "fruity"], ["allyl heptanoate", "fruity"], ["allyl hexanoate", "fruity"], ["amyl acetate", "fruity"], ["amyl acetoacetate", "fruity"], ["amyl benzoate", "fruity"], ["amyl butyrate", "fruity"], ["amyl hexanoate", "fruity"], ["amyl isobutyrate", "fruity"], ["amyl propionate", "fruity"], ["benzyl isobutyrate", "fruity"], ["berry pentadienoate", "fruity"], ["butyl acetoacetate", "fruity"], ["butyl anthranilate", "fruity"], ["butyl hexanoate", "fruity"], ["butyl hexanoate", "fruity"], ["butyl isobutyrate", "fruity"], ["butyl isovalerate", "fruity"], ["butyl valerate", "fruity"], ["cinnamyl isobutyrate", "fruity"], ["citronellyl butyrate", "fruity"], ["cyclohexyl carboxylic acid", "fruity"], ["cyclohexyl propionate", "fruity"], ["decyl butyrate", "fruity"], ["diethyl sebacate", "fruity"], ["dimethyl anthranilate", "fruity"], ["ethyl (E)-2-decenoate", "fruity"], ["ethyl (E)-2-octenoate", "fruity"], ["ethyl (Z)-4-octenoate", "fruity"], ["ethyl 2-octenoate", "fruity"], ["ethyl heptanoate", "fruity"], ["ethyl levulinate", "fruity"], ["furfuryl propionate", "fruity"], ["furyl pentyl ketone", "fruity"], ["geranyl hexanoate", "fruity"], ["hexanal propylene glycol acetal", "fruity"], ["hexanone", "fruity"], ["hexen-1-yl (E)-2-hexenoate", "fruity"], ["hexen-1-yl acetate", "fruity"], ["hexen-1-yl isobutyrate", "fruity"], ["hexyl 2-methyl-3-pentenoate", "fruity"], ["hexyl lactate", "fruity"], ["hexyl phenyl acetate", "fruity"], ["mercaptohexyl hexanoate", "fruity"], ["methyl (E)-2-octenoate", "fruity"], ["methyl (E)-3-nonenoate", "fruity"], ["methyl 2-methyl valerate", "fruity"], ["methyl 3-nonenoate", "fruity"], ["methyl butyl 2-methyl butyrate", "fruity"], ["octen-1-yl propionate", "fruity"], ["pentanone", "fruity"], ["phenethyl butyrate", "fruity"], ["propyl 2-methyl butyrate", "fruity"], ["propyl formate", "fruity"], ["propyl hexanoate", "fruity"], ["propyl isobutyrate", "fruity"], ["rose butanoate", "fruity"], ["sorbyl butyrate", "fruity"], ["terpinyl cinnamate", "fruity"], ["tetrahydrofurfuryl butyrate", "fruity"], ["tropical trithiane", "fruity"], ["cognac oil", "fusel"], ["cognac oil", "fusel"], ["allyl butyrate", "green"], ["amyl isovalerate", "green"], ["benzaldehyde dimethyl acetal", "green"], ["carrot weed oil", "green"], ["cassis pentanone", "green"], ["dodecanal dimethyl acetal", "green"], ["ethyl (E,Z)-2,4-decadienoate", "green"], ["geranyl acetate", "green"], ["heptanal dimethyl acetal", "green"], ["heptyl acetate", "green"], ["hexadienal", "green"], ["hexen-1-yl (Z)-3-hexenoate", "green"], ["hexen-1-yl 2-methyl butyrate", "green"], ["hexen-1-yl acetate", "green"], ["hexen-1-yl acetate", "green"], ["hexen-1-yl butyrate", "green"], ["hexen-1-yl formate", "green"], ["hexen-1-yl hexanoate", "green"], ["hexen-1-yl isovalerate", "green"], ["hexen-1-yl phenyl acetate", "green"], ["hexen-1-yl propionate", "green"], ["hexen-1-yl propionate", "green"], ["hexen-1-yl valerate", "green"], ["hexen-1-yl valerate", "green"], ["hexenal", "green"], ["hexyl (E)-tiglate", "green"], ["hexyl 2-furoate", "green"], ["hexyl 2-methyl butyrate", "green"], ["hexyl butyrate", "green"], ["hexyl isobutyrate", "green"], ["melon nonenoate", "green"], ["nonadien-1-ol", "green"], ["nonadien-1-yl acetate", "green"], ["nonadien-1-yl acetate", "green"], ["nonen-1-yl acetate", "green"], ["ocimene", "green"], ["octadienal", "green"], ["octadienal", "green"], ["octanal diethyl acetal", "green"], ["octen-1-yl acetate", "green"], ["octen-1-yl propionate", "green"], ["penten-3-ol", "green"], ["pentenal", "green"], ["pentyl furan", "green"], ["phorone", "green"], ["propylidene phthalide", "green"], ["terpinyl propionate", "green"], ["clary sage concrete", "herbal"], ["phenethyl acetate", "honey"], ["maltyl isobutyrate", "jammy"], ["lychee mercaptan acetate", "juicy"], ["mercapto-2-butanone", "meaty"], ["propyl 2,4-decadienoate", "melon"], ["propionaldehyde", "musty"], ["hydroxyacetophenone", "naphthyl"], ["tetrahydrofurfuryl propionate", "oily"], ["levisticum officinale root extract", "spicy"], ["buchu mercaptan", "sulfurous"], ["grapefruit menthane", "sulfurous"], ["mango thiol", "sulfurous"], ["methyl 2-(methyl thio) butyrate", "sulfurous"], ["methyl thiomethyl butyrate", "sulfurous"], ["tropical 3-thiobutyrate", "sulfurous"], ["terpinene", "terpenic"], ["mercaptohexyl acetate", "tropical"], ["mercaptohexyl butyrate", "tropical"], ["passiflora acetate", "tropical"], ["propyl propionate", "tropical"], ["tropical oxathiane", "tropical"], ["octen-4-one", "vegetable"], ["allyl nonanoate", "waxy"], ["amyl butyrate", "waxy"], ["butyl undecylenate", "waxy"], ["decanol", "waxy"], ["ethyl nonanoate", "waxy"], ["ethyl octanoate", "waxy"], ["geranyl propionate", "waxy"], ["hexyl cinnamaldehyde", "waxy"], ["hydroxycitronellal", "waxy"], ["nonen-1-yl acetate", "waxy"], ["nonyl acetate", "waxy"], ["octanol", "waxy"], ["octyl formate", "waxy"], ["propyl heptanoate", "waxy"], ["tetradecenal", "waxy"], ["methyl-1-pentanol", "whiskey"]]}