{"name": "isoamyl lactate", "cas": "19329-89-6", "smiles": "CC(C)CCOC(=O)C(C)O", "notes": ["fruity", "creamy", "nutty"], "blenders": [["decen-5-olide", "No odor group found for these"], ["jasmin pyranone", "floral"], ["jasmone", "floral"], ["undecalactone", "fruity"], ["undecalactone (aldehyde C-14 (so-called))", "fruity"], ["undecanone", "fruity"], ["butyl lactate", "green"], ["hexalactone", "herbal"], ["resorcinol", "nutty"], ["vanilla oleoresin bali", "sweet"], ["vanillyl isobutyrate", "vanilla"], ["ethyl laurate", "waxy"], ["ethyl octanoate", "waxy"], ["ethyl palmitate", "waxy"], ["decen-5-olide", "No flavor group found for these"], ["hydroxy-4-phenyl-2-butanone", "No flavor group found for these"], ["undecalactone", "No flavor group found for these"], ["methyl ketones", "cheesy"], ["hexalactone", "creamy"], ["jasmin pyranone", "creamy"], ["triacetin", "creamy"], ["undecalactone (aldehyde C-14 (so-called))", "creamy"], ["acetyl isovaleryl", "fruity"], ["butyl lactate", "green"], ["jasmone", "green"], ["furfural acetone", "nutty"], ["vanilla oleoresin bali", "sweet"], ["vanillyl isobutyrate", "vanilla"], ["ethyl laurate", "waxy"], ["ethyl octanoate", "waxy"], ["ethyl palmitate", "waxy"], ["undecanone", "waxy"]]}