{"name": "benzyl lactate", "cas": "2051-96-9", "smiles": "CC(C(=O)OCC1=CC=CC=C1)O", "notes": ["floral", "fatty", "buttery", "fruity"], "blenders": [["dimethyl-3,7-nonadien-2-one", "No odor group found for these"], ["valeraldehyde diethyl acetal", "No odor group found for these"], ["butyric acid", "acidic"], ["aldehydic fragrance", "aldehydic"], ["benzyl cinnamate", "balsamic"], ["cinnamyl benzoate", "balsamic"], ["cinnamyl formate", "balsamic"], ["coffee furanone", "bready"], ["acetoin", "buttery"], ["acetoin propylene glycol acetal", "buttery"], ["acetyl butyryl", "buttery"], ["acetyl isobutyryl", "buttery"], ["acetyl propionyl", "buttery"], ["butyl butyryl lactate", "buttery"], ["butyl lactate", "buttery"], ["butyl octanoate", "buttery"], ["heptane dione", "buttery"], ["hexane dione", "buttery"], ["dimethyl anisyl acetone", "caramellic"], ["butyric acid", "cheesy"], ["decenal", "citrus"], ["heptanol", "citrus"], ["nonalactone (aldehyde C-18 (so-called))", "coconut"], ["butane diol", "creamy"], ["cream fragrance", "creamy"], ["waxy lactone", "creamy"], ["methyl undecylenate", "earthy"], ["decyl propionate", "ethereal"], ["valeraldehyde propylene glycol acetal", "ethereal"], ["butyl undecylenate", "fatty"], ["decanol", "fatty"], ["decen-4-olide", "fatty"], ["ethyl octanoic acid", "fatty"], ["hexyl pivalate", "fatty"], ["undecanal propylene glycol acetal", "fatty"], ["methyl decanoate", "fermented"], ["acetal 318", "floral"], ["amyl angelate", "floral"], ["amyl cinnamaldehyde", "floral"], ["amyl cinnamaldehyde / methyl anthranilate schiff's base", "floral"], ["benzyl acetate", "floral"], ["benzyl acetoacetate", "floral"], ["benzyl formate", "floral"], ["citronellyl butyrate", "floral"], ["citronellyl hexanoate", "floral"], ["citronellyl propionate", "floral"], ["citronellyl tiglate", "floral"], ["decanol", "floral"], ["dihydrojasmone", "floral"], ["dimethyl benzyl carbinyl acetate", "floral"], ["gardenia concrete", "floral"], ["geraniol", "floral"], ["honeysuckle absolute", "floral"], ["honeysuckle absolute replacer", "floral"], ["jasmin pyranone", "floral"], ["jasmone", "floral"], ["lily of the valley absolute", "floral"], ["linalyl butyrate", "floral"], ["menthadienyl formate", "floral"], ["methoxymelonal", "floral"], ["methyl benzyl acetate (mixed ortho-,meta-,para-)", "floral"], ["methyl ionyl acetate", "floral"], ["nonanol", "floral"], ["nonanon-1-yl acetate", "floral"], ["phenethyl isobutyrate", "floral"], ["phenethyl isovalerate", "floral"], ["phenyl propyl butyrate", "floral"], ["phenyl propyl isobutyrate", "floral"], ["phenyl-3-buten-2-ol", "floral"], ["propyl benzoate", "floral"], ["rose undecene", "floral"], ["terpinyl valerate", "floral"], ["tetrahydroionyl acetate", "floral"], ["acetoin acetate", "fruity"], ["acetoxyacetone", "fruity"], ["benzaldehyde / methyl anthranilate schiff's base", "fruity"], ["berry hexanoate", "fruity"], ["butyl anthranilate", "fruity"], ["butyl furyl propionate", "fruity"], ["citronellyl isobutyrate", "fruity"], ["damascone", "fruity"], ["damascone", "fruity"], ["damascone", "fruity"], ["decalactone", "fruity"], ["decalactone", "fruity"], ["eriocephalus punctulatus flower oil", "fruity"], ["ethyl lactate", "fruity"], ["ethyl levulinate", "fruity"], ["hepten-1-yl acetate", "fruity"], ["heptyl isobutyrate", "fruity"], ["mercaptohexyl acetate", "fruity"], ["methyl (Z)-3-hexenoate", "fruity"], ["methyl butyl butyrate", "fruity"], ["methyl isobutyrate", "fruity"], ["methyl-3-octen-2-one", "fruity"], ["nonanone propylene glycol acetal", "fruity"], ["octyl heptanoate", "fruity"], ["prenyl isobutyrate", "fruity"], ["rhubarb pyran", "fruity"], ["tolyl)-2-butanone", "fruity"], ["tropical ionone", "fruity"], ["amyl 3-(2-furan) propionate", "green"], ["heptenal", "green"], ["hexen-1-yl butyrate", "green"], ["hexen-1-yl isovalerate", "green"], ["hexoxyacetaldehyde dimethyl acetal", "green"], ["chamomile isobutyrate", "herbal"], ["chamomile propionate", "herbal"], ["chamomile valerate", "herbal"], ["clary propyl acetate", "herbal"], ["methyl cyclogeranate (Firmenich)", "herbal"], ["octen-3-yl butyrate", "mushroom"], ["ethyl pyrazine", "nutty"], ["petal pyranone", "oily"], ["methyl ionone", "powdery"], ["ethyl undecanoate", "soapy"], ["anisyl formate", "spicy"], ["dodecalactone", "tropical"], ["decenoic acid", "waxy"], ["methyl heptanoic acid", "waxy"], ["decalinyl acetate", "woody"], ["mimosa concrete morocco", "woody"], ["acetoxyacetone", "No flavor group found for these"], ["acetyl cyclohexyl acetate", "No flavor group found for these"], ["amyl angelate", "No flavor group found for these"], ["amyl angelate", "No flavor group found for these"], ["butyl octanoate", "No flavor group found for these"], ["butyl thiophene", "No flavor group found for these"], ["cinnamyl benzoate", "No flavor group found for these"], ["decalactone", "No flavor group found for these"], ["decanol", "No flavor group found for these"], ["decen-4-olide", "No flavor group found for these"], ["decenoic acid", "No flavor group found for these"], ["decyl propionate", "No flavor group found for these"], ["difurfuryl furan", "No flavor group found for these"], ["dimethyl anisyl acetone", "No flavor group found for these"], ["dimethyl-3-furyl) ethane thioate", "No flavor group found for these"], ["dimethyl-3,7-nonadien-2-one", "No flavor group found for these"], ["ethyl butyryl lactate", "No flavor group found for these"], ["hepten-1-yl acetate", "No flavor group found for these"], ["methyl benzyl acetate (mixed ortho-,meta-,para-)", "No flavor group found for these"], ["methyl thio) hexanal", "No flavor group found for these"], ["methyl-2-cyclopenten-1-one", "No flavor group found for these"], ["nonanone propylene glycol acetal", "No flavor group found for these"], ["octane dione", "No flavor group found for these"], ["octyl heptanoate", "No flavor group found for these"], ["phenyl propyl butyrate", "No flavor group found for these"], ["phenyl propyl isobutyrate", "No flavor group found for these"], ["prenyl isobutyrate", "No flavor group found for these"], ["propyl benzoate", "No flavor group found for these"], ["sodium 4-methyl-2-oxovalerate", "No flavor group found for these"], ["undecanal propylene glycol acetal", "No flavor group found for these"], ["valeraldehyde diethyl acetal", "No flavor group found for these"], ["valeraldehyde diethyl acetal", "No flavor group found for these"], ["amyl 3-(2-furan) propionate", ""], ["benzyl acetoacetate", ""], ["butyl furyl propionate", ""], ["damascone", ""], ["butyric acid", "acidic"], ["tetrahydrothiophenone", "alliaceous"], ["heptyl isobutyrate", "berry"], ["ethyl 2-furoate", "burnt"], ["acetoin propylene glycol acetal", "buttery"], ["butyl lactate", "buttery"], ["butyroin", "buttery"], ["diacetyl", "buttery"], ["heptane dione", "buttery"], ["hexane dione", "buttery"], ["pentenoic acid", "buttery"], ["methyl butyl 2-furyl butyrate", "caramellic"], ["nonalactone (aldehyde C-18 (so-called))", "coconut"], ["acetoin", "creamy"], ["acetyl butyryl", "creamy"], ["acetyl isobutyryl", "creamy"], ["butyl butyryl lactate", "creamy"], ["dibutyl dihydrofuran-2(3H)-one", "creamy"], ["dodecalactone", "creamy"], ["jasmin pyranone", "creamy"], ["waxy lactone", "creamy"], ["methyl isobutyrate", "ethereal"], ["diacetyl trimer", "fatty"], ["ethyl octanoic acid", "fatty"], ["methyl decanoate", "fatty"], ["methyl-3-octen-2-one", "fatty"], ["undecadienal", "fatty"], ["citronellyl hexanoate", "floral"], ["citronellyl propionate", "floral"], ["dihydrojasmone", "floral"], ["dimethyl benzyl carbinyl acetate", "floral"], ["geraniol", "floral"], ["linalyl butyrate", "floral"], ["tropical ionone", "floral"], ["acetoin acetate", "fruity"], ["acetyl isovaleryl", "fruity"], ["benzyl acetate", "fruity"], ["benzyl formate", "fruity"], ["butyl anthranilate", "fruity"], ["citronellyl butyrate", "fruity"], ["citronellyl isobutyrate", "fruity"], ["damascone", "fruity"], ["damascone", "fruity"], ["decalactone", "fruity"], ["ethyl lactate", "fruity"], ["ethyl levulinate", "fruity"], ["heptanol", "fruity"], ["hexyl-4-acetoxytetrahydrofuran", "fruity"], ["methoxymelonal", "fruity"], ["methyl (Z)-3-hexenoate", "fruity"], ["methyl 4-phenyl butyrate", "fruity"], ["methyl butyl butyrate", "fruity"], ["methyl ionone", "fruity"], ["nonanon-1-yl acetate", "fruity"], ["phenethyl isovalerate", "fruity"], ["phenyl-4-pentenal", "fruity"], ["terpinyl valerate", "fruity"], ["tolyl)-2-butanone", "fruity"], ["valeraldehyde propylene glycol acetal", "fruity"], ["citronellyl tiglate", "green"], ["decenal", "green"], ["heptenal", "green"], ["hexen-1-yl butyrate", "green"], ["hexen-1-yl isovalerate", "green"], ["jasmone", "green"], ["methyl-2-furyl) butanal", "green"], ["hydroxymethyl furfural", "herbal"], ["phenethyl isobutyrate", "honey"], ["octen-3-yl butyrate", "mushroom"], ["coffee furanone", "nutty"], ["ethyl pyrazine", "nutty"], ["petal pyranone", "oily"], ["butyric acid", "sour"], ["anisyl formate", "spicy"], ["benzyl cinnamate", "spicy"], ["cinnamyl formate", "spicy"], ["acetyl propionyl", "toasted"], ["amyl cinnamaldehyde", "tropical"], ["mercaptohexyl acetate", "tropical"], ["butyl undecylenate", "waxy"], ["decanol", "waxy"], ["decenoic acid", "waxy"], ["ethyl undecanoate", "waxy"], ["methyl heptanoic acid", "waxy"], ["methyl undecylenate", "waxy"], ["nonanol", "waxy"], ["phenyl-3-buten-2-ol", "waxy"], ["methyl ionyl acetate", "woody"], ["mimosa concrete morocco", "woody"]]}