{"name": "laevo-menthol", "cas": "2216-51-5", "smiles": "C[C@@H]1CC[C@H]([C@@H](C1)O)C(C)C", "notes": ["peppermint", "cooling", "mentholic", "minty"], "blenders": [["corn oil", "No odor group found for these"], ["anise seed oil colombia", "anise"], ["dihydroanethol", "anisic"], ["amyris wood oil", "balsamic"], ["benzyl salicylate", "balsamic"], ["bornyl acetate", "balsamic"], ["bornyl acetate", "balsamic"], ["bornyl formate", "balsamic"], ["clover nitrile", "balsamic"], ["fenchone", "balsamic"], ["camphor tree bark oil", "camphoreous"], ["fenchol", "camphoreous"], ["fenchone", "camphoreous"], ["limonene oxide", "citrus"], ["fenchol", "earthy"], ["decanol", "fatty"], ["amyl salicylate", "floral"], ["bois de rose oil brazil", "floral"], ["cyclohexyl ethyl alcohol", "floral"], ["geranium oil bourbon", "floral"], ["heliotropyl diethyl acetal", "floral"], ["hexyl cinnamaldehyde", "floral"], ["ho leaf oil", "floral"], ["hyacinth ether", "floral"], ["linalool", "floral"], ["linalool", "floral"], ["linalool oxide", "floral"], ["methyl dihydrojasmonate", "floral"], ["nerol", "floral"], ["ocean propanal", "floral"], ["menthyl isovalerate", "fruity"], ["chrysanthemum carbaldehyde", "green"], ["dill seed oil CO2 extract indian", "herbal"], ["dill seed oil indian", "herbal"], ["eucalyptus globulus oil", "herbal"], ["lavandin oil", "herbal"], ["lavender absolute bulgaria", "herbal"], ["linalyl acetate", "herbal"], ["myrtenol", "herbal"], ["nopyl acetate", "herbal"], ["pinene", "herbal"], ["rosemary oil spain", "herbal"], ["sabinene hydrate", "herbal"], ["theaspirane", "herbal"], ["cornmint oil", "mentholic"], ["cornmint oil china", "mentholic"], ["cornmint oil india", "mentholic"], ["cornmint oil terpeneless", "mentholic"], ["menthol", "mentholic"], ["menthol", "mentholic"], ["menthol", "mentholic"], ["menthol", "mentholic"], ["menthol", "mentholic"], ["menthone", "mentholic"], ["menthone", "mentholic"], ["menthyl acetate", "mentholic"], ["menthyl acetate", "mentholic"], ["menthyl acetate racemic", "mentholic"], ["peppermint cyclohexanone", "mentholic"], ["piperitone", "mentholic"], ["pulegyl acetate", "mentholic"], ["carveol", "minty"], ["carveol", "minty"], ["carvone", "minty"], ["carvone-5,6-oxide", "minty"], ["carvyl acetate", "minty"], ["cornmint oil japan", "minty"], ["cornmint oil terpenes", "minty"], ["dihydrocarveol", "minty"], ["dihydrocarvone", "minty"], ["mentha arvensis flower/leaf/stem extract", "minty"], ["mentha arvensis flower/leaf/stem water", "minty"], ["mentha arvensis herb extract", "minty"], ["mentha piperita extract", "minty"], ["mentha piperita flower/leaf/stem extract", "minty"], ["mentha piperita flower/leaf/stem water", "minty"], ["mentha piperita herb extract america", "minty"], ["mentha piperita leaf water", "minty"], ["mentha piperita tincture", "minty"], ["mentha spicata herb extract", "minty"], ["mentha spicata herb tincture", "minty"], ["mentha spicata herb water", "minty"], ["mentha spicata leaf extract", "minty"], ["menthan-2-one", "minty"], ["menthol", "minty"], ["menthone", "minty"], ["menthone", "minty"], ["menthyl lactate", "minty"], ["methyl cyclohexanone", "minty"], ["methyl salicylate", "minty"], ["pennyroyal oil", "minty"], ["peppermint absolute", "minty"], ["peppermint distillates", "minty"], ["peppermint fragrance", "minty"], ["peppermint leaf", "minty"], ["peppermint oil", "minty"], ["peppermint oil america", "minty"], ["peppermint oil brazil", "minty"], ["peppermint oil china", "minty"], ["peppermint oil CO2 extract", "minty"], ["peppermint oil dementholized", "minty"], ["peppermint oil england", "minty"], ["peppermint oil france", "minty"], ["peppermint oil hungary", "minty"], ["peppermint oil idaho", "minty"], ["peppermint oil india", "minty"], ["peppermint oil mongolia", "minty"], ["peppermint oil montana", "minty"], ["peppermint oil morocco", "minty"], ["peppermint oil russia", "minty"], ["peppermint oil special fractions", "minty"], ["peppermint oil tasmania", "minty"], ["peppermint oil terpeneless", "minty"], ["peppermint oil terpenes", "minty"], ["peppermint oil willamette", "minty"], ["peppermint oil yakima", "minty"], ["peppermint water", "minty"], ["piperitone", "minty"], ["pulegol", "minty"], ["pulegol", "minty"], ["pulegone", "minty"], ["pulegone", "minty"], ["spearmint absolute", "minty"], ["spearmint essence", "minty"], ["spearmint fragrance", "minty"], ["spearmint oil", "minty"], ["spearmint oil america", "minty"], ["spearmint oil china", "minty"], ["spearmint oil scotch", "minty"], ["spearmint oil terpeneless", "minty"], ["spearmint oil terpenes", "minty"], ["tetrahydrocarvone", "minty"], ["wintergreen oil", "minty"], ["WS-23", "minty"], ["acetyl-2,5-dimethyl furan", "musty"], ["methyl anisole", "naphthyl"], ["acetyl-3-ethyl pyrazine", "nutty"], ["cocoa pyrazine", "nutty"], ["filbert pyrazine", "nutty"], ["methyl benzoate", "phenolic"], ["acetyl pyridine", "popcorn"], ["anisyl alcohol", "powdery"], ["carvacrol", "spicy"], ["carveol", "spicy"], ["elettaria cardamomum seed oil", "spicy"], ["marjoram oil (thymus mastichina) spain", "spicy"], ["pepper oil CO2 extract", "spicy"], ["pepper tree berry oil", "spicy"], ["pimenta acris leaf oil", "spicy"], ["dimethyl sulfide", "sulfurous"], ["methoxy-2-methyl butane thiol", "sulfurous"], ["terpineol", "terpenic"], ["mint lactone", "tonka"], ["decyl acetate", "waxy"], ["camphene", "woody"], ["dimethyl bicyclo(3.2.1)octan-3-one", "woody"], ["woody amylene", "woody"], ["carveol", "No flavor group found for these"], ["carveol", "No flavor group found for these"], ["dihydrocarvone", "No flavor group found for these"], ["dimethyl menthyl succinamide", "No flavor group found for these"], ["limonene oxide", "No flavor group found for these"], ["mentha arvensis flower/leaf/stem extract", "No flavor group found for these"], ["mentha arvensis flower/leaf/stem water", "No flavor group found for these"], ["menthadien-2-yl acetate", "No flavor group found for these"], ["menthol", "No flavor group found for these"], ["menthol", "No flavor group found for these"], ["menthoxy-2-methyl propane-1,2-diol", "No flavor group found for these"], ["menthyl acetate racemic", "No flavor group found for these"], ["methyl cyclohexanone", "No flavor group found for these"], ["pulegone", "No flavor group found for these"], ["menthyl methyl lactate", ""], ["anise seed oil colombia", "anise"], ["benzyl salicylate", "balsamic"], ["bornyl acetate", "balsamic"], ["camphene", "camphoreous"], ["camphor tree bark oil", "camphoreous"], ["fenchol", "camphoreous"], ["fenchol", "camphoreous"], ["fenchone", "camphoreous"], ["linalool", "citrus"], ["linalool", "citrus"], ["nerol", "citrus"], ["terpineol", "citrus"], ["fenchone", "cooling"], ["menthol", "cooling"], ["menthol", "cooling"], ["menthyl acetate", "cooling"], ["menthyl lactate", "cooling"], ["peppermint oil america", "cooling"], ["sabinene hydrate", "cooling"], ["theaspirane", "cooling"], ["WS-3", "cooling"], ["acetyl pyridine", "corn"], ["corn flavor", "corn"], ["corn flavor", "corn"], ["corn flavor", "corn"], ["corn flavor", "corn"], ["mint lactone", "creamy"], ["dimethyl sulfoxide", "fatty"], ["bois de rose oil brazil", "floral"], ["geranium oil bourbon", "floral"], ["linalyl acetate", "floral"], ["methyl dihydrojasmonate", "floral"], ["ocean propanal", "floral"], ["anisyl alcohol", "fruity"], ["menthyl isovalerate", "fruity"], ["amyl salicylate", "green"], ["cyclohexyl ethyl alcohol", "green"], ["dihydrocarveol", "green"], ["linalool oxide", "green"], ["dihydroanethol", "herbal"], ["eucalyptus globulus oil", "herbal"], ["lavandin oil", "herbal"], ["lavender absolute bulgaria", "herbal"], ["rosemary oil spain", "herbal"], ["yeast thiazoline", "malty"], ["cornmint oil", "mentholic"], ["cornmint oil terpeneless", "mentholic"], ["menthol", "mentholic"], ["menthol", "mentholic"], ["menthone", "mentholic"], ["peppermint cyclohexanone", "mentholic"], ["carveol", "minty"], ["carvone", "minty"], ["carvone-5,6-oxide", "minty"], ["carvyl acetate", "minty"], ["cornmint oil china", "minty"], ["cornmint oil india", "minty"], ["cornmint oil japan", "minty"], ["mentha piperita extract", "minty"], ["mentha piperita flower/leaf/stem extract", "minty"], ["mentha piperita tincture", "minty"], ["mentha spicata herb extract", "minty"], ["mentha spicata herb tincture", "minty"], ["mentha spicata herb water", "minty"], ["mentha spicata leaf extract", "minty"], ["menthan-2-one", "minty"], ["menthol", "minty"], ["menthone", "minty"], ["menthone", "minty"], ["menthone", "minty"], ["menthyl acetate", "minty"], ["methyl salicylate", "minty"], ["myrtenol", "minty"], ["pennyroyal oil", "minty"], ["peppermint absolute", "minty"], ["peppermint distillates", "minty"], ["peppermint flavor", "minty"], ["peppermint oil", "minty"], ["peppermint oil brazil", "minty"], ["peppermint oil china", "minty"], ["peppermint oil CO2 extract", "minty"], ["peppermint oil dementholized", "minty"], ["peppermint oil england", "minty"], ["peppermint oil france", "minty"], ["peppermint oil hungary", "minty"], ["peppermint oil idaho", "minty"], ["peppermint oil india", "minty"], ["peppermint oil mongolia", "minty"], ["peppermint oil montana", "minty"], ["peppermint oil morocco", "minty"], ["peppermint oil russia", "minty"], ["peppermint oil special fractions", "minty"], ["peppermint oil tasmania", "minty"], ["peppermint oil terpeneless", "minty"], ["peppermint oil willamette", "minty"], ["peppermint oil yakima", "minty"], ["peppermint water", "minty"], ["piperitone", "minty"], ["piperitone", "minty"], ["pulegol", "minty"], ["pulegol", "minty"], ["spearmint absolute", "minty"], ["spearmint distillates", "minty"], ["spearmint essence", "minty"], ["spearmint flavor", "minty"], ["spearmint herb", "minty"], ["spearmint oil", "minty"], ["spearmint oil america", "minty"], ["spearmint oil china", "minty"], ["spearmint oil scotch", "minty"], ["spearmint oil terpeneless", "minty"], ["tetrahydrocarvone", "minty"], ["wintergreen oil", "minty"], ["WS-23", "minty"], ["methyl anisole", "naphthyl"], ["acetyl-2,5-dimethyl furan", "nutty"], ["acetyl-3-ethyl pyrazine", "nutty"], ["cocoa pyrazine", "nutty"], ["filbert pyrazine", "nutty"], ["methyl benzoate", "phenolic"], ["pinene", "pine"], ["corn apple cider vinegar flavor", "sour"], ["carvacrol", "spicy"], ["dill seed oil CO2 extract indian", "spicy"], ["dill seed oil indian", "spicy"], ["elettaria cardamomum seed oil", "spicy"], ["marjoram oil (thymus mastichina) spain", "spicy"], ["pepper oil CO2 extract", "spicy"], ["pepper tree berry oil", "spicy"], ["pimenta acris leaf oil", "spicy"], ["dimethyl sulfide", "sulfurous"], ["ethyl methyl sulfide", "sulfurous"], ["methoxy-2-methyl butane thiol", "sulfurous"], ["tea peach spearmint flavor", "tea"], ["menthatriene", "terpenic"], ["decanol", "waxy"], ["decyl acetate", "waxy"], ["hexyl cinnamaldehyde", "waxy"], ["amyris wood oil", "woody"], ["bornyl acetate", "woody"], ["bornyl formate", "woody"], ["pulegyl acetate", "woody"]]}