{"name": "neryl ethyl ether", "cas": "22882-89-9", "smiles": "CCOC/C=C(/C)\\CCC=C(C)C", "notes": ["clean", "rose", "cologne"], "blenders": [["TMH aldehyde", "aldehydic"], ["undecenal", "aldehydic"], ["undecenal (aldehyde C-11 undecylenic)", "aldehydic"], ["dihydromyrcenol", "citrus"], ["dimyrcetol (IFF)", "citrus"], ["geranyl nitrile", "citrus"], ["ocimenol", "citrus"], ["autumn carboxylate", "floral"], ["citronellol", "floral"], ["citronellyl ethyl ether", "floral"], ["cyclohexyl ethyl alcohol", "floral"], ["decalinol", "floral"], ["dihydrocitronellyl ethyl ether", "floral"], ["dimethyl benzyl carbinol", "floral"], ["dimethyl octanol", "floral"], ["floral pyranol", "floral"], ["geranyl acetone", "floral"], ["hydroxycitronellol", "floral"], ["muguet carboxaldehyde", "floral"], ["muguet shiseol", "floral"], ["rose butanoate", "floral"], ["decyl butyrate", "fruity"], ["ocimen-1-yl acetate", "fruity"], ["dimethyl octanal", "green"], ["heptyl tetrahydrofuran", "green"], ["dihydroterpinyl acetate", "herbal"], ["cyclocitral", "tropical"], ["decyl acetate", "waxy"], ["dihydrocitronellyl acetate", "waxy"], ["undecanol", "waxy"], ["undecen-1-yl acetate", "waxy"], ["waxy acetate", "waxy"], ["dihydro-alpha-terpinyl acetate", "woody"], ["dihydrocitronellyl acetate", "No flavor group found for these"], ["dihydroterpinyl acetate", "No flavor group found for these"], ["ocimenol", "No flavor group found for these"], ["undecanol", "aldehydic"], ["dimethyl octanol", "fatty"], ["undecenal (aldehyde C-11 undecylenic)", "fatty"], ["citronellol", "floral"], ["geranyl acetone", "floral"], ["muguet shiseol", "floral"], ["decyl butyrate", "fruity"], ["rose butanoate", "fruity"], ["cyclohexyl ethyl alcohol", "green"], ["dihydromyrcenol", "green"], ["dimethyl octanal", "green"], ["dimethyl benzyl carbinol", "medicinal"], ["hydroxycitronellol", "powdery"], ["cyclocitral", "tropical"], ["decyl acetate", "waxy"]]}