{"name": "(Z)-alpha-damascone", "cas": "23726-94-5", "smiles": "C/C=C\\C(=O)C1C(=CCCC1(C)C)C", "notes": ["floral", "rose", "apple", "fruity"], "blenders": [["dimethyl-3,7-nonadien-2-one", "No odor group found for these"], ["decen-1-ol", "aldehydic"], ["nonanal diethyl acetal", "aldehydic"], ["benzyl cinnamate", "balsamic"], ["butyl benzoate", "balsamic"], ["amyl phenyl acetate", "chocolate"], ["abronia fragrance", "citrus"], ["citronitrile (Symrise)", "citrus"], ["heptanol", "citrus"], ["butyl undecylenate", "fatty"], ["decen-2-one", "fatty"], ["hexanal diethyl acetal", "fermented"], ["acetal 318", "floral"], ["amyl angelate", "floral"], ["amyl cinnamaldehyde", "floral"], ["amyl undecylenate", "floral"], ["benzyl acetate", "floral"], ["benzyl acetoacetate", "floral"], ["benzyl alcohol", "floral"], ["benzyl formate", "floral"], ["benzyl isobutyrate", "floral"], ["butyl benzyl ether", "floral"], ["cassis buteneone", "floral"], ["citronellal", "floral"], ["citronellol", "floral"], ["citronellyl acetate", "floral"], ["citronellyl anthranilate", "floral"], ["citronellyl propionate", "floral"], ["damascenone", "floral"], ["damascone", "floral"], ["damascone", "floral"], ["damascone", "floral"], ["decen-1-yl acetate", "floral"], ["dihydrocarvyl acetate", "floral"], ["dimethyl benzyl carbinyl acetate", "floral"], ["ethyl phenoxyacetate", "floral"], ["ethyl safranate", "floral"], ["farnesyl acetate", "floral"], ["floral pyran", "floral"], ["floral undecenone", "floral"], ["geraniol", "floral"], ["geranium oil egypt", "floral"], ["geranium oil egypt fractions", "floral"], ["geranium oil terpeneless", "floral"], ["geranium petiole oil india", "floral"], ["geranium rose oil", "floral"], ["geranium rose-scented oil cuba", "floral"], ["geranyl acetate", "floral"], ["geranyl linalool", "floral"], ["geranyl methyl ether", "floral"], ["geranyl propionate", "floral"], ["glycoacetal", "floral"], ["hawthorn ethanol", "floral"], ["menthadienyl formate", "floral"], ["methoxybenzyl ethyl ether", "floral"], ["methoxymelonal", "floral"], ["methyl benzyl acetate", "floral"], ["methyl benzyl acetate (mixed ortho-,meta-,para-)", "floral"], ["methyl citronellate", "floral"], ["methyl octanal", "floral"], ["musk acetate", "floral"], ["neryl acetate", "floral"], ["neryl isovalerate", "floral"], ["nonanol", "floral"], ["octyl isovalerate", "floral"], ["osmanthus absolute replacer", "floral"], ["peony alcohol", "floral"], ["phenethyl acetate", "floral"], ["phenethyl alcohol", "floral"], ["phenethyl anthranilate", "floral"], ["phenethyl heptanoate", "floral"], ["phenethyl isobutyrate", "floral"], ["phenethyl isovalerate", "floral"], ["phenethyl lactate", "floral"], ["phenethyl phenyl acetate", "floral"], ["phenethyl salicylate", "floral"], ["phenethyl valerate", "floral"], ["phenyl acetaldehyde digeranyl acetal", "floral"], ["pomarose", "floral"], ["primrose fragrance", "floral"], ["rhodinol substitues", "floral"], ["rhodinyl acetate substitutes", "floral"], ["rhodinyl butyrate", "floral"], ["rosa alba flower oil CO2 extract", "floral"], ["rose absolute (rosa centifolia)", "floral"], ["rose absolute (rosa centifolia) morocco", "floral"], ["rose absolute (rosa damascena) bulgaria", "floral"], ["rose absolute (rosa damascena) turkey", "floral"], ["rose absolute pentanol", "floral"], ["rose acetate", "floral"], ["rose blossom pentanol", "floral"], ["rose butanoate", "floral"], ["rose concrete (rosa centifolia)", "floral"], ["rose concrete (rosa damascena)", "floral"], ["rose oil (rosa centifolia) egypt", "floral"], ["rose oil (rosa damascena) bulgaria", "floral"], ["rose oil (rosa damascena) iran", "floral"], ["rose oil (rosa damascena) turkey", "floral"], ["rose oil replacer", "floral"], ["rose oxide", "floral"], ["rose pyran", "floral"], ["star fruit oil cuba", "floral"], ["styralyl propionate", "floral"], ["undecen-1-ol", "floral"], ["undecen-1-ol", "floral"], ["acetaldehyde hexyl isoamyl acetal", "fruity"], ["allyl isononylate", "fruity"], ["amyl 2-methyl butyrate", "fruity"], ["amyl isobutyrate", "fruity"], ["amyl isovalerate", "fruity"], ["amyl valerate", "fruity"], ["apple ketal", "fruity"], ["benzyl isovalerate", "fruity"], ["benzyl propionate", "fruity"], ["benzyl valerate", "fruity"], ["bisabolene", "fruity"], ["butyl isovalerate", "fruity"], ["cyclohexyl butyrate", "fruity"], ["cyclohexyl isovalerate", "fruity"], ["damascenone", "fruity"], ["damascone", "fruity"], ["eriocephalus punctulatus flower oil", "fruity"], ["ethyl isovalerate", "fruity"], ["ethyl para-methyl-beta-phenyl glycidate", "fruity"], ["ethyl tiglate", "fruity"], ["ethyl valerate", "fruity"], ["fruity ketal", "fruity"], ["geranyl 2-methyl butyrate", "fruity"], ["geranyl butyrate", "fruity"], ["geranyl isovalerate", "fruity"], ["heptyl isobutyrate", "fruity"], ["hexen-1-yl isobutyrate", "fruity"], ["hexyl formate", "fruity"], ["hexyl isovalerate", "fruity"], ["mercaptohexyl acetate", "fruity"], ["methyl butyl butyrate", "fruity"], ["methyl butyrate", "fruity"], ["methyl isobutyrate", "fruity"], ["methyl isovalerate", "fruity"], ["methyl valerate", "fruity"], ["nonyl isovalerate", "fruity"], ["octyl formate", "fruity"], ["plum crotonate", "fruity"], ["propyl 2-methyl butyrate", "fruity"], ["propyl heptanoate", "fruity"], ["propyl isovalerate", "fruity"], ["propyl isovalerate", "fruity"], ["rhubarb pyran", "fruity"], ["strawberry glycidate 2", "fruity"], ["tetramethyl-2,5-octadien-4-one", "fruity"], ["amyl 3-(2-furan) propionate", "green"], ["butyl heptanoate", "green"], ["decanal", "green"], ["ethyl (E,Z)-2,4-decadienoate", "green"], ["green note propionate", "green"], ["heptyl tetrahydrofuran", "green"], ["hexen-1-yl acetate", "green"], ["hexen-1-yl butyrate", "green"], ["hexen-1-yl propionate", "green"], ["hexen-1-yl valerate", "green"], ["hexen-1-yl valerate", "green"], ["hexenal", "green"], ["hexenal diethyl acetal", "green"], ["hexenal propylene glycol acetal", "green"], ["hexoxyacetaldehyde dimethyl acetal", "green"], ["hexyl 2-methyl butyrate", "green"], ["hexyl butyrate", "green"], ["hexyl isobutyrate", "green"], ["hexyl phenyl acetate", "green"], ["methoxy-3-methyl-4-penten-1-yl] benzene", "green"], ["methyl (E)-3-hexenoate", "green"], ["octen-1-yl propionate", "green"], ["octyl formate", "green"], ["pentenal", "green"], ["phenyl acetaldehyde dimethyl acetal", "green"], ["phenyl acetaldehyde solution", "green"], ["propyl tiglate", "green"], ["chamomile valerate", "herbal"], ["linalyl formate", "herbal"], ["menthyl propionate", "herbal"], ["methyl cyclogeranate (Firmenich)", "herbal"], ["rose oil (rosa centifolia) morocco", "herbal"], ["ethyl benzoate", "minty"], ["anisyl alcohol", "powdery"], ["methyl ionone (74-80%)", "powdery"], ["cinnamyl isovalerate", "spicy"], ["maja fragrance", "spicy"], ["pepper hexanone", "spicy"], ["furfuryl pyrrole", "vegetable"], ["ethyl decanoate", "waxy"], ["ethyl nonanoate", "waxy"], ["butyl angelate", "winey"], ["marine formate", "woody"], ["pine needle oil", "woody"], ["rhubarb oxirane", "woody"], ["santalyl butyrate", "woody"], ["acetaldehyde hexyl isoamyl acetal", "No flavor group found for these"], ["amyl 2-methyl butyrate", "No flavor group found for these"], ["amyl angelate", "No flavor group found for these"], ["amyl angelate", "No flavor group found for these"], ["amyl isobutyrate", "No flavor group found for these"], ["amyl isovalerate", "No flavor group found for these"], ["amyl undecylenate", "No flavor group found for these"], ["benzyl valerate", "No flavor group found for these"], ["butyl angelate", "No flavor group found for these"], ["butyl benzyl ether", "No flavor group found for these"], ["cyclohexyl butyrate", "No flavor group found for these"], ["damascenone", "No flavor group found for these"], ["decanal", "No flavor group found for these"], ["decen-1-yl acetate", "No flavor group found for these"], ["difurfuryl furan", "No flavor group found for these"], ["dimethyl-3,7-nonadien-2-one", "No flavor group found for these"], ["geranyl 2-methyl butyrate", "No flavor group found for these"], ["geranyl linalool", "No flavor group found for these"], ["heptyl 2-methyl butyrate", "No flavor group found for these"], ["heptyl acetate", "No flavor group found for these"], ["hexanal diethyl acetal", "No flavor group found for these"], ["hexenal", "No flavor group found for these"], ["hexenal diethyl acetal", "No flavor group found for these"], ["hexenal dimethyl acetal", "No flavor group found for these"], ["hexenal propylene glycol acetal", "No flavor group found for these"], ["hexyl acetate", "No flavor group found for these"], ["hexyl thiophene", "No flavor group found for these"], ["menthyl propionate", "No flavor group found for these"], ["methyl benzyl acetate (mixed ortho-,meta-,para-)", "No flavor group found for these"], ["methyl octanal", "No flavor group found for these"], ["nonanal diethyl acetal", "No flavor group found for these"], ["nonyl isovalerate", "No flavor group found for these"], ["octyl isovalerate", "No flavor group found for these"], ["phenethyl heptanoate", "No flavor group found for these"], ["phenethyl lactate", "No flavor group found for these"], ["phenethyl valerate", "No flavor group found for these"], ["phenyl acetaldehyde solution", "No flavor group found for these"], ["propyl 2-methyl butyrate", "No flavor group found for these"], ["propyl isovalerate", "No flavor group found for these"], ["propyl isovalerate", "No flavor group found for these"], ["propyl tiglate", "No flavor group found for these"], ["rhodinyl acetate substitutes", "No flavor group found for these"], ["santalyl butyrate", "No flavor group found for these"], ["undecen-1-ol", "No flavor group found for these"], ["undecen-1-ol", "No flavor group found for these"], ["vitispirane", "No flavor group found for these"], ["amyl 3-(2-furan) propionate", ""], ["benzyl acetoacetate", ""], ["heptyl isobutyrate", "berry"], ["rhodinol substitues", "berry"], ["bisabolene", "citrus"], ["styralyl propionate", "citrus"], ["methyl isobutyrate", "ethereal"], ["amyl phenyl acetate", "floral"], ["citronellal", "floral"], ["citronellol", "floral"], ["citronellyl acetate", "floral"], ["citronellyl propionate", "floral"], ["dihydrocarvyl acetate", "floral"], ["dimethyl benzyl carbinyl acetate", "floral"], ["farnesyl acetate", "floral"], ["geraniol", "floral"], ["geranium oil egypt", "floral"], ["geranium oil terpeneless", "floral"], ["geranium petiole oil india", "floral"], ["geranium rose oil", "floral"], ["methyl butyl 3-methyl butenoate", "floral"], ["methyl citronellate", "floral"], ["methyl ionone (74-80%)", "floral"], ["neryl acetate", "floral"], ["phenethyl alcohol", "floral"], ["phenethyl anthranilate", "floral"], ["rhodinyl butyrate", "floral"], ["rose absolute (rosa centifolia)", "floral"], ["rose absolute (rosa centifolia) morocco", "floral"], ["rose absolute (rosa damascena) bulgaria", "floral"], ["rose absolute (rosa damascena) turkey", "floral"], ["rose oil (rosa centifolia) egypt", "floral"], ["rose oil (rosa damascena) bulgaria", "floral"], ["rose oil (rosa damascena) iran", "floral"], ["rose oil (rosa damascena) turkey", "floral"], ["rose oxide", "floral"], ["amyl valerate", "fruity"], ["anisyl alcohol", "fruity"], ["apple ketal", "fruity"], ["benzyl acetate", "fruity"], ["benzyl alcohol", "fruity"], ["benzyl formate", "fruity"], ["benzyl isobutyrate", "fruity"], ["benzyl isovalerate", "fruity"], ["benzyl propionate", "fruity"], ["butyl benzoate", "fruity"], ["butyl heptanoate", "fruity"], ["butyl isovalerate", "fruity"], ["cinnamyl isovalerate", "fruity"], ["citronellyl anthranilate", "fruity"], ["cyclohexyl isovalerate", "fruity"], ["damascone", "fruity"], ["damascone", "fruity"], ["ethyl isovalerate", "fruity"], ["ethyl tiglate", "fruity"], ["ethyl valerate", "fruity"], ["fruity ketal", "fruity"], ["geranyl butyrate", "fruity"], ["heptanol", "fruity"], ["hexen-1-yl isobutyrate", "fruity"], ["hexyl phenyl acetate", "fruity"], ["hexyl-4-acetoxytetrahydrofuran", "fruity"], ["methoxymelonal", "fruity"], ["methyl benzyl acetate", "fruity"], ["methyl butyl butyrate", "fruity"], ["methyl isovalerate", "fruity"], ["methyl valerate", "fruity"], ["neryl isovalerate", "fruity"], ["phenethyl isovalerate", "fruity"], ["rose butanoate", "fruity"], ["star fruit oil cuba", "fruity"], ["strawberry glycidate 2", "fruity"], ["methyl butyrate", "fusel"], ["decen-2-one", "green"], ["ethyl (E,Z)-2,4-decadienoate", "green"], ["geranyl acetate", "green"], ["geranyl isovalerate", "green"], ["green note propionate", "green"], ["hexen-1-yl acetate", "green"], ["hexen-1-yl butyrate", "green"], ["hexen-1-yl propionate", "green"], ["hexen-1-yl valerate", "green"], ["hexen-1-yl valerate", "green"], ["hexenal", "green"], ["hexyl 2-methyl butyrate", "green"], ["hexyl butyrate", "green"], ["hexyl formate", "green"], ["hexyl isobutyrate", "green"], ["hexyl isovalerate", "green"], ["methyl (E)-3-hexenoate", "green"], ["octen-1-yl propionate", "green"], ["octyl formate", "green"], ["pentenal", "green"], ["phenyl acetaldehyde dimethyl acetal", "green"], ["linalyl formate", "herbal"], ["rose oil (rosa centifolia) morocco", "herbal"], ["phenethyl acetate", "honey"], ["phenethyl isobutyrate", "honey"], ["phenethyl phenyl acetate", "honey"], ["ethyl benzoate", "medicinal"], ["phenethyl salicylate", "medicinal"], ["acetyl-4-methyl thiazole", "nutty"], ["benzyl cinnamate", "spicy"], ["ethyl thioacetate", "sulfurous"], ["amyl cinnamaldehyde", "tropical"], ["mercaptohexyl acetate", "tropical"], ["furfuryl pyrrole", "vegetable"], ["butyl undecylenate", "waxy"], ["ethyl decanoate", "waxy"], ["ethyl nonanoate", "waxy"], ["geranyl propionate", "waxy"], ["nonanol", "waxy"], ["octyl formate", "waxy"], ["propyl heptanoate", "waxy"], ["damascenone", "woody"], ["damascone", "woody"]]}