{"name": "S-(methyl thio) hexanoate", "cas": "2432-77-1", "smiles": "CCCCCC(=O)SC", "notes": ["fruity", "ethereal", "green", "tropical", "cabbage", "cheesy", "rancid", "floral", "green"], "blenders": [["ethyl butyric acid", "acidic"], ["fusel oil", "alcoholic"], ["maltyl isobutyrate", "caramellic"], ["butyl formate", "chemical"], ["grapefruit mercaptan", "citrus"], ["octalactone", "coconut"], ["acetal", "ethereal"], ["butyl acetate", "ethereal"], ["ethyl acetate", "ethereal"], ["ethyl pyruvate", "ethereal"], ["methyl acetate", "ethereal"], ["methyl ethyl ketone", "ethereal"], ["methyl valeraldehyde", "ethereal"], ["propyl acetate", "ethereal"], ["propyl formate", "ethereal"], ["propyl valerate", "ethereal"], ["valeraldehyde propylene glycol acetal", "ethereal"], ["allyl octanoate", "fatty"], ["benzyl isobutyrate", "floral"], ["citronellyl acetate", "floral"], ["geranyl propionate", "floral"], ["nonan-3-yl acetate", "floral"], ["ocimene", "floral"], ["phenethyl acetate", "floral"], ["rose butanoate", "floral"], ["acetaldehyde diisoamyl acetal", "fruity"], ["allyl butyrate", "fruity"], ["allyl hexanoate", "fruity"], ["allyl propionate", "fruity"], ["amyl acetate", "fruity"], ["amyl butyrate", "fruity"], ["amyl formate", "fruity"], ["amyl heptanoate", "fruity"], ["amyl isovalerate", "fruity"], ["amyl propionate", "fruity"], ["benzyl methyl ether", "fruity"], ["berry pentadienoate", "fruity"], ["butyl acetate", "fruity"], ["butyl isobutyrate", "fruity"], ["butyl valerate", "fruity"], ["butyl valerate", "fruity"], ["cyclohexyl carboxylic acid", "fruity"], ["ethyl 2-octenoate", "fruity"], ["ethyl butyl acetate", "fruity"], ["ethyl propionate", "fruity"], ["geranyl ethyl ether", "fruity"], ["mercaptohexyl acetate", "fruity"], ["methyl 2-methyl butyrate", "fruity"], ["methyl 2-methyl valerate", "fruity"], ["methyl butyrate", "fruity"], ["methyl hexanoate", "fruity"], ["methyl isobutyrate", "fruity"], ["methyl nonanoate", "fruity"], ["pentanone", "fruity"], ["propyl 2-methyl butyrate", "fruity"], ["propyl hexanoate", "fruity"], ["propyl isobutyrate", "fruity"], ["propyl propionate", "fruity"], ["strawberry furanone butyrate", "fruity"], ["tetrahydrofurfuryl butyrate", "fruity"], ["tropical ionone", "fruity"], ["tropical thiazole", "fruity"], ["tropical trithiane", "fruity"], ["cognac heptanone", "green"], ["ethyl (E,Z)-2,4-decadienoate", "green"], ["heptanal dimethyl acetal", "green"], ["hexen-1-yl phenyl acetate", "green"], ["hexyl 2-methyl butyrate", "green"], ["penten-1-ol", "green"], ["penten-3-ol", "green"], ["terpinyl propionate", "green"], ["jambu oleoresin", "herbal"], ["viridiflorol", "herbal"], ["hydroxyacetophenone", "phenolic"], ["buchu mercaptan", "sulfurous"], ["cassis pentanone", "sulfurous"], ["grapefruit menthane", "sulfurous"], ["lychee mercaptan acetate", "sulfurous"], ["mango thiol", "sulfurous"], ["passiflora acetate", "sulfurous"], ["phenethyl mercaptan", "sulfurous"], ["tropical 2-thiobutyrate", "sulfurous"], ["terpinene", "terpenic"], ["genet absolute", "tropical"], ["hexyl 2-methyl-3-pentenoate", "tropical"], ["hotrienol", "tropical"], ["tropical 3-thiobutyrate", "tropical"], ["tropical oxathiane", "tropical"], ["ethyl nonanoate", "waxy"], ["nonyl acetate", "waxy"], ["octen-4-one", "yeasty"], ["acetaldehyde diisoamyl acetal", "No flavor group found for these"], ["amyl 3-methyl thiopropionate", "No flavor group found for these"], ["butyl methyl ketone", "No flavor group found for these"], ["ethyl 2-methyl-2-(methyl thio) propionate", "No flavor group found for these"], ["ethyl 3-octenoate", "No flavor group found for these"], ["geranyl ethyl ether", "No flavor group found for these"], ["heptenoic acid", "No flavor group found for these"], ["methyl butyl isobutyrate", "No flavor group found for these"], ["methyl butyl propionate", "No flavor group found for these"], ["nonan-3-yl acetate", "No flavor group found for these"], ["phenethyl mercaptan", "No flavor group found for these"], ["propyl valerate", "No flavor group found for these"], ["tropical 2-thiobutyrate", "No flavor group found for these"], ["viridiflorol", "No flavor group found for these"], ["ethyl butyric acid", "acidic"], ["propionic acid", "acidic"], ["allyl propionate", "alliaceous"], ["dipropyl trisulfide", "alliaceous"], ["tropical thiazole", "alliaceous"], ["methyl ethyl ketone", "chemical"], ["cognac heptanone", "citrus"], ["grapefruit mercaptan", "citrus"], ["octalactone", "coconut"], ["jambu oleoresin", "cooling"], ["butyl acetate", "ethereal"], ["ethyl acetate", "ethereal"], ["methyl acetate", "ethereal"], ["methyl isobutyrate", "ethereal"], ["propyl acetate", "ethereal"], ["allyl octanoate", "fatty"], ["citronellyl acetate", "floral"], ["hotrienol", "floral"], ["tropical ionone", "floral"], ["allyl hexanoate", "fruity"], ["amyl acetate", "fruity"], ["amyl butyrate", "fruity"], ["amyl formate", "fruity"], ["amyl heptanoate", "fruity"], ["amyl propionate", "fruity"], ["benzyl isobutyrate", "fruity"], ["benzyl methyl ether", "fruity"], ["berry pentadienoate", "fruity"], ["butyl acetate", "fruity"], ["butyl isobutyrate", "fruity"], ["butyl valerate", "fruity"], ["butyl valerate", "fruity"], ["cyclohexyl carboxylic acid", "fruity"], ["ethyl 2-octenoate", "fruity"], ["ethyl butyl acetate", "fruity"], ["ethyl propionate", "fruity"], ["fusel oil", "fruity"], ["hexyl 2-methyl-3-pentenoate", "fruity"], ["mercaptohexyl hexanoate", "fruity"], ["methyl 2-methyl butyrate", "fruity"], ["methyl 2-methyl valerate", "fruity"], ["methyl allyl butyrate", "fruity"], ["methyl hexanoate", "fruity"], ["pentanone", "fruity"], ["propyl 2-methyl butyrate", "fruity"], ["propyl formate", "fruity"], ["propyl hexanoate", "fruity"], ["propyl isobutyrate", "fruity"], ["propyl propionate", "fruity"], ["rose butanoate", "fruity"], ["strawberry furanone butyrate", "fruity"], ["tetrahydrofurfuryl butyrate", "fruity"], ["tropical trithiane", "fruity"], ["valeraldehyde propylene glycol acetal", "fruity"], ["methyl butyrate", "fusel"], ["allyl butyrate", "green"], ["amyl isovalerate", "green"], ["cassis pentanone", "green"], ["ethyl (E,Z)-2,4-decadienoate", "green"], ["ethyl butyraldehyde", "green"], ["heptanal dimethyl acetal", "green"], ["hexen-1-yl phenyl acetate", "green"], ["hexyl 2-methyl butyrate", "green"], ["ocimene", "green"], ["penten-1-ol", "green"], ["penten-3-ol", "green"], ["terpinyl propionate", "green"], ["genet absolute", "hay"], ["phenethyl acetate", "honey"], ["maltyl isobutyrate", "jammy"], ["lychee mercaptan acetate", "juicy"], ["mercapto-2-butanone", "meaty"], ["hydroxyacetophenone", "naphthyl"], ["acetal", "nutty"], ["tetrahydrofurfuryl propionate", "oily"], ["butyl formate", "rummy"], ["ethyl pyruvate", "rummy"], ["buchu mercaptan", "sulfurous"], ["grapefruit menthane", "sulfurous"], ["mango thiol", "sulfurous"], ["methyl 2-(methyl thio) butyrate", "sulfurous"], ["methyl thiomethyl butyrate", "sulfurous"], ["tropical 3-thiobutyrate", "sulfurous"], ["terpinene", "terpenic"], ["mercaptohexyl acetate", "tropical"], ["mercaptohexyl butyrate", "tropical"], ["passiflora acetate", "tropical"], ["tropical oxathiane", "tropical"], ["methyl valeraldehyde", "vegetable"], ["octen-4-one", "vegetable"], ["ethyl nonanoate", "waxy"], ["geranyl propionate", "waxy"], ["nonyl acetate", "waxy"], ["methyl nonanoate", "winey"]]}