{"name": "(E)-alpha-damascone", "cas": "24720-09-0", "smiles": "C/C=C/C(=O)C1C(=CCCC1(C)C)C", "notes": ["floral", "rose", "apple", "fruity", "currant black currant", "sweet", "fruity", "floral", "woody", "green", "berry"], "blenders": [["prunus serotina bark extract", "No odor group found for these"], ["satinaldehyde", "No odor group found for these"], ["decanal (aldehyde C-10)", "aldehydic"], ["decen-1-ol", "aldehydic"], ["nonanal (aldehyde C-9)", "aldehydic"], ["nonanal diethyl acetal", "aldehydic"], ["undecenal (aldehyde C-11 undecylenic)", "aldehydic"], ["ferula assa-foetida gum oil", "alliaceous"], ["angelica root oil", "amber"], ["cresyl isobutyrate", "animal"], ["methyl (E)-2-octenoate", "animal"], ["anise seed oil colombia", "anise"], ["anisaldehyde", "anisic"], ["acetyl furan", "balsamic"], ["amyl benzoate", "balsamic"], ["amyris wood oil", "balsamic"], ["benzyl cinnamate", "balsamic"], ["butyl cinnamate", "balsamic"], ["cinnamyl alcohol", "balsamic"], ["ethyl cinnamate", "balsamic"], ["hexyl benzoate", "balsamic"], ["pine wood/needles resinoid", "balsamic"], ["raspberry ketone methyl ether", "berry"], ["heptyl acetate", "brown"], ["ethyl maltol", "caramellic"], ["maltol", "caramellic"], ["strawberry furanone", "caramellic"], ["propyl propionate", "chemical"], ["amyl phenyl acetate", "chocolate"], ["abronia fragrance", "citrus"], ["citronitrile (Symrise)", "citrus"], ["grapefruit oil c.p. california", "citrus"], ["grapefruit pentanol", "citrus"], ["heptanol", "citrus"], ["ocimene quintoxide", "citrus"], ["orange oil italy", "citrus"], ["undecen-1-ol", "citrus"], ["heptyl dihydro-5-methyl-2(3H)-furanone", "creamy"], ["methyl 3-hexenoate", "earthy"], ["acetaldehyde dimethyl acetal", "ethereal"], ["allyl propionate", "ethereal"], ["cyclohexyl formate", "ethereal"], ["hexen-3-ol", "ethereal"], ["methyl ethyl ketone", "ethereal"], ["methyl valeraldehyde", "ethereal"], ["propyl formate", "ethereal"], ["decen-2-one", "fatty"], ["ethyl undecylenate", "fatty"], ["hexanal diethyl acetal", "fermented"], ["amyl salicylate", "floral"], ["amyl undecylenate", "floral"], ["benzyl acetate", "floral"], ["benzyl alcohol", "floral"], ["bois de rose oil brazil", "floral"], ["citronellol", "floral"], ["citronellol", "floral"], ["citronellyl acetate", "floral"], ["citronellyl anthranilate", "floral"], ["citronellyl formate", "floral"], ["coriander seed oil", "floral"], ["cuminyl acetaldehyde", "floral"], ["cyclamen aldehyde", "floral"], ["cyclohexyl ethyl alcohol", "floral"], ["damascenone", "floral"], ["damascone", "floral"], ["damascone", "floral"], ["damascone", "floral"], ["dihydrojasmone", "floral"], ["dimethyl benzyl carbinyl acetate", "floral"], ["dimethyl benzyl carbinyl butyrate", "floral"], ["ethyl phenoxyacetate", "floral"], ["ethyl safranate", "floral"], ["farnesyl acetate", "floral"], ["floral pyran", "floral"], ["floral pyranol", "floral"], ["geraniol", "floral"], ["geranium oil egypt", "floral"], ["geranium oil egypt fractions", "floral"], ["geranium oil terpeneless", "floral"], ["geranium petiole oil india", "floral"], ["geranium rose oil", "floral"], ["geranium rose-scented oil cuba", "floral"], ["geranyl acetate", "floral"], ["geranyl acetone", "floral"], ["geranyl linalool", "floral"], ["glycoacetal", "floral"], ["hawthorn ethanol", "floral"], ["heliotropin", "floral"], ["heliotropyl acetone", "floral"], ["hexen-1-yl salicylate", "floral"], ["hexyl cinnamaldehyde", "floral"], ["ionol", "floral"], ["ionone", "floral"], ["irone", "floral"], ["jasmone", "floral"], ["leerall", "floral"], ["linalool", "floral"], ["linalool oxide", "floral"], ["methyl citronellate", "floral"], ["methyl dihydrojasmonate", "floral"], ["methyl epi-jasmonate", "floral"], ["methyl jasmonate", "floral"], ["methyl octanal", "floral"], ["mimosa absolute france", "floral"], ["muguet octadienol", "floral"], ["musk acetate", "floral"], ["nerol", "floral"], ["nerolidol", "floral"], ["neryl acetate", "floral"], ["neryl formate", "floral"], ["neryl isovalerate", "floral"], ["nonanol", "floral"], ["ocean propanal", "floral"], ["octyl isovalerate", "floral"], ["peony alcohol", "floral"], ["petitgrain oil paraguay", "floral"], ["phenethyl acetate", "floral"], ["phenethyl alcohol", "floral"], ["phenethyl anthranilate", "floral"], ["phenethyl heptanoate", "floral"], ["phenethyl isobutyrate", "floral"], ["phenethyl isovalerate", "floral"], ["phenethyl lactate", "floral"], ["phenethyl salicylate", "floral"], ["phenyl acetaldehyde digeranyl acetal", "floral"], ["phenyl propionaldehyde dimethyl acetal", "floral"], ["pomarose", "floral"], ["primrose fragrance", "floral"], ["rhodinol substitues", "floral"], ["rhodinyl acetate substitutes", "floral"], ["rhodinyl benzoate", "floral"], ["rosa alba flower oil CO2 extract", "floral"], ["rose absolute (rosa centifolia)", "floral"], ["rose absolute (rosa centifolia) morocco", "floral"], ["rose absolute (rosa damascena) bulgaria", "floral"], ["rose absolute (rosa damascena) turkey", "floral"], ["rose absolute pentanol", "floral"], ["rose acetate", "floral"], ["rose blossom pentanol", "floral"], ["rose butanoate", "floral"], ["rose concrete (rosa centifolia)", "floral"], ["rose concrete (rosa damascena)", "floral"], ["rose oil (rosa centifolia) egypt", "floral"], ["rose oil (rosa damascena) bulgaria", "floral"], ["rose oil (rosa damascena) iran", "floral"], ["rose oil (rosa damascena) turkey", "floral"], ["rose oil replacer", "floral"], ["rose pyran", "floral"], ["styralyl propionate", "floral"], ["undecen-1-ol", "floral"], ["undecen-1-ol", "floral"], ["violet methyl carbonate", "floral"], ["ylang ylang flower oil", "floral"], ["acetaldehyde hexyl isoamyl acetal", "fruity"], ["allyl amyl glycolate", "fruity"], ["allyl butyrate", "fruity"], ["allyl cyclohexyl propionate", "fruity"], ["allyl heptanoate", "fruity"], ["amyl 2-methyl butyrate", "fruity"], ["amyl formate", "fruity"], ["amyl hexanoate", "fruity"], ["amyl isobutyrate", "fruity"], ["amyl isobutyrate", "fruity"], ["amyl isovalerate", "fruity"], ["amyl isovalerate", "fruity"], ["amyl valerate", "fruity"], ["apple ketal", "fruity"], ["benzyl isovalerate", "fruity"], ["benzyl propionate", "fruity"], ["berry pentadienoate", "fruity"], ["bisabolene", "fruity"], ["butyl 2-decenoate", "fruity"], ["butyl hexanoate", "fruity"], ["butyl isovalerate", "fruity"], ["butyl isovalerate", "fruity"], ["cherry pentenoate", "fruity"], ["citronellyl isobutyrate", "fruity"], ["cyclohexyl butyrate", "fruity"], ["cyclohexyl carboxylic acid", "fruity"], ["cyclohexyl isovalerate", "fruity"], ["damascenone", "fruity"], ["damascone", "fruity"], ["damascone", "fruity"], ["damascone", "fruity"], ["decalactone", "fruity"], ["decen-1-yl cyclopentanone", "fruity"], ["dimethyl succinate", "fruity"], ["eriocephalus punctulatus flower oil", "fruity"], ["ethyl 2-methyl butyrate", "fruity"], ["ethyl 2-octenoate", "fruity"], ["ethyl 3-(2-furyl) propanoate", "fruity"], ["ethyl 3-hexenoate", "fruity"], ["ethyl 3-methyl valerate", "fruity"], ["ethyl acetoacetate", "fruity"], ["ethyl heptanoate", "fruity"], ["ethyl isovalerate", "fruity"], ["ethyl levulinate", "fruity"], ["ethyl para-methyl-beta-phenyl glycidate", "fruity"], ["ethyl tiglate", "fruity"], ["ethyl valerate", "fruity"], ["fruity ketal", "fruity"], ["geranyl 2-methyl butyrate", "fruity"], ["geranyl butyrate", "fruity"], ["geranyl isovalerate", "fruity"], ["grape butyrate", "fruity"], ["green acetate", "fruity"], ["heptyl butyrate", "fruity"], ["hexanal propylene glycol acetal", "fruity"], ["hexen-1-ol", "fruity"], ["hexen-1-yl acetate", "fruity"], ["hexen-1-yl isobutyrate", "fruity"], ["hexyl acetate", "fruity"], ["hexyl formate", "fruity"], ["hexyl isovalerate", "fruity"], ["methyl butyl butyrate", "fruity"], ["methyl butyrate", "fruity"], ["methyl heptanoate", "fruity"], ["methyl isovalerate", "fruity"], ["methyl valerate", "fruity"], ["methyl-2-butenal", "fruity"], ["neryl propionate", "fruity"], ["nonanone", "fruity"], ["nonyl isovalerate", "fruity"], ["octyl butyrate", "fruity"], ["plum crotonate", "fruity"], ["prenol", "fruity"], ["propyl 2-methyl butyrate", "fruity"], ["propyl heptanoate", "fruity"], ["propyl isobutyrate", "fruity"], ["propyl isovalerate", "fruity"], ["propyl isovalerate", "fruity"], ["strawberry glycidate 1 (aldehyde C-16 (so-called))", "fruity"], ["tetramethyl-2,5-octadien-4-one", "fruity"], ["tolualdehyde", "fruity"], ["tropical ionone", "fruity"], ["undecalactone (aldehyde C-14 (so-called))", "fruity"], ["actinidia chinensis fruit extract", "green"], ["butyl heptanoate", "green"], ["decanal", "green"], ["ethyl (E,Z)-2,4-decadienoate", "green"], ["ethyl (E)-2-hexenoate", "green"], ["galbanum oil", "green"], ["galbascone (IFF)", "green"], ["green note propionate", "green"], ["heptyl tetrahydrofuran", "green"], ["hexanal (aldehyde C-6)", "green"], ["hexen-1-ol", "green"], ["hexen-1-yl (Z)-3-hexenoate", "green"], ["hexen-1-yl 2-methyl butyrate", "green"], ["hexen-1-yl acetate", "green"], ["hexen-1-yl acetate", "green"], ["hexen-1-yl benzoate", "green"], ["hexen-1-yl butyrate", "green"], ["hexen-1-yl butyrate", "green"], ["hexen-1-yl hexanoate", "green"], ["hexen-1-yl propionate", "green"], ["hexen-1-yl propionate", "green"], ["hexen-1-yl tiglate", "green"], ["hexen-1-yl valerate", "green"], ["hexen-1-yl valerate", "green"], ["hexenal", "green"], ["hexenal diethyl acetal", "green"], ["hexenal propylene glycol acetal", "green"], ["hexenyl 2-methyl butyrate", "green"], ["hexenyl methyl ether", "green"], ["hexyl 2-methyl butyrate", "green"], ["hexyl butyrate", "green"], ["hexyl hexanoate", "green"], ["hexyl isobutyrate", "green"], ["hexyl tiglate", "green"], ["leaf acetal", "green"], ["marigold pot absolute", "green"], ["melon nonenoate", "green"], ["methoxy-3-methyl-4-penten-1-yl] benzene", "green"], ["methyl (E)-3-hexenoate", "green"], ["methyl heptine carbonate", "green"], ["methyl hydratropaldehyde", "green"], ["methyl octine carbonate", "green"], ["neryl butyrate", "green"], ["nonadien-1-ol", "green"], ["octyl formate", "green"], ["pentenal", "green"], ["phenoxyethyl isobutyrate", "green"], ["phenyl acetaldehyde dimethyl acetal", "green"], ["phenyl-2-pentanol", "green"], ["pineapple heptadienone 10%", "green"], ["propyl tiglate", "green"], ["styralyl acetate", "green"], ["terpinyl propionate", "green"], ["thiogeraniol", "green"], ["tiglaldehyde", "green"], ["violet leaf absolute", "green"], ["buchu mercaptan acetate", "herbal"], ["carum carvi fruit oil", "herbal"], ["chamomile valerate", "herbal"], ["clary sage oil france", "herbal"], ["dihydrolavandulal", "herbal"], ["hexanol", "herbal"], ["hop oil", "herbal"], ["hydroxydihydrotheaspirane (mixture of isomers)", "herbal"], ["menthyl propionate", "herbal"], ["methyl ortho-anisate", "herbal"], ["rose oil (rosa centifolia) morocco", "herbal"], ["sabinene hydrate", "herbal"], ["melon heptenal", "melon"], ["nonenal", "melon"], ["watermelon ketone", "melon"], ["veramoss (IFF)", "mossy"], ["naphthyl ethyl ether", "naphthyl"], ["anisyl alcohol", "powdery"], ["cassia bark oil china", "spicy"], ["cinnamon bark oil (cinnamomum zeylanicum) india", "spicy"], ["cinnamon bark oil ceylon", "spicy"], ["clove bud oil", "spicy"], ["currant bud absolute", "spicy"], ["eugenyl acetate", "spicy"], ["maja fragrance", "spicy"], ["pepper hexanone", "spicy"], ["ethyl methyl mercaptopropionate", "sulfurous"], ["mango thiol", "sulfurous"], ["methoxy-2-methyl butane thiol", "sulfurous"], ["methyl 4-mercaptopentan-2-one 1% solution", "sulfurous"], ["cassis bud oil", "terpenic"], ["terpineol", "terpenic"], ["cresyl isovalerate", "tobacco"], ["psidium guajava fruit extract", "tropical"], ["vanilla bean absolute (vanilla planifolia)", "vanilla"], ["vanillyl acetate", "vanilla"], ["ethyl decanoate", "waxy"], ["methyl octanoate", "waxy"], ["nonanol", "waxy"], ["cistus twig/leaf oil", "woody"], ["marine formate", "woody"], ["pine needle oil", "woody"], ["santall", "woody"], ["woody amylene", "woody"], ["acetaldehyde hexyl isoamyl acetal", "No flavor group found for these"], ["amyl 2-methyl butyrate", "No flavor group found for these"], ["amyl isobutyrate", "No flavor group found for these"], ["amyl isovalerate", "No flavor group found for these"], ["amyl undecylenate", "No flavor group found for these"], ["cyclohexyl butyrate", "No flavor group found for these"], ["damascenone", "No flavor group found for these"], ["damascone", "No flavor group found for these"], ["decanal", "No flavor group found for these"], ["ethyl 3-methyl valerate", "No flavor group found for these"], ["geranyl 2-methyl butyrate", "No flavor group found for these"], ["geranyl linalool", "No flavor group found for these"], ["heptyl 2-methyl butyrate", "No flavor group found for these"], ["heptyl acetate", "No flavor group found for these"], ["hexanal diethyl acetal", "No flavor group found for these"], ["hexenal", "No flavor group found for these"], ["hexenal diethyl acetal", "No flavor group found for these"], ["hexenal dimethyl acetal", "No flavor group found for these"], ["hexenal propylene glycol acetal", "No flavor group found for these"], ["hexyl acetate", "No flavor group found for these"], ["menthyl propionate", "No flavor group found for these"], ["methyl 4-mercaptopentan-2-one 1% solution", "No flavor group found for these"], ["methyl octanal", "No flavor group found for these"], ["methyl ortho-anisate", "No flavor group found for these"], ["nonanal diethyl acetal", "No flavor group found for these"], ["nonyl isovalerate", "No flavor group found for these"], ["octyl isovalerate", "No flavor group found for these"], ["phenethyl heptanoate", "No flavor group found for these"], ["phenethyl lactate", "No flavor group found for these"], ["propyl 2-methyl butyrate", "No flavor group found for these"], ["propyl isobutyrate", "No flavor group found for these"], ["propyl isovalerate", "No flavor group found for these"], ["propyl isovalerate", "No flavor group found for these"], ["propyl tiglate", "No flavor group found for these"], ["rhodinyl acetate substitutes", "No flavor group found for these"], ["undecen-1-ol", "No flavor group found for these"], ["undecen-1-ol", "No flavor group found for these"], ["undecen-1-ol", "No flavor group found for these"], ["nonanal (aldehyde C-9)", "aldehydic"], ["allyl propionate", "alliaceous"], ["ferula assa-foetida gum oil", "alliaceous"], ["anise seed oil colombia", "anise"], ["nonadien-1-ol", "apple"], ["cresyl isobutyrate", "aromatic"], ["butyl cinnamate", "balsamic"], ["ethyl cinnamate", "balsamic"], ["heliotropyl acetone", "berry"], ["raspberry ketone methyl ether", "berry"], ["rhodinol substitues", "berry"], ["hydroxydihydrotheaspirane (mixture of isomers)", "camphoreous"], ["caramel furanone", "caramellic"], ["ethyl maltol", "caramellic"], ["maltol", "caramellic"], ["strawberry furanone", "caramellic"], ["nonanone", "cheesy"], ["methyl ethyl ketone", "chemical"], ["heliotropin", "cherry"], ["bisabolene", "citrus"], ["grapefruit oil c.p. california", "citrus"], ["linalool", "citrus"], ["nerol", "citrus"], ["orange oil italy", "citrus"], ["styralyl propionate", "citrus"], ["terpineol", "citrus"], ["massoia lactone", "coconut"], ["sabinene hydrate", "cooling"], ["anisaldehyde", "creamy"], ["massoia lactone", "creamy"], ["undecalactone (aldehyde C-14 (so-called))", "creamy"], ["ethyl acetoacetate", "estery"], ["acetaldehyde dimethyl acetal", "ethereal"], ["ethyl undecylenate", "fatty"], ["heptyl acetate", "fatty"], ["hexen-1-yl benzoate", "fatty"], ["undecenal (aldehyde C-11 undecylenic)", "fatty"], ["amyl phenyl acetate", "floral"], ["bois de rose oil brazil", "floral"], ["citronellol", "floral"], ["citronellol", "floral"], ["citronellyl acetate", "floral"], ["dihydrojasmone", "floral"], ["dimethyl benzyl carbinyl acetate", "floral"], ["dimethyl benzyl carbinyl butyrate", "floral"], ["farnesyl acetate", "floral"], ["geraniol", "floral"], ["geranium oil egypt", "floral"], ["geranium oil terpeneless", "floral"], ["geranium petiole oil india", "floral"], ["geranium rose oil", "floral"], ["geranyl acetone", "floral"], ["ionol", "floral"], ["methyl citronellate", "floral"], ["methyl dihydrojasmonate", "floral"], ["methyl epi-jasmonate", "floral"], ["methyl jasmonate", "floral"], ["neryl acetate", "floral"], ["ocean propanal", "floral"], ["phenethyl alcohol", "floral"], ["phenethyl anthranilate", "floral"], ["rose absolute (rosa centifolia)", "floral"], ["rose absolute (rosa centifolia) morocco", "floral"], ["rose absolute (rosa damascena) bulgaria", "floral"], ["rose absolute (rosa damascena) turkey", "floral"], ["rose oil (rosa centifolia) egypt", "floral"], ["rose oil (rosa damascena) bulgaria", "floral"], ["rose oil (rosa damascena) iran", "floral"], ["rose oil (rosa damascena) turkey", "floral"], ["satinaldehyde", "floral"], ["tropical ionone", "floral"], ["ylang ylang flower oil", "floral"], ["allyl cyclohexyl propionate", "fruity"], ["allyl heptanoate", "fruity"], ["amyl benzoate", "fruity"], ["amyl formate", "fruity"], ["amyl hexanoate", "fruity"], ["amyl isobutyrate", "fruity"], ["amyl valerate", "fruity"], ["anisyl alcohol", "fruity"], ["apple ketal", "fruity"], ["benzyl acetate", "fruity"], ["benzyl alcohol", "fruity"], ["benzyl isovalerate", "fruity"], ["benzyl propionate", "fruity"], ["berry pentadienoate", "fruity"], ["buchu mercaptan acetate", "fruity"], ["butyl 2-decenoate", "fruity"], ["butyl heptanoate", "fruity"], ["butyl hexanoate", "fruity"], ["butyl isovalerate", "fruity"], ["cassis bud oil", "fruity"], ["cherry pentenoate", "fruity"], ["citronellyl anthranilate", "fruity"], ["citronellyl formate", "fruity"], ["citronellyl isobutyrate", "fruity"], ["cyclohexyl carboxylic acid", "fruity"], ["cyclohexyl isovalerate", "fruity"], ["damascone", "fruity"], ["damascone", "fruity"], ["damascone", "fruity"], ["damascone", "fruity"], ["decalactone", "fruity"], ["decen-1-yl cyclopentanone", "fruity"], ["dimethyl succinate", "fruity"], ["ethyl (E)-2-hexenoate", "fruity"], ["ethyl (E)-2-octenoate", "fruity"], ["ethyl 2-methyl butyrate", "fruity"], ["ethyl 2-octenoate", "fruity"], ["ethyl 3-(2-furyl) propanoate", "fruity"], ["ethyl 3-hexenoate", "fruity"], ["ethyl heptanoate", "fruity"], ["ethyl isovalerate", "fruity"], ["ethyl levulinate", "fruity"], ["ethyl tiglate", "fruity"], ["ethyl valerate", "fruity"], ["fruity ketal", "fruity"], ["furfuryl propionate", "fruity"], ["furyl pentyl ketone", "fruity"], ["geranyl butyrate", "fruity"], ["heptanol", "fruity"], ["heptyl dihydro-5-methyl-2(3H)-furanone", "fruity"], ["hexanal propylene glycol acetal", "fruity"], ["hexen-1-ol", "fruity"], ["hexen-1-yl acetate", "fruity"], ["hexen-1-yl isobutyrate", "fruity"], ["hexyl acetate", "fruity"], ["hexyl hexanoate", "fruity"], ["kiwi distillates", "fruity"], ["methyl (E)-2-octenoate", "fruity"], ["methyl 3-hexenoate", "fruity"], ["methyl butyl butyrate", "fruity"], ["methyl heptanoate", "fruity"], ["methyl isovalerate", "fruity"], ["methyl valerate", "fruity"], ["methyl-2-butenal", "fruity"], ["neryl formate", "fruity"], ["neryl isovalerate", "fruity"], ["nonen-1-yl acetate", "fruity"], ["octen-1-yl acetate", "fruity"], ["phenethyl isovalerate", "fruity"], ["phenyl propionaldehyde dimethyl acetal", "fruity"], ["phenyl-2-pentanol", "fruity"], ["prenol", "fruity"], ["propyl formate", "fruity"], ["prunus serotina bark extract", "fruity"], ["rose butanoate", "fruity"], ["strawberry glycidate 1 (aldehyde C-16 (so-called))", "fruity"], ["styralyl acetate", "fruity"], ["tiglaldehyde", "fruity"], ["methyl butyrate", "fusel"], ["actinidia chinensis fruit extract", "green"], ["allyl butyrate", "green"], ["amyl isovalerate", "green"], ["amyl salicylate", "green"], ["angelica root oil", "green"], ["butyl isovalerate", "green"], ["cinnamyl alcohol", "green"], ["cuminyl acetaldehyde", "green"], ["cyclamen aldehyde", "green"], ["cyclohexyl ethyl alcohol", "green"], ["cyclohexyl formate", "green"], ["decen-2-one", "green"], ["ethyl (E,Z)-2,4-decadienoate", "green"], ["ethyl butyraldehyde", "green"], ["galbanum oil", "green"], ["geranyl acetate", "green"], ["geranyl isovalerate", "green"], ["grape butyrate", "green"], ["green note propionate", "green"], ["heptyl butyrate", "green"], ["hexanal (aldehyde C-6)", "green"], ["hexanol", "green"], ["hexen-1-ol", "green"], ["hexen-1-yl (Z)-3-hexenoate", "green"], ["hexen-1-yl 2-methyl butyrate", "green"], ["hexen-1-yl acetate", "green"], ["hexen-1-yl acetate", "green"], ["hexen-1-yl butyrate", "green"], ["hexen-1-yl butyrate", "green"], ["hexen-1-yl hexanoate", "green"], ["hexen-1-yl propionate", "green"], ["hexen-1-yl propionate", "green"], ["hexen-1-yl salicylate", "green"], ["hexen-1-yl tiglate", "green"], ["hexen-1-yl valerate", "green"], ["hexen-1-yl valerate", "green"], ["hexen-3-ol", "green"], ["hexenal", "green"], ["hexenyl 2-methyl butyrate", "green"], ["hexyl 2-methyl butyrate", "green"], ["hexyl benzoate", "green"], ["hexyl butyrate", "green"], ["hexyl formate", "green"], ["hexyl isobutyrate", "green"], ["hexyl isovalerate", "green"], ["hexyl tiglate", "green"], ["jasmone", "green"], ["leaf acetal", "green"], ["linalool oxide", "green"], ["marigold pot absolute", "green"], ["melon heptenal", "green"], ["melon nonenoate", "green"], ["methyl (E)-3-hexenoate", "green"], ["methyl 2-undecynoate", "green"], ["methyl heptine carbonate", "green"], ["methyl hydratropaldehyde", "green"], ["methyl octanoate", "green"], ["methyl octine carbonate", "green"], ["methyl-2-furyl) butanal", "green"], ["methyl-2-pentenal", "green"], ["nerolidol", "green"], ["neryl butyrate", "green"], ["neryl propionate", "green"], ["nonenal", "green"], ["ocimene quintoxide", "green"], ["octadienal", "green"], ["octadienal", "green"], ["pentenal", "green"], ["phenoxyethyl isobutyrate", "green"], ["phenyl acetaldehyde dimethyl acetal", "green"], ["terpinyl propionate", "green"], ["thiogeraniol", "green"], ["violet leaf absolute", "green"], ["carum carvi fruit oil", "herbal"], ["clary sage oil france", "herbal"], ["coriander seed oil", "herbal"], ["dihydrolavandulal", "herbal"], ["hop oil", "herbal"], ["petitgrain oil paraguay", "herbal"], ["rose oil (rosa centifolia) morocco", "herbal"], ["phenethyl acetate", "honey"], ["phenethyl isobutyrate", "honey"], ["phenethyl salicylate", "medicinal,"], ["acetyl furan", "nutty"], ["cresyl isovalerate", "phenolic"], ["naphthyl ethyl ether", "powdery"], ["acetaldehyde", "pungent"], ["apple cider flavor", "spicy"], ["apple spice mandarin flavor", "spicy"], ["benzyl cinnamate", "spicy"], ["cassia bark oil china", "spicy"], ["cinnamon bark oil (cinnamomum zeylanicum) india", "spicy"], ["cinnamon bark oil ceylon", "spicy"], ["clove bud oil", "spicy"], ["currant bud absolute", "spicy"], ["eugenyl acetate", "spicy"], ["tolualdehyde", "spicy"], ["ethyl methyl mercaptopropionate", "sulfurous"], ["mango thiol", "sulfurous"], ["methoxy-2-methyl butane thiol", "sulfurous"], ["guava distillates", "tropical"], ["propyl propionate", "tropical"], ["psidium guajava fruit", "tropical"], ["psidium guajava fruit extract", "tropical"], ["vanilla bean absolute (vanilla planifolia)", "vanilla"], ["vanillyl acetate", "vanilla"], ["methyl valeraldehyde", "vegetable"], ["decanal (aldehyde C-10)", "waxy"], ["ethyl decanoate", "waxy"], ["hexyl cinnamaldehyde", "waxy"], ["mimosa absolute france", "waxy"], ["nonanol", "waxy"], ["nonanol", "waxy"], ["octyl butyrate", "waxy"], ["octyl formate", "waxy"], ["propyl heptanoate", "waxy"], ["amyris wood oil", "woody"], ["cistus twig/leaf oil", "woody"], ["damascenone", "woody"], ["ionone", "woody"], ["irone", "woody"]]}