{"name": "2,6-nonadienal", "cas": "26370-28-5", "smiles": "CCC=CCCC=CC=O", "notes": ["cucumber", "violet leaf", "green"], "blenders": [["decanal (aldehyde C-10)", "aldehydic"], ["nonanal (aldehyde C-9)", "aldehydic"], ["octanal (aldehyde C-8)", "aldehydic"], ["amyl benzoate", "balsamic"], ["benzyl cinnamate", "balsamic"], ["clover nitrile", "balsamic"], ["ethyl cinnamate", "balsamic"], ["raspberry ketone", "berry"], ["raspberry ketone acetate", "berry"], ["raspberry ketone methyl ether", "berry"], ["strawberry furanone", "caramellic"], ["amyl phenyl acetate", "chocolate"], ["bergamot oil", "citrus"], ["decenal", "citrus"], ["grapefruit pentanol", "citrus"], ["orange oil italy", "citrus"], ["orange peel oil c.p. brazil", "citrus"], ["petitgrain combava oil", "citrus"], ["nonenal", "fatty"], ["nonenal", "fatty"], ["octenal", "fatty"], ["allyl anthranilate", "floral"], ["amyl cinnamaldehyde", "floral"], ["amyl salicylate", "floral"], ["benzyl acetate", "floral"], ["benzyl alcohol", "floral"], ["benzyl isobutyrate", "floral"], ["bois de rose oil brazil", "floral"], ["citronellyl acetate", "floral"], ["citronellyl formate", "floral"], ["coriander seed oil", "floral"], ["cyclamen aldehyde", "floral"], ["cyclohexyl ethyl alcohol", "floral"], ["damascone", "floral"], ["floral pyranol", "floral"], ["gardenia oxide", "floral"], ["geranyl acetate", "floral"], ["geranyl acetone", "floral"], ["heliotropyl acetate", "floral"], ["heliotropyl acetone", "floral"], ["hexyl cinnamaldehyde", "floral"], ["ho leaf oil", "floral"], ["hyacinth ether", "floral"], ["leerall", "floral"], ["linalool", "floral"], ["linalool", "floral"], ["linalool oxide", "floral"], ["methyl dihydrojasmonate", "floral"], ["mimosa absolute france", "floral"], ["muguet carboxaldehyde", "floral"], ["neryl acetate", "floral"], ["nonanol", "floral"], ["ocean propanal", "floral"], ["phenethyl acetate", "floral"], ["phenethyl isobutyrate", "floral"], ["phenethyl propionate", "floral"], ["rose butanoate", "floral"], ["tetrahydrolinalool", "floral"], ["violet methyl carbonate", "floral"], ["allyl amyl glycolate", "fruity"], ["allyl cyclohexyl propionate", "fruity"], ["amyl butyrate", "fruity"], ["artemisia pallens herb oil", "fruity"], ["benzyl propionate", "fruity"], ["damascone", "fruity"], ["decalactone", "fruity"], ["diethyl malonate", "fruity"], ["ethyl heptanoate", "fruity"], ["green acetate", "fruity"], ["hexen-1-ol", "fruity"], ["hexen-1-ol", "fruity"], ["hexyl acetate", "fruity"], ["methyl 2-methyl valerate", "fruity"], ["strawberry glycidate 1 (aldehyde C-16 (so-called))", "fruity"], ["undecalactone (aldehyde C-14 (so-called))", "fruity"], ["acetaldehyde butyl phenethyl acetal", "green"], ["acetaldehyde di-(Z)-3-hexen-1-yl acetal", "green"], ["acetaldehyde ethyl phenethyl acetal", "green"], ["cyclocitral", "green"], ["ethyl (E,Z)-2,4-decadienoate", "green"], ["galbanum oleoresin", "green"], ["geranium absolute", "green"], ["heptyl cinnamate", "green"], ["hexen-1-ol", "green"], ["hexen-1-ol", "green"], ["hexen-1-ol", "green"], ["hexen-1-yl 2-methyl butyrate", "green"], ["hexen-1-yl acetate", "green"], ["hexen-1-yl acetate", "green"], ["hexen-1-yl benzoate", "green"], ["hexen-1-yl butyrate", "green"], ["hexen-1-yl lactate", "green"], ["hexen-1-yl oxypropane nitrile", "green"], ["hexen-1-yl propionate", "green"], ["hexen-1-yl pyruvate", "green"], ["hexenal", "green"], ["hexoxyacetaldehyde dimethyl acetal", "green"], ["hexyl 2-methyl butyrate", "green"], ["leaf acetal", "green"], ["leafy acetal", "green"], ["melon nonenoate", "green"], ["methyl heptine carbonate", "green"], ["methyl octine carbonate", "green"], ["methyl octine carbonate replacer", "green"], ["nonadien-1-ol", "green"], ["nonadien-1-ol", "green"], ["nonadien-1-ol", "green"], ["nonadien-1-ol", "green"], ["nonadien-1-ol", "green"], ["nonadien-1-yl acetate", "green"], ["nonadienal", "green"], ["nonadienal diethyl acetal", "green"], ["octanal dimethyl acetal", "green"], ["octen-1-ol", "green"], ["octen-1-yl propionate", "green"], ["phenyl acetaldehyde dimethyl acetal", "green"], ["propyl phenyl propionaldehyde", "green"], ["rose leaf absolute (rosa centifolia)", "green"], ["styralyl acetate", "green"], ["violet leaf absolute", "green"], ["violet leaf absolute egypt", "green"], ["basil absolute", "herbal"], ["clary sage oil france", "herbal"], ["daucus carota fruit oil", "herbal"], ["herbal heptane", "herbal"], ["linalyl acetate", "herbal"], ["rosemary oleoresin", "herbal"], ["algae absolute", "marine"], ["marine pyridine", "marine"], ["melon heptenal", "melon"], ["nonenal", "melon"], ["watermelon ketone", "melon"], ["plectranthus glandulosus hook f. leaf oil cameroon", "pine"], ["anisyl acetate", "powdery"], ["anisyl alcohol", "powdery"], ["terpineol", "terpenic"], ["ethyl vanillin", "vanilla"], ["vanillyl acetate", "vanilla"], ["decyl acetate", "waxy"], ["nonadien-1-ol", "waxy"], ["santall", "woody"], ["woody amylene", "woody"], ["acetaldehyde di-(Z)-3-hexen-1-yl acetal", "No flavor group found for these"], ["algae absolute", "No flavor group found for these"], ["allyl anthranilate", "No flavor group found for these"], ["decenal", "No flavor group found for these"], ["heptyl cinnamate", "No flavor group found for these"], ["hexen-1-ol", "No flavor group found for these"], ["hexenal", "No flavor group found for these"], ["hexenal", "No flavor group found for these"], ["methyl-3-pentanol", "No flavor group found for these"], ["nonatrienal", "No flavor group found for these"], ["damascone", ""], ["nonanal (aldehyde C-9)", "aldehydic"], ["octanal (aldehyde C-8)", "aldehydic"], ["nonadien-1-ol", "apple"], ["leafy acetal", "aromatic"], ["ethyl cinnamate", "balsamic"], ["heliotropyl acetone", "berry"], ["raspberry ketone", "berry"], ["raspberry ketone acetate", "berry"], ["raspberry ketone methyl ether", "berry"], ["strawberry furanone", "caramellic"], ["bergamot oil", "citrus"], ["linalool", "citrus"], ["linalool", "citrus"], ["orange oil italy", "citrus"], ["orange peel oil c.p. brazil", "citrus"], ["terpineol", "citrus"], ["undecalactone (aldehyde C-14 (so-called))", "creamy"], ["ethyl octine carbonate", "cucumber"], ["decadienal", "fatty"], ["hexen-1-yl benzoate", "fatty"], ["nonadien-1-ol", "fatty"], ["nonadienal", "fatty"], ["octenal", "fatty"], ["amyl phenyl acetate", "floral"], ["bois de rose oil brazil", "floral"], ["citronellyl acetate", "floral"], ["geranyl acetone", "floral"], ["heliotropyl acetate", "floral"], ["linalyl acetate", "floral"], ["methyl dihydrojasmonate", "floral"], ["neryl acetate", "floral"], ["ocean propanal", "floral"], ["phenethyl propionate", "floral"], ["tetrahydrolinalool", "floral"], ["allyl cyclohexyl propionate", "fruity"], ["amyl benzoate", "fruity"], ["anisyl acetate", "fruity"], ["anisyl alcohol", "fruity"], ["artemisia pallens herb oil", "fruity"], ["benzyl acetate", "fruity"], ["benzyl alcohol", "fruity"], ["benzyl isobutyrate", "fruity"], ["benzyl propionate", "fruity"], ["citronellyl formate", "fruity"], ["damascone", "fruity"], ["decalactone", "fruity"], ["diethyl malonate", "fruity"], ["ethyl heptanoate", "fruity"], ["hexen-1-ol", "fruity"], ["hexyl acetate", "fruity"], ["methyl 2-methyl valerate", "fruity"], ["rose butanoate", "fruity"], ["strawberry glycidate 1 (aldehyde C-16 (so-called))", "fruity"], ["styralyl acetate", "fruity"], ["acetaldehyde butyl phenethyl acetal", "green"], ["acetaldehyde ethyl phenethyl acetal", "green"], ["amyl salicylate", "green"], ["cucumber distillates", "green"], ["cyclamen aldehyde", "green"], ["cyclohexyl ethyl alcohol", "green"], ["ethyl (E,Z)-2,4-decadienoate", "green"], ["galbanum oleoresin", "green"], ["geranium absolute", "green"], ["geranyl acetate", "green"], ["hexen-1-ol", "green"], ["hexen-1-ol", "green"], ["hexen-1-ol", "green"], ["hexen-1-yl 2-methyl butyrate", "green"], ["hexen-1-yl acetate", "green"], ["hexen-1-yl acetate", "green"], ["hexen-1-yl butyrate", "green"], ["hexen-1-yl lactate", "green"], ["hexen-1-yl propionate", "green"], ["hexen-1-yl pyruvate", "green"], ["hexenal", "green"], ["hexyl 2-methyl butyrate", "green"], ["leaf acetal", "green"], ["linalool oxide", "green"], ["melon heptenal", "green"], ["melon nonenoate", "green"], ["methyl heptine carbonate", "green"], ["methyl octine carbonate", "green"], ["nonadien-1-ol", "green"], ["nonadien-1-ol", "green"], ["nonadien-1-ol", "green"], ["nonadien-1-yl acetate", "green"], ["nonadienal", "green"], ["nonadienal", "green"], ["nonadienal diethyl acetal", "green"], ["nonenal", "green"], ["nonenal", "green"], ["octanal dimethyl acetal", "green"], ["octen-1-ol", "green"], ["octen-1-yl propionate", "green"], ["phenyl acetaldehyde dimethyl acetal", "green"], ["rose leaf absolute (rosa centifolia)", "green"], ["violet leaf absolute", "green"], ["violet leaf absolute egypt", "green"], ["basil absolute", "herbal"], ["clary sage oil france", "herbal"], ["coriander seed oil", "herbal"], ["daucus carota fruit oil", "herbal"], ["rosemary oleoresin", "herbal"], ["phenethyl acetate", "honey"], ["phenethyl isobutyrate", "honey"], ["benzyl cinnamate", "spicy"], ["amyl cinnamaldehyde", "tropical"], ["ethyl vanillin", "vanilla"], ["vanillyl acetate", "vanilla"], ["amyl butyrate", "waxy"], ["decanal (aldehyde C-10)", "waxy"], ["decyl acetate", "waxy"], ["hexyl cinnamaldehyde", "waxy"], ["mimosa absolute france", "waxy"], ["nonadien-1-ol", "waxy"], ["nonanol", "waxy"]]}