{"name": "(Z+E)-mercapto-para-menthan-3-one", "cas": "29725-66-4", "smiles": "CC1(S)CC(=O)C(CC1)C(C)C", "notes": [], "blenders": [["nonen-2-one", "No odor group found for these"], ["tiglaldehyde", "No odor group found for these"], ["valeraldehyde", "aldehydic"], ["cresyl isobutyrate", "animal"], ["amyl benzoate", "balsamic"], ["fir carboxylate", "balsamic"], ["maltyl isobutyrate", "caramellic"], ["bergamot acetoacetate", "citrus"], ["heptanol", "citrus"], ["ocimene quintoxide", "citrus"], ["decalactone", "coconut"], ["undecalactone", "coconut"], ["methyl valeraldehyde", "ethereal"], ["propyl formate", "ethereal"], ["valeraldehyde propylene glycol acetal", "ethereal"], ["decen-2-one", "fatty"], ["hexyl pivalate", "fatty"], ["methyl (E)-2-hexenoate", "fatty"], ["methyl 2-hexenoate", "fatty"], ["methyl-1-pentanol", "fermented"], ["valeraldehyde", "fermented"], ["amyl cinnamaldehyde diethyl acetal", "floral"], ["boronia absolute", "floral"], ["citronellyl propionate", "floral"], ["cyclohexyl propanol", "floral"], ["damascone", "floral"], ["dimethyl-2-nonanol", "floral"], ["geranyl acetone", "floral"], ["ionone", "floral"], ["lily propanol", "floral"], ["papaya isobutyrate", "floral"], ["phenethyl acetate", "floral"], ["rose carboxylate", "floral"], ["acetaldehyde dihexyl acetal", "fruity"], ["allyl 2-ethyl butyrate", "fruity"], ["allyl amyl glycolate", "fruity"], ["allyl butyrate", "fruity"], ["amyl butyrate", "fruity"], ["amyl hexanoate", "fruity"], ["amyl isovalerate", "fruity"], ["amyl octanoate", "fruity"], ["benzyl-4-heptanone", "fruity"], ["berry hexanoate", "fruity"], ["berry pentadienoate", "fruity"], ["butyl 2-decenoate", "fruity"], ["butyl 2-methyl butyrate", "fruity"], ["butyl hexanoate", "fruity"], ["butyl isobutyrate", "fruity"], ["butyl propionate", "fruity"], ["cherry pentenoate", "fruity"], ["cyclohexyl cinnamate", "fruity"], ["cyclopentyl cyclopentanone", "fruity"], ["decen-1-yl cyclopentanone", "fruity"], ["diethyl malonate", "fruity"], ["dimethyl succinate", "fruity"], ["dodecalactone", "fruity"], ["ethyl 2-cyclohexyl propionate", "fruity"], ["ethyl 2-hydroxy-3-methyl valerate", "fruity"], ["ethyl 2-octenoate", "fruity"], ["ethyl 3-acetoxyhexanoate", "fruity"], ["ethyl 3,5,5-trimethyl hexanoate", "fruity"], ["ethyl acetoacetate", "fruity"], ["ethyl methyl-para-tolyl glycidate", "fruity"], ["fleuramone (IFF)", "fruity"], ["fruity butanate", "fruity"], ["fruity cyclopentanone", "fruity"], ["geranyl isovalerate", "fruity"], ["heliotropyl isobutyrate", "fruity"], ["heptanal cyclic ethylene acetal", "fruity"], ["heptyl isobutyrate", "fruity"], ["hexanal propylene glycol acetal", "fruity"], ["hexen-1-ol", "fruity"], ["hexen-1-yl 2-methyl-2-pentenoate", "fruity"], ["hexen-1-yl acetate", "fruity"], ["hexen-1-yl isobutyrate", "fruity"], ["hexyl (E)-tiglate", "fruity"], ["hexyl acetate", "fruity"], ["hexyl isovalerate", "fruity"], ["hexyl propionate", "fruity"], ["ionone epoxide", "fruity"], ["linalyl hexanoate", "fruity"], ["methyl 2-methyl valerate", "fruity"], ["methyl 3-nonenoate", "fruity"], ["methyl butyl 2-methyl butyrate", "fruity"], ["methyl heptanoate", "fruity"], ["methyl valerate", "fruity"], ["nerolidyl isobutyrate", "fruity"], ["nonen-2-one", "fruity"], ["octen-1-yl cyclopentanone", "fruity"], ["octyl butyrate", "fruity"], ["osmanthus flower absolute", "fruity"], ["peach cyclopentanone", "fruity"], ["peach pivalate", "fruity"], ["pentyl furan", "fruity"], ["phenyl-2-butyl acetate", "fruity"], ["pineapple pentenoate", "fruity"], ["prenyl ethyl ether", "fruity"], ["prenyl hexanoate", "fruity"], ["propenyl acetate", "fruity"], ["propyl 2-methyl butyrate", "fruity"], ["propyl isobutyrate", "fruity"], ["rhubarb undecane", "fruity"], ["styralyl butyrate", "fruity"], ["tetrahydrofurfuryl butyrate", "fruity"], ["tropical indene", "fruity"], ["tropical thiazole", "fruity"], ["undecalactone (aldehyde C-14 (so-called))", "fruity"], ["vanilla carboxylate", "fruity"], ["acetaldehyde benzyl 2-methoxyethyl acetal", "green"], ["acetaldehyde methyl hexyl acetal", "green"], ["amyl formate", "green"], ["cognac heptanone", "green"], ["decalactone", "green"], ["ethyl (E,Z)-2,4-decadienoate", "green"], ["ethyl (E)-2-hexenoate", "green"], ["ethyl (E)-4-decenoate", "green"], ["green dioxolane", "green"], ["heptanal dimethyl acetal", "green"], ["hexen-1-yl (E)-2-hexenoate", "green"], ["hexen-1-yl 2-methyl butyrate", "green"], ["hexen-1-yl acetate", "green"], ["hexen-1-yl acetate", "green"], ["hexen-1-yl formate", "green"], ["hexen-1-yl hexanoate", "green"], ["hexen-1-yl hexanoate", "green"], ["hexen-1-yl isovalerate", "green"], ["hexen-1-yl propionate", "green"], ["hexen-1-yl valerate", "green"], ["hexen-1-yl valerate", "green"], ["hexenyl acetate", "green"], ["hexyl butyrate", "green"], ["hexyl isobutyrate", "green"], ["hexyl octanoate", "green"], ["manzanate (Givaudan)", "green"], ["pentenal", "green"], ["phenoxyethyl isobutyrate", "green"], ["propyl phenyl acetaldehyde", "green"], ["propylene acetal", "green"], ["sorbyl isobutyrate", "green"], ["thiogeraniol", "green"], ["violet dienyne", "green"], ["benzyl octanoate", "herbal"], ["buchu oxime", "herbal"], ["tricyclodecyl acetate", "herbal"], ["viridiflorol", "herbal"], ["basil oleoresin", "licorice"], ["menthyl acetate racemic", "mentholic"], ["diosphenol", "minty"], ["ethyl salicylate", "minty"], ["methyl salicylate", "minty"], ["propyl tiglate", "minty"], ["pulegone", "minty"], ["pulegyl formate", "minty"], ["ambrettolide", "soapy"], ["blackberry thiophenone", "sulfurous"], ["buchu mercaptan", "sulfurous"], ["cassis pentanone", "sulfurous"], ["mango thiol", "sulfurous"], ["passiflora acetate", "sulfurous"], ["cyclocitral", "tropical"], ["glyceryl 5-hydroxydecanoate", "tropical"], ["glyceryl 5-hydroxydodecanoate", "tropical"], ["decenoic acid", "waxy"], ["methyl geranate", "waxy"], ["octen-1-yl butyrate", "waxy"], ["octyl 2-methyl butyrate", "waxy"], ["verdoxan", "woody"], ["woody acetate", "woody"], ["acetaldehyde benzyl 2-methoxyethyl acetal", "No flavor group found for these"], ["allyl cyclohexyl valerate", "No flavor group found for these"], ["allyl tiglate", "No flavor group found for these"], ["benzyl octanoate", "No flavor group found for these"], ["blackberry thiophenone", "No flavor group found for these"], ["cyclopentyl cyclopentanone", "No flavor group found for these"], ["decalactone", "No flavor group found for these"], ["dodecalactone", "No flavor group found for these"], ["ethyl 2-hydroxy-3-methyl valerate", "No flavor group found for these"], ["ethyl 3-acetoxyhexanoate", "No flavor group found for these"], ["heptadien-1-ol", "No flavor group found for these"], ["hexenal", "No flavor group found for these"], ["hexenal diethyl acetal", "No flavor group found for these"], ["hexenyl acetate", "No flavor group found for these"], ["hexyl (E)-2-hexenoate", "No flavor group found for these"], ["hexyl propionate", "No flavor group found for these"], ["ionone epoxide", "No flavor group found for these"], ["linalyl hexanoate", "No flavor group found for these"], ["menthyl acetate racemic", "No flavor group found for these"], ["methyl (E)-2-hexenoate", "No flavor group found for these"], ["methyl 2-hexenoate", "No flavor group found for these"], ["methyl 4-pentenoate", "No flavor group found for these"], ["methyl geranate", "No flavor group found for these"], ["methyl-2-octenal", "No flavor group found for these"], ["methyl-2-octenal", "No flavor group found for these"], ["methyl-3-pentanol", "No flavor group found for these"], ["nonen-2-one", "No flavor group found for these"], ["octadien-2-one", "No flavor group found for these"], ["octen-1-yl butyrate", "No flavor group found for these"], ["octen-4-ol", "No flavor group found for these"], ["phenyl-2-butyl acetate", "No flavor group found for these"], ["prenyl ethyl ether", "No flavor group found for these"], ["prenyl hexanoate", "No flavor group found for these"], ["propyl phenyl acetaldehyde", "No flavor group found for these"], ["propylene acetal", "No flavor group found for these"], ["pulegyl formate", "No flavor group found for these"], ["tiglaldehyde", "No flavor group found for these"], ["viridiflorol", "No flavor group found for these"], ["sorbyl isobutyrate", ""], ["tropical thiazole", "alliaceous"], ["cresyl isobutyrate", "aromatic"], ["heptyl isobutyrate", "berry"], ["cognac heptanone", "citrus"], ["decalactone", "coconut"], ["propyl pyrazine", "coffee"], ["manzanate (Givaudan)", "cooling"], ["glyceryl 5-hydroxydecanoate", "creamy"], ["glyceryl 5-hydroxydodecanoate", "creamy"], ["massoia lactone", "creamy"], ["undecalactone", "creamy"], ["undecalactone (aldehyde C-14 (so-called))", "creamy"], ["hexen-3-yl acetate", "earthy"], ["ethyl acetoacetate", "estery"], ["allyl 2-ethyl butyrate", "ethereal"], ["propenyl acetate", "ethereal"], ["ethyl (E)-4-decenoate", "fatty"], ["citronellyl propionate", "floral"], ["geranyl acetone", "floral"], ["amyl benzoate", "fruity"], ["amyl hexanoate", "fruity"], ["amyl octanoate", "fruity"], ["benzyl-4-heptanone", "fruity"], ["berry pentadienoate", "fruity"], ["boronia absolute", "fruity"], ["butyl 2-decenoate", "fruity"], ["butyl 2-methyl butyrate", "fruity"], ["butyl hexanoate", "fruity"], ["butyl isobutyrate", "fruity"], ["butyl propionate", "fruity"], ["cherry pentenoate", "fruity"], ["cyclohexyl cinnamate", "fruity"], ["decen-1-yl cyclopentanone", "fruity"], ["diethyl malonate", "fruity"], ["dimethyl succinate", "fruity"], ["ethyl (E)-2-hexenoate", "fruity"], ["ethyl (E)-2-octenoate", "fruity"], ["ethyl 2-octenoate", "fruity"], ["ethyl 3-oxohexanoate", "fruity"], ["ethyl methyl-para-tolyl glycidate", "fruity"], ["furfuryl propionate", "fruity"], ["heliotropyl isobutyrate", "fruity"], ["heptanol", "fruity"], ["hexanal propylene glycol acetal", "fruity"], ["hexen-1-ol", "fruity"], ["hexen-1-yl (E)-2-hexenoate", "fruity"], ["hexen-1-yl acetate", "fruity"], ["hexen-1-yl isobutyrate", "fruity"], ["hexyl acetate", "fruity"], ["methyl (E)-3-nonenoate", "fruity"], ["methyl 2-methyl valerate", "fruity"], ["methyl 3-nonenoate", "fruity"], ["methyl butyl 2-methyl butyrate", "fruity"], ["methyl heptanoate", "fruity"], ["methyl valerate", "fruity"], ["octen-1-yl cyclopentanone", "fruity"], ["osmanthus flower absolute", "fruity"], ["pineapple pentenoate", "fruity"], ["propyl 2-methyl butyrate", "fruity"], ["propyl formate", "fruity"], ["propyl isobutyrate", "fruity"], ["styralyl butyrate", "fruity"], ["tetrahydrofurfuryl butyrate", "fruity"], ["valeraldehyde", "fruity"], ["valeraldehyde propylene glycol acetal", "fruity"], ["vanilla carboxylate", "fruity"], ["acetaldehyde dihexyl acetal", "green"], ["allyl butyrate", "green"], ["amyl formate", "green"], ["amyl isovalerate", "green"], ["cassis pentanone", "green"], ["decen-2-one", "green"], ["ethyl (E,Z)-2,4-decadienoate", "green"], ["geranyl isovalerate", "green"], ["heptanal dimethyl acetal", "green"], ["hexen-1-yl 2-methyl butyrate", "green"], ["hexen-1-yl acetate", "green"], ["hexen-1-yl acetate", "green"], ["hexen-1-yl hexanoate", "green"], ["hexen-1-yl hexanoate", "green"], ["hexen-1-yl isovalerate", "green"], ["hexen-1-yl propionate", "green"], ["hexen-1-yl valerate", "green"], ["hexen-1-yl valerate", "green"], ["hexenal diethyl acetal", "green"], ["hexyl (E)-tiglate", "green"], ["hexyl butyrate", "green"], ["hexyl isobutyrate", "green"], ["hexyl isovalerate", "green"], ["hexyl octanoate", "green"], ["methyl 2-undecynoate", "green"], ["ocimene quintoxide", "green"], ["papaya isobutyrate", "green"], ["pentenal", "green"], ["pentyl furan", "green"], ["phenoxyethyl isobutyrate", "green"], ["propyl tiglate", "green"], ["thiogeraniol", "green"], ["phenethyl acetate", "honey"], ["maltyl isobutyrate", "jammy"], ["basil oleoresin", "licorice"], ["diosphenol", "minty"], ["ethyl salicylate", "minty"], ["methyl salicylate", "minty"], ["nonen-2-one", "oily"], ["hexen-1-yl formate", "rummy"], ["ambrettolide", "soapy"], ["methyl valeric acid", "sour"], ["buchu mercaptan", "sulfurous"], ["mango thiol", "sulfurous"], ["methyl 2-(methyl thio) butyrate", "sulfurous"], ["methyl thiomethyl butyrate", "sulfurous"], ["cyclocitral", "tropical"], ["passiflora acetate", "tropical"], ["methyl valeraldehyde", "vegetable"], ["potato butyraldehyde", "vegetable"], ["amyl butyrate", "waxy"], ["decenoic acid", "waxy"], ["octyl 2-methyl butyrate", "waxy"], ["octyl butyrate", "waxy"], ["methyl-1-pentanol", "whiskey"], ["valeraldehyde", "winey"], ["ionone", "woody"]]}