{"name": "dehydro-ar-ionene", "cas": "30364-38-6", "smiles": "CC1=CC2=C(C=C1)C(CC=C2)(C)C", "notes": [], "blenders": [["anisaldehyde", "No odor group found for these"], ["fusel oil", "alcoholic"], ["hexanol", "alcoholic"], ["anise oleoresin", "anise"], ["anise seed oil", "anise"], ["anise seed oil china", "anise"], ["anise seed oil colombia", "anise"], ["anise seed oil spain", "anise"], ["anise seed oil terpeneless", "anise"], ["fennel absolute", "anise"], ["fennel oleoresin", "anise"], ["acetanisole", "anisic"], ["acetanisole", "anisic"], ["amyl furoate", "anisic"], ["anisyl phenyl acetate", "anisic"], ["anisyl propanal", "anisic"], ["dihydroanethol", "anisic"], ["estragole", "anisic"], ["ethyl para-anisate", "anisic"], ["ocimum basilicum herb oil egypt", "anisic"], ["ocimum basilicum leaf oil CO2 extract", "anisic"], ["sassafras acetate", "anisic"], ["amyl pyruvate", "balsamic"], ["cinnamyl butyrate", "balsamic"], ["guaiacyl phenyl acetate", "balsamic"], ["opoponax oil (balsamodendron kafal)", "balsamic"], ["opoponax resinoid (balsamodendron kafal)", "balsamic"], ["phenyl propyl alcohol", "balsamic"], ["terpinyl cinnamate", "balsamic"], ["rum ether", "burnt"], ["caramel pentadione", "caramellic"], ["cyclotene", "caramellic"], ["diethyl malate", "caramellic"], ["ethyl cyclopentenolone", "caramellic"], ["mesitene lactone", "caramellic"], ["butyl formate", "chemical"], ["methyl butyraldehyde", "cocoa"], ["propyl octanoate", "coconut"], ["phthalide", "coumarinic"], ["amyl octanoate", "earthy"], ["amyl acetoacetate", "ethereal"], ["butyl alcohol", "ethereal"], ["decyl propionate", "ethereal"], ["ethyl acetate", "ethereal"], ["ethyl formate", "ethereal"], ["ethyl pyruvate", "ethereal"], ["hexen-3-ol", "ethereal"], ["methyl acetate", "ethereal"], ["methyl tiglate", "ethereal"], ["methyl-1-butanol", "ethereal"], ["propyl formate", "ethereal"], ["valeraldehyde propylene glycol acetal", "ethereal"], ["butyl undecylenate", "fatty"], ["amyl alcohol", "fermented"], ["ethyl (E)-2-crotonate", "fermented"], ["ethyl crotonate", "fermented"], ["methyl decanoate", "fermented"], ["methyl-1-pentanol", "fermented"], ["pentanol", "fermented"], ["valeraldehyde", "fermented"], ["anise indene", "floral"], ["anisyl butyrate", "floral"], ["anisyl propanal / methyl anthranilate schiff's base", "floral"], ["autumn carboxylate", "floral"], ["dimethyl anthranilate", "floral"], ["ethyl hydrocinnamate", "floral"], ["geranyl acetate", "floral"], ["hawthorn acetate", "floral"], ["lilac pentanol", "floral"], ["linalyl propionate", "floral"], ["methyl acetophenone", "floral"], ["methyl citronellate", "floral"], ["phenethyl butyrate", "floral"], ["rose oil (rosa damascena) bulgaria", "floral"], ["acetoin acetate", "fruity"], ["amyl 2-methyl butyrate", "fruity"], ["anisyl methyl ketone", "fruity"], ["berry hexanoate", "fruity"], ["berry pentadienoate", "fruity"], ["butyl 2-butenoate", "fruity"], ["butyl acetoacetate", "fruity"], ["butyl anthranilate", "fruity"], ["butyl butyrate", "fruity"], ["butyl formate", "fruity"], ["butyl hexanoate", "fruity"], ["butyl isobutyrate", "fruity"], ["butyl isovalerate", "fruity"], ["butyl propionate", "fruity"], ["cyclohexanone diethyl acetal", "fruity"], ["diethyl laevo-tartrate", "fruity"], ["diethyl sebacate", "fruity"], ["ethyl 2-ethyl acetoacetate", "fruity"], ["ethyl 3,5,5-trimethyl hexanoate", "fruity"], ["ethyl heptanoate", "fruity"], ["ethyl hexanoate", "fruity"], ["ethyl isobutyrate", "fruity"], ["ethyl propionate", "fruity"], ["ethyl sorbate", "fruity"], ["farnesyl acetone", "fruity"], ["fruity carboxylate", "fruity"], ["geranyl acetoacetate", "fruity"], ["grape butyrate", "fruity"], ["heptyl isobutyrate", "fruity"], ["hexanal propylene glycol acetal", "fruity"], ["hexanone", "fruity"], ["methyl nonanoate", "fruity"], ["methyl propionate", "fruity"], ["pentanone", "fruity"], ["phenyl propyl butyrate", "fruity"], ["prenyl formate", "fruity"], ["propyl heptanoate", "fruity"], ["propyl hexanoate", "fruity"], ["sorbyl butyrate", "fruity"], ["tetrahydrofurfuryl acetate", "fruity"], ["amyl formate", "green"], ["benzaldehyde dimethyl acetal", "green"], ["cognac oil", "green"], ["heptyl acetate", "green"], ["hexen-1-ol", "green"], ["hexen-1-yl butyrate", "green"], ["hexen-1-yl formate", "green"], ["hexen-1-yl hexanoate", "green"], ["hexen-1-yl octanoate", "green"], ["hexen-1-yl phenyl acetate", "green"], ["hexyl isobutyrate", "green"], ["hexyl phenyl acetate", "green"], ["phenethyl tiglate", "green"], ["tiglaldehyde", "green"], ["acetyl tributyl citrate", "herbal"], ["amyl tiglate", "herbal"], ["clary sage concrete", "herbal"], ["cognac oil", "herbal"], ["elder flower absolute", "herbal"], ["ethyl chrysanthemate", "herbal"], ["floral nitrile", "herbal"], ["petitgrain heptane", "herbal"], ["phenethyl senecioate", "herbal"], ["tricyclo(5.2.1.02,6)dec-3-enyl acetate", "herbal"], ["allyl phenyl acetate", "honey"], ["methyl hydrocinnamate", "honey"], ["ethyl 2-methyl-2-pentenoate", "jammy"], ["anethol", "licorice"], ["glycyrrhiza glabra root extract", "licorice"], ["carvone", "minty"], ["ethyl salicylate", "minty"], ["pentadecalactone", "musk"], ["acetyl pyrrole", "musty"], ["anisyl acetate", "powdery"], ["anisyl alcohol", "powdery"], ["anisaldehyde", "spicy"], ["anisyl formate", "spicy"], ["artemisia dracunculus herb oil", "spicy"], ["cinnamyl isovalerate", "spicy"], ["ethyl methyl mercaptopropionate", "sulfurous"], ["saffron resinoid", "tonka"], ["propenyl guaethol", "vanilla"], ["allyl nonanoate", "waxy"], ["amyl decanoate", "waxy"], ["amyl laurate", "waxy"], ["ethyl decanoate", "waxy"], ["ethyl nonanoate", "waxy"], ["ethyl octanoate", "waxy"], ["phenethyl octanoate", "waxy"], ["waxy acetate", "waxy"], ["butyl angelate", "winey"], ["hexanol", "winey"], ["acetyl tributyl citrate", "No flavor group found for these"], ["amyl furoate", "No flavor group found for these"], ["amyl octanoate", "No flavor group found for these"], ["amyl pyruvate", "No flavor group found for these"], ["amyl tiglate", "No flavor group found for these"], ["amyl-5 or 6-keto-1,4-dioxane", "No flavor group found for these"], ["anisaldehyde", "No flavor group found for these"], ["anisaldehyde", "No flavor group found for these"], ["butyl angelate", "No flavor group found for these"], ["butyl formate", "No flavor group found for these"], ["butyl furan", "No flavor group found for these"], ["carvone", "No flavor group found for these"], ["cyclohexanone diethyl acetal", "No flavor group found for these"], ["decyl propionate", "No flavor group found for these"], ["diethyl laevo-tartrate", "No flavor group found for these"], ["diethyl malate", "No flavor group found for these"], ["ethyl aconitate", "No flavor group found for these"], ["ethyl anisole", "No flavor group found for these"], ["ethyl cyclohexyl carboxylate", "No flavor group found for these"], ["ethyl hydrocinnamate", "No flavor group found for these"], ["farnesyl acetone", "No flavor group found for these"], ["fleabane oil (erigeron canadensis)", "No flavor group found for these"], ["geranyl acetoacetate", "No flavor group found for these"], ["hexanol", "No flavor group found for these"], ["hexen-1-yl phenyl acetate", "No flavor group found for these"], ["methyl butyl propionate", "No flavor group found for these"], ["methyl hydrocinnamate", "No flavor group found for these"], ["methyl tiglate", "No flavor group found for these"], ["phenethyl senecioate", "No flavor group found for these"], ["prenyl formate", "No flavor group found for these"], ["propyl octanoate", "No flavor group found for these"], ["sorbyl propionate", "No flavor group found for these"], ["hexanol", "alcoholic"], ["anethol", "anise"], ["anise oleoresin", "anise"], ["anise seed oil", "anise"], ["anise seed oil china", "anise"], ["anise seed oil colombia", "anise"], ["anise seed oil spain", "anise"], ["anise seed oil terpeneless", "anise"], ["ethyl para-anisate", "anise"], ["fennel absolute", "anise"], ["fennel oleoresin", "anise"], ["acetanisole", "anisic"], ["anisyl butyrate", "anisic"], ["anisyl phenyl acetate", "anisic"], ["methyl acetophenone", "anisic"], ["ocimum basilicum herb oil egypt", "anisic"], ["opoponax oil (balsamodendron kafal)", "balsamic"], ["heptyl isobutyrate", "berry"], ["tetrahydrofurfuryl acetate", "brown"], ["rum ether", "burnt"], ["caramel pentadione", "caramellic"], ["cyclotene", "caramellic"], ["pyruvaldehyde", "caramellic"], ["phthalide", "coumarinic"], ["butyl alcohol", "ethereal"], ["ethyl acetate", "ethereal"], ["ethyl formate", "ethereal"], ["ethyl isobutyrate", "ethereal"], ["methyl acetate", "ethereal"], ["methyl-1-butanol", "ethereal"], ["amyl laurate", "fatty"], ["methyl decanoate", "fatty"], ["methyl citronellate", "floral"], ["rose oil (rosa damascena) bulgaria", "floral"], ["acetoin acetate", "fruity"], ["amyl 2-methyl butyrate", "fruity"], ["amyl acetoacetate", "fruity"], ["anisyl acetate", "fruity"], ["anisyl alcohol", "fruity"], ["berry pentadienoate", "fruity"], ["butyl acetoacetate", "fruity"], ["butyl anthranilate", "fruity"], ["butyl butyrate", "fruity"], ["butyl hexanoate", "fruity"], ["butyl isobutyrate", "fruity"], ["butyl propionate", "fruity"], ["cinnamyl isovalerate", "fruity"], ["diethyl sebacate", "fruity"], ["dimethyl anthranilate", "fruity"], ["ethyl 2-ethyl acetoacetate", "fruity"], ["ethyl 3-oxohexanoate", "fruity"], ["ethyl heptanoate", "fruity"], ["ethyl hexanoate", "fruity"], ["ethyl propionate", "fruity"], ["ethyl sorbate", "fruity"], ["furfuryl isovalerate", "fruity"], ["fusel oil", "fruity"], ["hexanal propylene glycol acetal", "fruity"], ["hexanone", "fruity"], ["hexyl phenyl acetate", "fruity"], ["lilac pentanol", "fruity"], ["methyl propionate", "fruity"], ["methyl sorbate", "fruity"], ["pentanone", "fruity"], ["phenethyl butyrate", "fruity"], ["phenethyl octanoate", "fruity"], ["propyl formate", "fruity"], ["propyl hexanoate", "fruity"], ["sorbyl butyrate", "fruity"], ["terpinyl cinnamate", "fruity"], ["tiglaldehyde", "fruity"], ["valeraldehyde propylene glycol acetal", "fruity"], ["amyl alcohol", "fusel"], ["cognac oil", "fusel"], ["cognac oil", "fusel"], ["methyl butyraldehyde", "fusel"], ["amyl formate", "green"], ["benzaldehyde dimethyl acetal", "green"], ["butyl 2-butenoate", "green"], ["butyl isovalerate", "green"], ["geranyl acetate", "green"], ["grape butyrate", "green"], ["heptyl acetate", "green"], ["hexen-1-ol", "green"], ["hexen-1-yl butyrate", "green"], ["hexen-1-yl hexanoate", "green"], ["hexen-1-yl octanoate", "green"], ["hexen-3-ol", "green"], ["hexyl isobutyrate", "green"], ["phenethyl tiglate", "green"], ["clary sage concrete", "herbal"], ["dihydroanethol", "herbal"], ["linalyl propionate", "herbal"], ["ocimum basilicum leaf oil CO2 extract", "herbal"], ["allyl phenyl acetate", "honey"], ["ethyl cyclopentenolone", "jammy"], ["butyl-3-methyl pyrazine", "licorice"], ["estragole", "licorice"], ["glycyrrhiza glabra root extract", "licorice"], ["glycyrrhiza glabra root extract powder", "licorice"], ["ethyl salicylate", "minty"], ["ethyl (E)-2-crotonate", "musty"], ["pentanol", "musty"], ["propionaldehyde", "musty"], ["acetyl pyrrole", "nutty"], ["tetrahydrofurfuryl propionate", "oily"], ["guaiacyl phenyl acetate", "phenolic"], ["acetanisole", "powdery"], ["powdery ketone", "powdery"], ["butyl formate", "rummy"], ["ethyl crotonate", "rummy"], ["ethyl pyruvate", "rummy"], ["hexen-1-yl formate", "rummy"], ["anisyl formate", "spicy"], ["anisyl methyl ketone", "spicy"], ["artemisia dracunculus herb oil", "spicy"], ["phenyl propyl alcohol", "spicy"], ["phenyl propyl butyrate", "spicy"], ["ethyl methyl mercaptopropionate", "sulfurous"], ["hesperidin dihydrochalcone", "sweet"], ["saffron resinoid", "sweet"], ["sassafras acetate", "tarragon"], ["pentadecalactone", "vanilla"], ["propenyl guaethol", "vanilla"], ["allyl nonanoate", "waxy"], ["amyl decanoate", "waxy"], ["butyl undecylenate", "waxy"], ["ethyl decanoate", "waxy"], ["ethyl nonanoate", "waxy"], ["ethyl octanoate", "waxy"], ["propyl heptanoate", "waxy"], ["methyl-1-pentanol", "whiskey"], ["aconitic acid", "winey"], ["cinnamyl butyrate", "winey"], ["methyl nonanoate", "winey"], ["valeraldehyde", "winey"], ["quercus alba chips extract", "woody"]]}