{"name": "dihydro-alpha-ionone", "cas": "31499-72-6", "smiles": "CC1=CCCC(C1CCC(=O)C)(C)C", "notes": ["woody", "floral", "berry", "orris", "powdery", "violet", "raspberry", "fruity", "woody", "floral", "berry", "fruity", "orris", "powdery"], "blenders": [["methyl-2-pentenoic acid", "acidic"], ["cistus ladaniferus resinoid", "amber"], ["animal carbolactone", "animal"], ["costus valerolactone", "animal"], ["bornyl formate", "balsamic"], ["copaiba balsam oil", "balsamic"], ["fenchone", "balsamic"], ["fir balsam absolute", "balsamic"], ["fir balsam concrete", "balsamic"], ["fir needle oil siberia", "balsamic"], ["guaiacyl phenyl acetate", "balsamic"], ["opoponax oil (balsamodendron kafal)", "balsamic"], ["pine needle absolute", "balsamic"], ["blackberry infusions", "berry"], ["blackberry specialty", "berry"], ["blueberry fragrance", "berry"], ["blueberry infusions", "berry"], ["butyl ethyl ether", "berry"], ["currant fragrance", "berry"], ["currant fragrance", "berry"], ["currant infusions", "berry"], ["gooseberry fragrance", "berry"], ["huckleberry fragrance", "berry"], ["methyl beta-ionyl acetate", "berry"], ["raspberry essence", "berry"], ["raspberry fragrance", "berry"], ["raspberry fragrance", "berry"], ["raspberry infusions", "berry"], ["rubus fruticosus fruit extract", "berry"], ["benzylidene-2-butanone", "camphoreous"], ["cyclocitral", "camphoreous"], ["bergamot oil", "citrus"], ["citrus woody floral fragrance", "citrus"], ["dimethyl-3,7-nonadien-2-yl acetate", "citrus"], ["myrcenyl acetate", "citrus"], ["fenchol", "earthy"], ["linalool oxide (furanoid)", "earthy"], ["propyl formate", "ethereal"], ["valeraldehyde", "fermented"], ["amyl cyclopentenone", "floral"], ["bois de rose oil peru", "floral"], ["cassie absolute", "floral"], ["damascenone", "floral"], ["damascone", "floral"], ["dihydrojasmone", "floral"], ["dimethyl acetophenone", "floral"], ["dimethyl anthranilate", "floral"], ["dimethyl cyclohexyl methyl acetate", "floral"], ["dimethyl ionone", "floral"], ["elder flower wood specialty", "floral"], ["heliotropyl acetone", "floral"], ["hexen-1-yl salicylate", "floral"], ["hibiscus sabdariffa flower extract", "floral"], ["hydroxycitronellal", "floral"], ["ionone", "floral"], ["ionone", "floral"], ["ionone", "floral"], ["ionyl acetate", "floral"], ["ionyl acetate", "floral"], ["irone", "floral"], ["lavandula angustifolia flower oil", "floral"], ["lavender oil france", "floral"], ["lavender oil greece", "floral"], ["linalool", "floral"], ["linalool oxide", "floral"], ["linalyl propionate", "floral"], ["melaleuca ericifolia leaf oil", "floral"], ["methyl ionone", "floral"], ["methyl ionone (50% min.)", "floral"], ["methyl ionone (60% min.)", "floral"], ["methyl ionone (70% min.)", "floral"], ["methyl ionone (80% min.)", "floral"], ["methyl ionyl acetate", "floral"], ["methyl naphthalene", "floral"], ["mimosa absolute", "floral"], ["mimosa absolute france", "floral"], ["mimosa absolute india", "floral"], ["mimosa concrete france", "floral"], ["mimosa tenuiflora leaf extract", "floral"], ["nerolidol", "floral"], ["ocimene", "floral"], ["ocimene", "floral"], ["orangeflower concrete", "floral"], ["orris rhizome absolute (iris pallida)", "floral"], ["orris rhizome absolute replacer", "floral"], ["orris rhizome oil (iris germanica)", "floral"], ["petitgrain bigarade oil", "floral"], ["petitgrain cedrat oil", "floral"], ["petitgrain oil terpenes", "floral"], ["phenethyl anthranilate", "floral"], ["phenethyl hexanoate", "floral"], ["rose carboxylate", "floral"], ["rose concrete (rosa centifolia)", "floral"], ["styralyl formate", "floral"], ["vetiver pentanone", "floral"], ["benzyl-4-heptanone", "fruity"], ["berry pentadienoate", "fruity"], ["blueberry essence", "fruity"], ["boysenberry essence", "fruity"], ["butyl hexanoate", "fruity"], ["currant essence", "fruity"], ["currant essence", "fruity"], ["cyclohexyl isovalerate", "fruity"], ["dihydroactinidolide", "fruity"], ["diisopropyl-6,8-dioxabicyclo(3.2.1)octane", "fruity"], ["etaspirene", "fruity"], ["ethyl (R)-2-hydroxy-4-methyl pentanoate", "fruity"], ["ethyl (S)-2-hydroxy-4-methyl pentanoate", "fruity"], ["ethyl methyl-para-tolyl glycidate", "fruity"], ["filbert hexenone", "fruity"], ["fruit specialty", "fruity"], ["geranyl acetoacetate", "fruity"], ["heliotropyl isobutyrate", "fruity"], ["ionone epoxide", "fruity"], ["linalool oxide acetates", "fruity"], ["maltyl butyrate", "fruity"], ["methyl 2-methyl valerate", "fruity"], ["methyl butyl 2-methyl butyrate", "fruity"], ["nonen-2-one", "fruity"], ["octyl propionate", "fruity"], ["raspberry essence", "fruity"], ["raspberry essence", "fruity"], ["raspberry fruit oil", "fruity"], ["ribes nigrum fruit extract", "fruity"], ["ribes rubrum fruit extract", "fruity"], ["spirene", "fruity"], ["strawberry glycidate 2", "fruity"], ["strawberry infusion", "fruity"], ["styralyl butyrate", "fruity"], ["tropical ionone", "fruity"], ["cyclocitral (IFF)", "green"], ["galbanum oil", "green"], ["green methanoindene", "green"], ["hexen-1-yl salicylate", "green"], ["hexyl 2-methyl butyrate", "green"], ["methyl hydratropaldehyde", "green"], ["neryl butyrate", "green"], ["oakmoss oil", "green"], ["thiogeraniol", "green"], ["barosma betulina leaf oil", "herbal"], ["calendula officinalis flower oil CO2 extract", "herbal"], ["campholene acetate", "herbal"], ["clary sage oil france", "herbal"], ["daucus carota fruit oil", "herbal"], ["freesia heptanol", "herbal"], ["hydroxydihydrotheaspirane (mixture of isomers)", "herbal"], ["immortelle flower oil", "herbal"], ["marigold pot flower oil", "herbal"], ["rosemary oil spain", "herbal"], ["watermelon ketone", "melon"], ["menthyl acetate racemic", "mentholic"], ["moss specialty", "mossy"], ["oakmoss absolute", "mossy"], ["amyris specialty", "musk"], ["ethylene brassylate", "musk"], ["methyl ionone (44-50%)", "powdery"], ["methyl ionone (50-60%)", "powdery"], ["methyl ionone (74-80%)", "powdery"], ["rum extract", "rummy"], ["ambrettolide", "soapy"], ["allspice berry oil", "spicy"], ["currant bud absolute", "spicy"], ["elettaria cardamomum seed oil", "spicy"], ["eugenol", "spicy"], ["eugenyl acetate", "spicy"], ["safrole", "spicy"], ["sassafras oil", "spicy"], ["spicy carbonate", "spicy"], ["blackberry thiophenone", "sulfurous"], ["mango thiol", "sulfurous"], ["cypress leaf oil", "terpenic"], ["juniperus communis fruit oil", "terpenic"], ["terpineol", "terpenic"], ["hotrienol", "tropical"], ["myristyl alcohol", "waxy"], ["octen-1-yl butyrate", "waxy"], ["orris rhizome oil CO2 extract", "waxy"], ["anthocephalus cadamba oil", "woody"], ["bois de rose leaf oil brazil", "woody"], ["cabreuva wood oil", "woody"], ["cedrela wood oil", "woody"], ["chloranthus spicatus absolute", "woody"], ["convolvulus scoparius wood oil", "woody"], ["cyperus root oil (cyperus scariosus)", "woody"], ["decalinyl acetate", "woody"], ["diethyl dimethyl-2-cyclohexenone", "woody"], ["dihydro-beta-ionol", "woody"], ["dihydro-beta-ionone", "woody"], ["herbal norbornane", "woody"], ["homalomena rubescens root oil", "woody"], ["juniper berry oleoresin", "woody"], ["methyl cedryl ketone", "woody"], ["methyl pentyl angelate", "woody"], ["orris hexanone", "woody"], ["patchouli oil", "woody"], ["pinacol", "woody"], ["sandal octanol", "woody"], ["sandalwood oil", "woody"], ["santall", "woody"], ["santalyl acetate", "woody"], ["terpineol", "woody"], ["vetiver oil haiti", "woody"], ["zdravetz absolute", "woody"], ["zdravetz oil", "woody"], ["allyl tiglate", "No flavor group found for these"], ["benzylidene-2-butanone", "No flavor group found for these"], ["blackberry thiophenone", "No flavor group found for these"], ["butyl ethyl ether", "No flavor group found for these"], ["butyl-5-ethyl thiophene", "No flavor group found for these"], ["campholene acetate", "No flavor group found for these"], ["cistus ladaniferus resinoid", "No flavor group found for these"], ["dihydro-beta-ionol", "No flavor group found for these"], ["dimethyl acetophenone", "No flavor group found for these"], ["dimethyl-3,7-nonadien-2-yl acetate", "No flavor group found for these"], ["ionone epoxide", "No flavor group found for these"], ["linalool oxide (furanoid)", "No flavor group found for these"], ["linalool oxide acetates", "No flavor group found for these"], ["marigold pot flower oil", "No flavor group found for these"], ["menthyl acetate racemic", "No flavor group found for these"], ["methyl ionone", "No flavor group found for these"], ["methyl ionone (44-50%)", "No flavor group found for these"], ["methyl ionone (50-60%)", "No flavor group found for these"], ["methyl ionone (60% min.)", "No flavor group found for these"], ["myristyl alcohol", "No flavor group found for these"], ["octen-1-yl butyrate", "No flavor group found for these"], ["pine needle absolute", "No flavor group found for these"], ["sassafras oil", "No flavor group found for these"], ["styralyl formate", "No flavor group found for these"], ["terpineol", "No flavor group found for these"], ["zdravetz oil", "No flavor group found for these"], ["copaiba balsam oil", "balsamic"], ["fir needle oil siberia", "balsamic"], ["opoponax oil (balsamodendron kafal)", "balsamic"], ["blackberry infusions", "berry"], ["blueberry essence", "berry"], ["blueberry infusions", "berry"], ["currant infusions", "berry"], ["heliotropyl acetone", "berry"], ["hibiscus sabdariffa flower extract", "berry"], ["maltyl butyrate", "berry"], ["raspberry essence", "berry"], ["raspberry infusions", "berry"], ["rubus fruticosus fruit extract", "berry"], ["rubus idaeus fruit extract", "berry"], ["fenchol", "camphoreous"], ["hydroxydihydrotheaspirane (mixture of isomers)", "camphoreous"], ["bergamot oil", "citrus"], ["freesia heptanol", "citrus"], ["linalool", "citrus"], ["myrcenyl acetate", "citrus"], ["petitgrain bigarade oil", "citrus"], ["petitgrain cedrat oil", "citrus"], ["terpineol", "citrus"], ["cyclocitral", "cooling"], ["fenchone", "cooling"], ["octyl propionate", "estery"], ["bois de rose leaf oil brazil", "floral"], ["bois de rose oil peru", "floral"], ["dihydrojasmone", "floral"], ["hotrienol", "floral"], ["ionone", "floral"], ["irone", "floral"], ["methyl ionone (50% min.)", "floral"], ["methyl ionone (70% min.)", "floral"], ["methyl ionone (74-80%)", "floral"], ["methyl ionone (80% min.)", "floral"], ["mimosa concrete france", "floral"], ["mimosa tenuiflora leaf extract", "floral"], ["orris rhizome oil (iris germanica)", "floral"], ["phenethyl anthranilate", "floral"], ["tropical ionone", "floral"], ["benzyl-4-heptanone", "fruity"], ["berry pentadienoate", "fruity"], ["boysenberry essence", "fruity"], ["butyl hexanoate", "fruity"], ["currant essence", "fruity"], ["currant essence", "fruity"], ["cyclohexyl isovalerate", "fruity"], ["dihydroactinidolide", "fruity"], ["dimethyl anthranilate", "fruity"], ["ethyl (E)-2-methyl-2-pentenoate", "fruity"], ["ethyl 3-oxohexanoate", "fruity"], ["ethyl methyl-para-tolyl glycidate", "fruity"], ["filbert hexenone", "fruity"], ["furfuryl isovalerate", "fruity"], ["heliotropyl isobutyrate", "fruity"], ["methyl 2-methyl valerate", "fruity"], ["methyl butyl 2-methyl butyrate", "fruity"], ["propyl formate", "fruity"], ["raspberry essence", "fruity"], ["raspberry essence", "fruity"], ["ribes nigrum fruit extract", "fruity"], ["ribes rubrum fruit extract", "fruity"], ["strawberry glycidate 2", "fruity"], ["strawberry infusion", "fruity"], ["styralyl butyrate", "fruity"], ["cyclocitral (IFF)", "green"], ["galbanum oil", "green"], ["hexen-1-yl salicylate", "green"], ["hexyl 2-methyl butyrate", "green"], ["linalool oxide", "green"], ["methyl hydratropaldehyde", "green"], ["nerolidol", "green"], ["neryl butyrate", "green"], ["oakmoss absolute", "green"], ["ocimene", "green"], ["ocimene", "green"], ["thiogeraniol", "green"], ["barosma betulina leaf oil", "herbal"], ["clary sage oil france", "herbal"], ["daucus carota fruit oil", "herbal"], ["immortelle flower oil", "herbal"], ["lavandula angustifolia flower oil", "herbal"], ["lavender oil france", "herbal"], ["lavender oil greece", "herbal"], ["linalyl propionate", "herbal"], ["rosemary oil spain", "herbal"], ["campholene acetate", "jammy"], ["ethylene brassylate", "musk"], ["geranyl acetoacetate", "musty"], ["methyl naphthalene", "oily"], ["nonen-2-one", "oily"], ["costus root oil", "orris"], ["guaiacyl phenyl acetate", "phenolic"], ["rum extract", "rummy"], ["ambrettolide", "soapy"], ["methyl-2-pentenoic acid", "sour"], ["allspice berry oil", "spicy"], ["cassie absolute", "spicy"], ["currant bud absolute", "spicy"], ["elettaria cardamomum seed oil", "spicy"], ["eugenol", "spicy"], ["eugenyl acetate", "spicy"], ["turmeric oleoresin", "spicy"], ["mango thiol", "sulfurous"], ["orris rhizome absolute (iris pallida)", "sweet"], ["juniperus communis fruit oil", "terpenic"], ["hydroxycitronellal", "waxy"], ["mimosa absolute", "waxy"], ["mimosa absolute france", "waxy"], ["mimosa absolute india", "waxy"], ["phenethyl hexanoate", "waxy"], ["valeraldehyde", "winey"], ["bornyl formate", "woody"], ["damascenone", "woody"], ["damascone", "woody"], ["dihydro-beta-ionone", "woody"], ["ionone", "woody"], ["ionone", "woody"], ["ionyl acetate", "woody"], ["juniper berry oleoresin", "woody"], ["methyl cedryl ketone", "woody"], ["methyl ionyl acetate", "woody"], ["orris rhizome oil CO2 extract", "woody"], ["patchouli oil", "woody"], ["sandalwood oil", "woody"], ["santalyl acetate", "woody"], ["vetiver oil haiti", "woody"]]}