{"name": "2-tert-butyl pyrazine", "cas": "32741-11-0", "smiles": "CC(C)(C)C1=NC=CN=C1", "notes": ["minty", "green", "pepper bell pepper", "nutty", "roasted"], "blenders": [["propenyl pyrazine", "caramellic"], ["rosefuran", "caramellic"], ["dimethyl pyrazine", "chocolate"], ["ethyl-3-methoxypyrazine", "earthy"], ["cyclohexyl propanol", "floral"], ["cyclopentyl cyclopentanone", "fruity"], ["butyl-3-methoxypyrazine", "green"], ["butyl-3-methoxypyrazine", "green"], ["cortex pyridine", "green"], ["heptyl furan", "green"], ["barosma betulina leaf oil", "herbal"], ["cajuput oil replacer", "herbal"], ["dehydroxylinalool oxide", "herbal"], ["melaleuca leucadendron cajaputi oil", "herbal"], ["marine hexane", "marine"], ["agathosma crenulata leaf oil", "minty"], ["peppermint absolute", "minty"], ["pulegyl formate", "minty"], ["spearmint absolute", "minty"], ["spearmint oil america", "minty"], ["acetyl-3,5-dimethyl pyrazine", "nutty"], ["chestnut fragrance", "nutty"], ["cocoa pyrazine", "nutty"], ["filbert heptenone B", "nutty"], ["hazelnut fragrance", "nutty"], ["methoxymethyl pyrazine", "nutty"], ["nutty quinoxaline", "nutty"], ["sesame absolute", "nutty"], ["shoyu pyrazine", "nutty"], ["marjoram oil replacer", "spicy"], ["origanum majorana oil", "spicy"], ["cyclopentyl cyclopentanone", "No flavor group found for these"], ["dimethyl dihydrocyclopentapyrazine", "No flavor group found for these"], ["dimethyl pyrazine and 2,6-dimethyl pyrazine mixture", "No flavor group found for these"], ["ethyl 2-methyl-2-(methyl thio) propionate", "No flavor group found for these"], ["ethyl-3-methoxypyrazine", "No flavor group found for these"], ["methyl 2-(methyl thio) acetate", "No flavor group found for these"], ["pentyl pyridine", "No flavor group found for these"], ["pulegyl formate", "No flavor group found for these"], ["pyrazines mixture", "No flavor group found for these"], ["rosefuran", "No flavor group found for these"], ["acetyl-2,3-dihydro-1,4-thiazine", ""], ["propenyl pyrazine", "burnt"], ["propyl pyrazine", "coffee"], ["heptyl furan", "fatty"], ["dimethyl thiazole", "fishy"], ["ethyl-2,5-dihydro-4-methyl thiazole", "fruity"], ["butyl-3-methoxypyrazine", "green"], ["cortex pyridine", "green"], ["barosma betulina leaf oil", "herbal"], ["melaleuca leucadendron cajaputi oil", "herbal"], ["origanum majorana oil", "herbal"], ["agathosma crenulata leaf oil", "minty"], ["peppermint absolute", "minty"], ["spearmint absolute", "minty"], ["spearmint oil america", "minty"], ["dimethyl pyrazine", "musty"], ["ethoxythiazole", "musty"], ["shoyu pyrazine", "musty"], ["acetyl-2,5-dimethyl thiophene", "nutty"], ["acetyl-3,5-dimethyl pyrazine", "nutty"], ["arachis hypogaea fruit extract", "nutty"], ["cocoa pyrazine", "nutty"], ["ethyl-2-acetyl pyrrole", "nutty"], ["filbert heptenone B", "nutty"], ["methoxymethyl pyrazine", "nutty"], ["nutty quinoxaline", "nutty"], ["sesame absolute", "nutty"], ["diisobutyl-1,2,4-trithiolane", "roasted"], ["butyl-3-methoxypyrazine", "vegetable"], ["dehydroxylinalool oxide", "woody"]]}