{"name": "1,9-nonane dithiol", "cas": "3489-28-9", "smiles": "C(CCCCS)CCCCS", "notes": ["sulfurous", "meaty", "savory", "fatty", "lamb"], "blenders": [["dimethyl trisulfide", "alliaceous"], ["ferula assa-foetida gum oil", "alliaceous"], ["rum ether", "burnt"], ["coffee difuran", "coffee"], ["methyl-3-,5 or 6-(furfuryl thio) pyrazine", "coffee"], ["ethyl octanoic acid", "fatty"], ["meaty dithiane", "meaty"], ["methyl nonanoic acid", "meaty"], ["sulfuryl acetate", "meaty"], ["hazelnut pyrazine", "musty"], ["dimethyl-2-ethyl-3-thiazoline", "nutty"], ["methyl pyrazine", "nutty"], ["methyl-3-(methyl thio) pyrazine", "nutty"], ["benzothiazole", "sulfurous"], ["ethyl 2-mercaptopropionate", "sulfurous"], ["ethyl 3-mercaptopropionate", "sulfurous"], ["fish thiol", "sulfurous"], ["mercaptopropionic acid", "sulfurous"], ["methyl 4-mercaptopentan-2-one 1% solution", "sulfurous"], ["phenethyl mercaptan", "sulfurous"], ["thiohexanol", "sulfurous"], ["methyl benzoxole", "tobacco"], ["acetyl-2-methyl pyrimidine", "No flavor group found for these"], ["aminobutyric acid", "No flavor group found for these"], ["amyl mercaptan", "No flavor group found for these"], ["benzyl methyl sulfide", "No flavor group found for these"], ["butane dithiol", "No flavor group found for these"], ["butyl)-4,5-dimethyl-3-thiazoline", "No flavor group found for these"], ["cyclopropyl (E,Z)-2,6-nonadienamide", "No flavor group found for these"], ["diethyl thiazole", "No flavor group found for these"], ["dimethyl tetrasulfide", "No flavor group found for these"], ["dimethyl-3-((2-methyl-3-furyl)thio)-4-heptanone", "No flavor group found for these"], ["dimethyl-3-furyl) disulfide", "No flavor group found for these"], ["dimethyl-3-tetrahydrofuran thiol", "No flavor group found for these"], ["dimethyl-3-thioacetoxytetrahydrofuran", "No flavor group found for these"], ["dimethyl-3-thiofuroyl furan", "No flavor group found for these"], ["ethyl (E,Z)-2,6-nonadienamide", "No flavor group found for these"], ["ethyl 2-acetyl aminoethane thioate", "No flavor group found for these"], ["ethyl 3-mercaptopropionate", "No flavor group found for these"], ["ethyl 4-(acetyl thio) butyrate", "No flavor group found for these"], ["ethyl-4-methyl-2-(2-butyl) thiazoline", "No flavor group found for these"], ["ethyl-4-methyl-2-(2-methyl propyl) thiazoline", "No flavor group found for these"], ["mercapto-3-methyl-2-butanol", "No flavor group found for these"], ["methyl 4-mercaptopentan-2-one 1% solution", "No flavor group found for these"], ["methyl dihydrofuran thiol", "No flavor group found for these"], ["methyl thiazolidine", "No flavor group found for these"], ["methyl thio) ethanol", "No flavor group found for these"], ["methyl-1-butane thiol", "No flavor group found for these"], ["methyl-3-,5 or 6-(furfuryl thio) pyrazine", "No flavor group found for these"], ["methyl-3-(methyl thio) pyrazine", "No flavor group found for these"], ["methyl-3-furyl tetrasulfide", "No flavor group found for these"], ["methyl-3-furyl)thio)-4-heptanone", "No flavor group found for these"], ["methyl-3-furyl)thio)-5-nonanone", "No flavor group found for these"], ["peanut dithiazine", "No flavor group found for these"], ["phenethyl mercaptan", "No flavor group found for these"], ["propane dithiol", "No flavor group found for these"], ["propenyl pentane dioic acid", "No flavor group found for these"], ["propyl disulfide", "No flavor group found for these"], ["thiazole", "No flavor group found for these"], ["thienyl mercaptan", "No flavor group found for these"], ["dimethoxyphenyl)ethyl)-3,4-dimethoxycinnamic acid amide", ""], ["dimethyl-2,6-octadien-1-yl cyclopropyl carboxamide", ""], ["mercapto-2-pentanone 1% in acetoin", ""], ["methyl-1-methyl thio-2-butene", ""], ["pyrrolidino-(1,2E)-4H-2,4-dimethyl-1,3,5-dithiazine", ""], ["thienyl) butanone", ""], ["butane dithiol", "alliaceous"], ["dimethyl trisulfide", "alliaceous"], ["ferula assa-foetida gum oil", "alliaceous"], ["tetrahydrothiophenone", "alliaceous"], ["bacon dithiazine", "burnt"], ["hexane dithiol", "burnt"], ["rum ether", "burnt"], ["dimethyl furan", "chemical"], ["butyraldehyde", "cocoa"], ["coffee difuran", "coffee"], ["difurfuryl sulfide", "earthy"], ["octane dithiol", "earthy"], ["propyl mercaptan", "eggy"], ["decadienal", "fatty"], ["ethyl octanoic acid", "fatty"], ["methyl nonanoic acid", "fatty"], ["penten-1-yl acetate", "green"], ["massoia bark oil", "herbal"], ["allyl-2,6-dimethoxyphenol", "meaty"], ["benzothiazole", "meaty"], ["dimethyl thiophenol", "meaty"], ["dimethyl-3-furan thiol", "meaty"], ["ethane dithiol 1% in ethanol 94.5% / ethyl acetate 4%", "meaty"], ["furfuryl 2-methyl-3-furyl disulfide", "meaty"], ["furfuryl thio-2-pentanone", "meaty"], ["meaty dithiane", "meaty"], ["mercapto-3-butanol", "meaty"], ["mercaptomethyl pyrazine", "meaty"], ["mercaptopropionic acid", "meaty"], ["methyl 3-(methyl thio) furan", "meaty"], ["methyl tridecanal", "meaty"], ["methyl-3-furyl) disulfide", "meaty"], ["methyl-3-furyl) ethane thioate", "meaty"], ["methyl-3-tetrahydrofuran thiol", "meaty"], ["propyl 2-mercaptopropionate", "meaty"], ["propyl 2-methyl-3-furyl disulfide", "meaty"], ["pyrazinyl ethane thiol", "meaty"], ["pyridinyl methane thiol", "meaty"], ["sulfuryl acetate", "meaty"], ["thialdine", "meaty"], ["thiocresol", "meaty"], ["thioguaiacol", "meaty"], ["dihydroxy-1,4-dithiane", "metallic"], ["ethoxythiazole", "musty"], ["hazelnut pyrazine", "musty"], ["diethyl-2-methyl pyrazine", "nutty"], ["diethyl-3-methyl pyrazine", "nutty"], ["dimethyl-2-ethyl-3-thiazoline", "nutty"], ["methyl benzoxole", "nutty"], ["methyl pyrazine", "nutty"], ["nutty thiazole", "nutty"], ["ethyl 2-mercaptopropionate", "onion"], ["furfuryl isopropyl sulfide", "onion"], ["methionol", "onion"], ["methyl-1,3-dithiolane", "onion"], ["propionyl-2-thiazoline", "popcorn"], ["hexyl mercaptan", "roasted"], ["dimethoxybenzyl)-N2-(2-(pyridin-2-yl)ethyl) oxalamide", "savory"], ["heptan-4-yl)benzo(D)(1,3)dioxole-5-carboxamide", "savory"], ["methoxy-4-methyl benzyl)-N2-(2-(pyridin-2-yl)ethyl) oxalamide", "savory"], ["methoxy-4-methyl benzyl)-N2-2(2-(5-methyl pyridin-2-yl)ethyl) oxalamide", "savory"], ["butane dithiol", "sulfurous"], ["ethyl thioacetate", "sulfurous"], ["fish thiol", "sulfurous"], ["furfuryl thiopropionate", "sulfurous"], ["methyl 2-methyl-3-furyl disulfide", "sulfurous"], ["methyl-2-butane thiol", "sulfurous"], ["naphthyl mercaptan", "sulfurous"], ["roasted butanol", "sulfurous"], ["thiohexanol", "sulfurous"], ["trithiaheptane 10% in triacetin", "sulfurous"], ["tyramine", "vegetable"]]}