{"name": "apple crotonate", "cas": "35206-51-0", "smiles": "C\\C=C\\C(=O)OC(C)CC(C)C", "notes": ["fruity", "juicy", "apple", "pear", "plum", "grape"], "blenders": [["methyl (E)-2-octenoate", "animal"], ["ethyl cinnamate", "balsamic"], ["guaiyl butyrate", "balsamic"], ["maltyl isobutyrate", "caramellic"], ["orange fragrance", "citrus"], ["orange oil replacer", "citrus"], ["orange peel oil c.p. brazil", "citrus"], ["orange specialty", "citrus"], ["decen-2-one", "fatty"], ["hexanal diethyl acetal", "fermented"], ["anisyl butyrate", "floral"], ["citronellyl formate", "floral"], ["damascenone", "floral"], ["damascone", "floral"], ["damascone", "floral"], ["decen-1-yl acetate", "floral"], ["dimethyl benzyl carbinyl butyrate", "floral"], ["hexyl 2-furoate", "floral"], ["methyl citronellate", "floral"], ["petitgrain mandarin oil", "floral"], ["phenethyl acetate", "floral"], ["phenyl propyl butyrate", "floral"], ["propyl salicylate", "floral"], ["amyl 2-methyl butyrate", "fruity"], ["amyl acetate", "fruity"], ["amyl butyrate", "fruity"], ["amyl hexanoate", "fruity"], ["amyl isobutyrate", "fruity"], ["amyl isovalerate", "fruity"], ["amyl valerate", "fruity"], ["apple fragrance", "fruity"], ["apple ketal", "fruity"], ["apple pear fragrance", "fruity"], ["apricot isobutyrate", "fruity"], ["benzyl isovalerate", "fruity"], ["benzyl propionate", "fruity"], ["benzyl-4-heptanone", "fruity"], ["butyl anthranilate", "fruity"], ["butyl formate", "fruity"], ["butyl isovalerate", "fruity"], ["butyl isovalerate", "fruity"], ["cyclohexyl butyrate", "fruity"], ["cyclohexyl isovalerate", "fruity"], ["damascone", "fruity"], ["damascone", "fruity"], ["damascone", "fruity"], ["dimethyl benzyl isobutyrate", "fruity"], ["ethyl (E)-4-octenoate", "fruity"], ["ethyl (Z)-4-octenoate", "fruity"], ["ethyl 2-cyclohexyl propionate", "fruity"], ["ethyl 4-phenyl butyrate", "fruity"], ["ethyl butyrate", "fruity"], ["ethyl cyclohexane propionate", "fruity"], ["ethyl isovalerate", "fruity"], ["ethyl propionate", "fruity"], ["ethyl valerate", "fruity"], ["ethyl-2-cyclopentenyl acetate", "fruity"], ["fruity ketal", "fruity"], ["geranyl 2-methyl butyrate", "fruity"], ["geranyl isovalerate", "fruity"], ["hexen-1-yl acetate", "fruity"], ["hexen-1-yl isobutyrate", "fruity"], ["hexenyl cyclopentanyl acetate", "fruity"], ["hexyl (E)-tiglate", "fruity"], ["hexyl formate", "fruity"], ["hexyl isovalerate", "fruity"], ["hexyl propionate", "fruity"], ["juicy fruit fragrance", "fruity"], ["kiwi fragrance", "fruity"], ["kiwi specialty", "fruity"], ["kumquat fragrance", "fruity"], ["linalyl hexanoate", "fruity"], ["mercaptohexyl acetate", "fruity"], ["methyl (E,Z)-2,4-decadienoate", "fruity"], ["methyl 2-octenoate", "fruity"], ["methyl 3-nonenoate", "fruity"], ["methyl butyl acetate", "fruity"], ["methyl butyl butyrate", "fruity"], ["methyl butyrate", "fruity"], ["methyl isovalerate", "fruity"], ["methyl nonanoate", "fruity"], ["methyl valerate", "fruity"], ["methyl-2-pentenal", "fruity"], ["nerolidyl isobutyrate", "fruity"], ["nonyl isovalerate", "fruity"], ["octen-1-yl propionate", "fruity"], ["peach fragrance", "fruity"], ["peach specialty", "fruity"], ["pear valerate", "fruity"], ["phenyl propyl isovalerate", "fruity"], ["plum crotonate", "fruity"], ["propyl 2,4-decadienoate", "fruity"], ["propyl acetate", "fruity"], ["propyl heptanoate", "fruity"], ["propyl hexanoate", "fruity"], ["propyl isobutyrate", "fruity"], ["propyl isobutyrate", "fruity"], ["propyl isovalerate", "fruity"], ["propyl isovalerate", "fruity"], ["tolyl)-2-butanone", "fruity"], ["acetaldehyde methyl hexyl acetal", "green"], ["amyl formate", "green"], ["butyl heptanoate", "green"], ["ethyl (E,Z)-2,4-decadienoate", "green"], ["ethyl (E)-2-decenoate", "green"], ["green note propionate", "green"], ["heptanal dimethyl acetal", "green"], ["heptyl acetate", "green"], ["heptyl formate", "green"], ["hexen-1-yl (Z)-3-hexenoate", "green"], ["hexen-1-yl acetate", "green"], ["hexen-1-yl angelate", "green"], ["hexen-1-yl butyrate", "green"], ["hexen-1-yl hexanoate", "green"], ["hexen-1-yl isovalerate", "green"], ["hexen-1-yl propionate", "green"], ["hexen-1-yl propionate", "green"], ["hexen-1-yl valerate", "green"], ["hexen-1-yl valerate", "green"], ["hexenal diethyl acetal", "green"], ["hexyl 2-methyl butyrate", "green"], ["hexyl butyrate", "green"], ["hexyl isobutyrate", "green"], ["melon nonenoate", "green"], ["methyl (E)-3-hexenoate", "green"], ["nonadien-1-yl acetate", "green"], ["nonadien-1-yl acetate", "green"], ["octyl formate", "green"], ["pentenal", "green"], ["sorbyl isobutyrate", "green"], ["sorbyl isobutyrate", "green"], ["viridiflorol", "herbal"], ["nonen-1-yl acetate", "melon"], ["musk propanoate", "musk"], ["anisyl acetate", "powdery"], ["buchu mercaptan", "sulfurous"], ["cassis pentanone", "sulfurous"], ["passiflora acetate", "sulfurous"], ["ethyl (Z)-3-hexenoate", "tropical"], ["ethyl decanoate", "waxy"], ["ethyl octanoate", "waxy"], ["tridecen-1-yl acetate", "waxy"], ["marine formate", "woody"], ["amyl 2-methyl butyrate", "No flavor group found for these"], ["amyl isobutyrate", "No flavor group found for these"], ["amyl isovalerate", "No flavor group found for these"], ["butyl formate", "No flavor group found for these"], ["cyclohexyl butyrate", "No flavor group found for these"], ["decen-1-yl acetate", "No flavor group found for these"], ["ethyl (Z)-3-hexenoate", "No flavor group found for these"], ["ethyl 4-phenyl butyrate", "No flavor group found for these"], ["ethyl cyclohexane propionate", "No flavor group found for these"], ["geranyl 2-methyl butyrate", "No flavor group found for these"], ["hexanal diethyl acetal", "No flavor group found for these"], ["hexenal diethyl acetal", "No flavor group found for these"], ["hexyl propionate", "No flavor group found for these"], ["linalyl hexanoate", "No flavor group found for these"], ["methyl (E,Z)-2,4-decadienoate", "No flavor group found for these"], ["methyl 2-octenoate", "No flavor group found for these"], ["nonyl isovalerate", "No flavor group found for these"], ["phenyl propyl butyrate", "No flavor group found for these"], ["phenyl propyl isovalerate", "No flavor group found for these"], ["propyl isobutyrate", "No flavor group found for these"], ["propyl isovalerate", "No flavor group found for these"], ["propyl isovalerate", "No flavor group found for these"], ["sorbyl isobutyrate", "No flavor group found for these"], ["tridecen-1-yl acetate", "No flavor group found for these"], ["viridiflorol", "No flavor group found for these"], ["damascone", ""], ["sorbyl isobutyrate", ""], ["anisyl butyrate", "anisic"], ["ethyl cinnamate", "balsamic"], ["orange peel oil c.p. brazil", "citrus"], ["petitgrain mandarin oil", "citrus"], ["propyl acetate", "estery"], ["heptyl formate", "fatty"], ["dimethyl benzyl carbinyl butyrate", "floral"], ["methyl citronellate", "floral"], ["amyl acetate", "fruity"], ["amyl hexanoate", "fruity"], ["amyl valerate", "fruity"], ["anisyl acetate", "fruity"], ["apple ketal", "fruity"], ["benzyl isovalerate", "fruity"], ["benzyl propionate", "fruity"], ["benzyl-4-heptanone", "fruity"], ["butyl anthranilate", "fruity"], ["butyl heptanoate", "fruity"], ["butyl isovalerate", "fruity"], ["citronellyl formate", "fruity"], ["cyclohexyl isovalerate", "fruity"], ["damascone", "fruity"], ["damascone", "fruity"], ["damascone", "fruity"], ["dimethyl benzyl isobutyrate", "fruity"], ["ethyl (E)-2-decenoate", "fruity"], ["ethyl (Z)-4-octenoate", "fruity"], ["ethyl butyrate", "fruity"], ["ethyl isovalerate", "fruity"], ["ethyl propionate", "fruity"], ["ethyl valerate", "fruity"], ["fruity ketal", "fruity"], ["hexen-1-yl acetate", "fruity"], ["hexen-1-yl isobutyrate", "fruity"], ["methyl (E)-2-octenoate", "fruity"], ["methyl 3-nonenoate", "fruity"], ["methyl butyl acetate", "fruity"], ["methyl butyl butyrate", "fruity"], ["methyl isovalerate", "fruity"], ["methyl valerate", "fruity"], ["methyl-2-pentenal", "fruity"], ["octen-1-yl propionate", "fruity"], ["propyl hexanoate", "fruity"], ["propyl isobutyrate", "fruity"], ["tolyl)-2-butanone", "fruity"], ["methyl butyrate", "fusel"], ["amyl formate", "green"], ["butyl isovalerate", "green"], ["cassis pentanone", "green"], ["decen-2-one", "green"], ["ethyl (E,Z)-2,4-decadienoate", "green"], ["geranyl isovalerate", "green"], ["green note propionate", "green"], ["heptanal dimethyl acetal", "green"], ["heptyl acetate", "green"], ["hexen-1-yl (Z)-3-hexenoate", "green"], ["hexen-1-yl acetate", "green"], ["hexen-1-yl butyrate", "green"], ["hexen-1-yl hexanoate", "green"], ["hexen-1-yl isovalerate", "green"], ["hexen-1-yl propionate", "green"], ["hexen-1-yl propionate", "green"], ["hexen-1-yl valerate", "green"], ["hexen-1-yl valerate", "green"], ["hexyl (E)-tiglate", "green"], ["hexyl 2-furoate", "green"], ["hexyl 2-methyl butyrate", "green"], ["hexyl butyrate", "green"], ["hexyl formate", "green"], ["hexyl isobutyrate", "green"], ["hexyl isovalerate", "green"], ["melon nonenoate", "green"], ["methyl (E)-3-hexenoate", "green"], ["nonadien-1-yl acetate", "green"], ["nonadien-1-yl acetate", "green"], ["nonen-1-yl acetate", "green"], ["pentenal", "green"], ["phenethyl acetate", "honey"], ["maltyl isobutyrate", "jammy"], ["propyl 2,4-decadienoate", "melon"], ["buchu mercaptan", "sulfurous"], ["mercaptohexyl acetate", "tropical"], ["passiflora acetate", "tropical"], ["amyl butyrate", "waxy"], ["ethyl decanoate", "waxy"], ["ethyl octanoate", "waxy"], ["octyl formate", "waxy"], ["propyl heptanoate", "waxy"], ["methyl nonanoate", "winey"], ["damascenone", "woody"]]}