{"name": "10-undecen-2-one", "cas": "36219-73-5", "smiles": "CC(=O)CCCCCCCC=C", "notes": ["citrus", "fatty"], "blenders": [["green hexanal", "aldehydic"], ["decenal", "citrus"], ["decanoic acid", "fatty"], ["myristic acid", "waxy"], ["decenal", "No flavor group found for these"], ["dodecenoic acid", "No flavor group found for these"], ["epoxydecanal", "No flavor group found for these"], ["epoxyheptanal", "No flavor group found for these"], ["decadienal", "fatty"], ["dodecadienal", "fatty"], ["green hexanal", "herbal"], ["decanoic acid", "soapy"], ["myristic acid", "waxy"]]}