{"name": "woody cyclohexanone", "cas": "36306-87-3", "smiles": "CCOC(=C)C1C(CC(=O)CC1(C)C)(C)C", "notes": ["woody", "woody old wood", "amber", "tobacco", "herbal"], "blenders": [["dodecanal (aldehyde C-12 lauric)", "aldehydic"], ["methyl undecanal (aldehyde C-12 mna)", "aldehydic"], ["abienol", "amber"], ["acetoxymethyl isolongifolene", "amber"], ["amber acetate", "amber"], ["amber butanol", "amber"], ["amber carane", "amber"], ["amber cyclohexanol", "amber"], ["amber oxepin", "amber"], ["amber specialty", "amber"], ["ambermax 50 (Givaudan)", "amber"], ["ambrette seed oil", "amber"], ["ambroxan", "amber"], ["angelica root oil", "amber"], ["cistus ladaniferus resin", "amber"], ["cistus ladaniferus resinoid", "amber"], ["formoxymethyl isolongifolene", "amber"], ["hydroxymethyl isolongifolene 50% in dpg", "amber"], ["labdanum absolute", "amber"], ["labdanum oil", "amber"], ["ambergris tincture replacer", "animal"], ["butyl quinoline", "animal"], ["costus valerolactone", "animal"], ["anisaldehyde", "anisic"], ["amyris wood oil", "balsamic"], ["benzoin resinoid", "balsamic"], ["benzophenone", "balsamic"], ["benzyl benzoate", "balsamic"], ["benzyl salicylate", "balsamic"], ["bornyl acetate", "balsamic"], ["bornyl acetate", "balsamic"], ["butyl benzoate", "balsamic"], ["butyl cinnamate", "balsamic"], ["cinnamyl alcohol", "balsamic"], ["ethyl cinnamate", "balsamic"], ["fir balsam absolute", "balsamic"], ["fir carboxylate", "balsamic"], ["mastic gum resin", "balsamic"], ["methyl (E)-cinnamate", "balsamic"], ["methyl hydrogenated rosinate", "balsamic"], ["myrrh oil", "balsamic"], ["opoponax absolute (commiphora erythraea var. glabrescens engle)", "balsamic"], ["opoponax resin (commiphora erythraea var. glabrescens engler)", "balsamic"], ["opoponax resinoid (commiphora erythraea var. glabrescens engle)", "balsamic"], ["opoponax resinoid replacer", "balsamic"], ["oriental specialty", "balsamic"], ["phenyl propyl alcohol", "balsamic"], ["sclareol", "balsamic"], ["styrax resin (liquidambar styraciflua)", "balsamic"], ["styrax resinoid (liquidambar styraciflua)", "balsamic"], ["raspberry ketone", "berry"], ["butyl phenyl acetate", "chocolate"], ["bergamot oil bergaptene reduced italy", "citrus"], ["heptalactone", "coconut"], ["nonalactone (aldehyde C-18 (so-called))", "coconut"], ["woody furan", "dusty"], ["methyl undecylenate", "earthy"], ["coconut absolute", "fatty"], ["decanol", "fatty"], ["acetophenone", "floral"], ["amyl cinnamaldehyde", "floral"], ["amyl salicylate", "floral"], ["bois de rose oil brazil", "floral"], ["butyl salicylate", "floral"], ["citronellol", "floral"], ["coriander seed oil", "floral"], ["cyclamen aldehyde", "floral"], ["dimethyl benzyl carbinol", "floral"], ["dimethyl benzyl carbinyl acetate", "floral"], ["dimethyl benzyl carbinyl butyrate", "floral"], ["ethyl phenyl acetate", "floral"], ["floral pyranol", "floral"], ["gardenia decalone", "floral"], ["heliotropin", "floral"], ["heliotropyl acetone", "floral"], ["heliotropyl diethyl acetal", "floral"], ["hexen-1-yl salicylate", "floral"], ["hexyl cinnamaldehyde", "floral"], ["ho leaf oil", "floral"], ["hyacinth ether", "floral"], ["hydroxycitronellal", "floral"], ["ilex paraguariensis oleoresin", "floral"], ["leerall", "floral"], ["linalool", "floral"], ["linalool", "floral"], ["linalool oxide", "floral"], ["methyl acetophenone", "floral"], ["methyl dihydrojasmonate", "floral"], ["muguet carboxaldehyde", "floral"], ["nerolidol", "floral"], ["ocean propanal", "floral"], ["orris pyridine 25% IPM", "floral"], ["phenethyl alcohol", "floral"], ["phenethyl phenyl acetate", "floral"], ["phenethyl salicylate", "floral"], ["rhodinol", "floral"], ["rose butanoate", "floral"], ["tetrahydrolinalool", "floral"], ["balsam specialty", "fruity"], ["fruity cyclopentanone", "fruity"], ["tropical ionone", "fruity"], ["diphenyl oxide", "green"], ["hexen-1-yl benzoate", "green"], ["phenyl acetaldehyde dimethyl acetal", "green"], ["phenyl propionaldehyde", "green"], ["hay absolute", "hay"], ["woodruff absolute", "hay"], ["campholenic aldehyde", "herbal"], ["carum carvi fruit oil", "herbal"], ["clary sage oil france", "herbal"], ["daucus carota fruit oil", "herbal"], ["linalyl acetate", "herbal"], ["nopyl acetate", "herbal"], ["romanal", "herbal"], ["valerolactone", "herbal"], ["moss specialty", "mossy"], ["veramoss (IFF)", "mossy"], ["naphthyl ethyl ether", "naphthyl"], ["mcp acetate", "oily"], ["anisyl alcohol", "powdery"], ["midnight passion fragrance", "powdery"], ["angelica seed absolute", "spicy"], ["benzyl isoeugenol", "spicy"], ["cassia bark oil china", "spicy"], ["clove bud oil", "spicy"], ["ethyl guaiacol", "spicy"], ["eugenol", "spicy"], ["eugenyl acetate", "spicy"], ["methyl cinnamaldehyde", "spicy"], ["methyl isoeugenol", "spicy"], ["pimenta acris leaf oil", "spicy"], ["angelica seed oil", "terpenic"], ["cypress leaf oil", "terpenic"], ["terpineol", "terpenic"], ["armoise oil", "thujonic"], ["sage oil dalmatian", "thujonic"], ["trimethyl-2-hydroxycyclohexanone", "tobacco"], ["coumarin", "tonka"], ["deertongue absolute", "tonka"], ["hexalactone", "tonka"], ["tonka bean absolute", "tonka"], ["galbanum oxathiane", "tropical"], ["ethyl vanillin", "vanilla"], ["vanilla bean absolute (vanilla planifolia)", "vanilla"], ["vanillyl acetate", "vanilla"], ["dodecanol", "waxy"], ["ethyl laurate", "waxy"], ["acetyl cedrene", "woody"], ["amber carbinol", "woody"], ["amber dioxane", "woody"], ["amber formate", "woody"], ["amber pentadecane", "woody"], ["cedarwood oil", "woody"], ["cedarwood oil texas fractions", "woody"], ["cedrene epoxide", "woody"], ["cedryl formate", "woody"], ["cedryl methyl ether", "woody"], ["cistus ladaniferus gum", "woody"], ["cistus twig/leaf oil", "woody"], ["dragons blood fragrance", "woody"], ["frankincense resinoid", "woody"], ["frankincense resinoid replacer", "woody"], ["georgywood", "woody"], ["guaiacwood oil", "woody"], ["gurjun balsam oil", "woody"], ["hydroxyambran", "woody"], ["incense specialty", "woody"], ["labdanum concrete", "woody"], ["methoxy-4-vinyl phenol", "woody"], ["octahydro-2,2,5,8,8,9a-hexamethyl-4h-4a,9-methanoazuleno(5,6-d)-1,3-dioxole", "woody"], ["patchouli ethanone", "woody"], ["patchouli oil", "woody"], ["patchouli woody amber fragrance", "woody"], ["santall", "woody"], ["spruce needle oil canada", "woody"], ["tetramethyl-4-methylene-2-heptanol", "woody"], ["thuja occidentalis leaf oil", "woody"], ["tobacarol (IFF)", "woody"], ["vetiver oil haiti", "woody"], ["vetiver specialty", "woody"], ["woody acetate", "woody"], ["woody amylene", "woody"], ["woody dioxolane", "woody"], ["woody nonane (ethoxy)", "woody"], ["woody propanol", "woody"], ["cistus ladaniferus resinoid", "No flavor group found for these"], ["ilex paraguariensis oleoresin", "No flavor group found for these"], ["methyl (E)-cinnamate", "No flavor group found for these"], ["trimethyl-2-hydroxycyclohexanone", "No flavor group found for these"], ["ambrette seed oil", "amber"], ["angelica seed oil", "amber"], ["labdanum absolute", "amber"], ["labdanum oil", "amber"], ["benzoin resinoid", "balsamic"], ["benzyl benzoate", "balsamic"], ["benzyl salicylate", "balsamic"], ["bornyl acetate", "balsamic"], ["butyl cinnamate", "balsamic"], ["ethyl cinnamate", "balsamic"], ["myrrh oil", "balsamic"], ["opoponax absolute (commiphora erythraea var. glabrescens engle)", "balsamic"], ["opoponax resin (commiphora erythraea var. glabrescens engler)", "balsamic"], ["styrax resin (liquidambar styraciflua)", "balsamic"], ["styrax resinoid (liquidambar styraciflua)", "balsamic"], ["heliotropyl acetone", "berry"], ["raspberry ketone", "berry"], ["heliotropin", "cherry"], ["bergamot oil bergaptene reduced italy", "citrus"], ["linalool", "citrus"], ["linalool", "citrus"], ["terpineol", "citrus"], ["butyl phenyl acetate", "cocoa"], ["nonalactone (aldehyde C-18 (so-called))", "coconut"], ["butyl salicylate", "cooling"], ["anisaldehyde", "creamy"], ["hexalactone", "creamy"], ["methyl acetophenone", "creamy"], ["coconut absolute", "fatty"], ["hexen-1-yl benzoate", "fatty"], ["bois de rose oil brazil", "floral"], ["citronellol", "floral"], ["dimethyl benzyl carbinyl acetate", "floral"], ["dimethyl benzyl carbinyl butyrate", "floral"], ["linalyl acetate", "floral"], ["methyl dihydrojasmonate", "floral"], ["ocean propanal", "floral"], ["phenethyl alcohol", "floral"], ["rhodinol", "floral"], ["tetrahydrolinalool", "floral"], ["tropical ionone", "floral"], ["anisyl alcohol", "fruity"], ["butyl benzoate", "fruity"], ["rose butanoate", "fruity"], ["amyl salicylate", "green"], ["angelica root oil", "green"], ["campholenic aldehyde", "green"], ["cinnamyl alcohol", "green"], ["cyclamen aldehyde", "green"], ["diphenyl oxide", "green"], ["galbanum oxathiane", "green"], ["hexen-1-yl salicylate", "green"], ["linalool oxide", "green"], ["nerolidol", "green"], ["phenyl acetaldehyde dimethyl acetal", "green"], ["phenyl propionaldehyde", "green"], ["carum carvi fruit oil", "herbal"], ["clary sage oil france", "herbal"], ["coriander seed oil", "herbal"], ["daucus carota fruit oil", "herbal"], ["ethyl phenyl acetate", "honey"], ["phenethyl phenyl acetate", "honey"], ["heptalactone", "lactonic"], ["dimethyl benzyl carbinol", "medicinal"], ["phenethyl salicylate", "medicinal"], ["acetophenone", "powdery"], ["naphthyl ethyl ether", "powdery"], ["methoxy-4-vinyl phenol", "smoky"], ["dodecanal (aldehyde C-12 lauric)", "soapy"], ["dodecanol", "soapy"], ["angelica seed absolute", "spicy"], ["benzyl isoeugenol", "spicy"], ["cassia bark oil china", "spicy"], ["clove bud oil", "spicy"], ["eugenol", "spicy"], ["eugenyl acetate", "spicy"], ["methyl cinnamaldehyde", "spicy"], ["methyl isoeugenol", "spicy"], ["phenyl propyl alcohol", "spicy"], ["pimenta acris leaf oil", "spicy"], ["sage oil dalmatian", "thujonic"], ["valerolactone", "tonka"], ["amyl cinnamaldehyde", "tropical"], ["ethyl vanillin", "vanilla"], ["vanilla bean absolute (vanilla planifolia)", "vanilla"], ["vanillyl acetate", "vanilla"], ["decanol", "waxy"], ["ethyl laurate", "waxy"], ["hexyl cinnamaldehyde", "waxy"], ["hydroxycitronellal", "waxy"], ["methyl undecanal (aldehyde C-12 mna)", "waxy"], ["methyl undecylenate", "waxy"], ["abienol", "woody"], ["ambroxan", "woody"], ["amyris wood oil", "woody"], ["bornyl acetate", "woody"], ["cistus twig/leaf oil", "woody"], ["ethyl guaiacol", "woody"], ["frankincense resinoid", "woody"], ["guaiacwood oil", "woody"], ["patchouli oil", "woody"], ["sclareol", "woody"], ["spruce needle oil canada", "woody"], ["thuja occidentalis leaf oil", "woody"], ["vetiver oil haiti", "woody"]]}