{"name": "(Z)-3-hexen-1-yl acetate", "cas": "3681-71-8", "smiles": "CC/C=C\\CCOC(=O)C", "notes": ["fresh", "green", "sweet", "fruity", "banana", "apple", "grassy", "fresh", "green", "sweet", "fruity", "apple", "pear", "melon"], "blenders": [["satinaldehyde", "No odor group found for these"], ["citrus carbaldehyde", "aldehydic"], ["nonanal (aldehyde C-9)", "aldehydic"], ["octanal (aldehyde C-8)", "aldehydic"], ["methyl (E)-2-octenoate", "animal"], ["amyl benzoate", "balsamic"], ["ethyl cinnamate", "balsamic"], ["fir carboxylate", "balsamic"], ["hexyl cinnamate", "balsamic"], ["opoponax oil (balsamodendron kafal)", "balsamic"], ["opoponax resinoid (balsamodendron kafal)", "balsamic"], ["phenyl salicylate", "balsamic"], ["terpinyl cinnamate", "balsamic"], ["heptyl acetate", "brown"], ["diethyl malate", "caramellic"], ["ethyl maltol", "caramellic"], ["butyl formate", "chemical"], ["propyl propionate", "chemical"], ["bergamot oil", "citrus"], ["citronellyl nitrile", "citrus"], ["citrus specialty", "citrus"], ["dihydromyrcenol", "citrus"], ["grapefruit oil c.p. california", "citrus"], ["grapefruit pentanol", "citrus"], ["heptanol", "citrus"], ["orange oil italy", "citrus"], ["tetrahydromyrcenol", "citrus"], ["heptyl dihydro-5-methyl-2(3H)-furanone", "creamy"], ["amyl octanoate", "earthy"], ["methyl 3-hexenoate", "earthy"], ["acetaldehyde dimethyl acetal", "ethereal"], ["amyl acetoacetate", "ethereal"], ["butyl alcohol", "ethereal"], ["cyclohexyl formate", "ethereal"], ["hexen-3-ol", "ethereal"], ["methyl ethyl ketone", "ethereal"], ["methyl valeraldehyde", "ethereal"], ["methyl-1-butanol", "ethereal"], ["propyl acetate", "ethereal"], ["propyl formate", "ethereal"], ["butyl undecylenate", "fatty"], ["decadien-1-ol", "fatty"], ["decen-2-one", "fatty"], ["ethyl undecylenate", "fatty"], ["hexyl pivalate", "fatty"], ["methyl (E)-2-hexenoate", "fatty"], ["methyl 2-hexenoate", "fatty"], ["hexanal diethyl acetal", "fermented"], ["methyl decanoate", "fermented"], ["methyl-1-pentanol", "fermented"], ["amyl cinnamaldehyde diethyl acetal", "floral"], ["benzyl acetate", "floral"], ["bois de rose oil brazil", "floral"], ["boronia absolute", "floral"], ["cassis cyclohexene", "floral"], ["citronellol", "floral"], ["citronellyl acetate", "floral"], ["citronellyl acetate", "floral"], ["citronellyl formate", "floral"], ["cuminyl acetaldehyde", "floral"], ["cyclohexyl ethyl alcohol", "floral"], ["damascenone", "floral"], ["damascone", "floral"], ["damascone", "floral"], ["dihydrocarvyl acetate", "floral"], ["dihydrofarnesol", "floral"], ["dimethyl anthranilate", "floral"], ["dimethyl benzyl carbinol", "floral"], ["dimethyl benzyl carbinyl butyrate", "floral"], ["dimethyl-2-nonanol", "floral"], ["floral undecenone", "floral"], ["geranyl acetate", "floral"], ["geranyl acetone", "floral"], ["geranyl formate", "floral"], ["geranyl isobutyrate", "floral"], ["hexyl 2-furoate", "floral"], ["hexyl lactate", "floral"], ["hexyl nonanoate", "floral"], ["ionone", "floral"], ["jasmin cyclopentanol", "floral"], ["jasmone", "floral"], ["jasmone", "floral"], ["jasmone", "floral"], ["leerall", "floral"], ["lilac pentanol", "floral"], ["linalool", "floral"], ["linalool", "floral"], ["linalool oxide", "floral"], ["methoxy-1-methyl propyl) benzene", "floral"], ["methyl benzyl acetate", "floral"], ["methyl citronellate", "floral"], ["methyl dihydrojasmonate", "floral"], ["methyl epi-jasmonate", "floral"], ["methyl jasmonate", "floral"], ["nerol", "floral"], ["neryl acetate", "floral"], ["neryl formate", "floral"], ["nonanol", "floral"], ["papaya isobutyrate", "floral"], ["peony alcohol", "floral"], ["petitgrain oil paraguay", "floral"], ["phenethyl acetate", "floral"], ["phenethyl hexanoate", "floral"], ["phenethyl isobutyrate", "floral"], ["phenethyl isovalerate", "floral"], ["phenethyl propionate", "floral"], ["phenyl propionaldehyde dimethyl acetal", "floral"], ["rose butanoate", "floral"], ["rose undecene", "floral"], ["styralyl propionate", "floral"], ["tea acetate", "floral"], ["tilia cordata flower oil CO2 extract", "floral"], ["tuberose acetate", "floral"], ["violet methyl carbonate", "floral"], ["allyl amyl glycolate", "fruity"], ["allyl butyrate", "fruity"], ["allyl isovalerate", "fruity"], ["allyl oxy-1,4-dimethyl bicyclo(3.2.1)octane", "fruity"], ["amyl 2-methyl butyrate", "fruity"], ["amyl 2-methyl butyrate", "fruity"], ["amyl acetate", "fruity"], ["amyl acetate", "fruity"], ["amyl butyrate", "fruity"], ["amyl formate", "fruity"], ["amyl hexanoate", "fruity"], ["amyl hexanoate", "fruity"], ["amyl isobutyrate", "fruity"], ["amyl isobutyrate", "fruity"], ["amyl isovalerate", "fruity"], ["amyl isovalerate", "fruity"], ["amyl octanoate", "fruity"], ["amyl valerate", "fruity"], ["apple crotonate", "fruity"], ["apple ketal", "fruity"], ["benzaldehyde", "fruity"], ["benzyl isovalerate", "fruity"], ["benzyl propionate", "fruity"], ["berry pentadienoate", "fruity"], ["bisabolene", "fruity"], ["butyl 2-decenoate", "fruity"], ["butyl acetoacetate", "fruity"], ["butyl anthranilate", "fruity"], ["butyl bicyclo[3.2.1]-6-octen-2-one", "fruity"], ["butyl hexanoate", "fruity"], ["butyl isobutyrate", "fruity"], ["butyl isovalerate", "fruity"], ["butyl isovalerate", "fruity"], ["butyl octanoate", "fruity"], ["butyl propionate", "fruity"], ["butyl valerate", "fruity"], ["cherry pentenoate", "fruity"], ["cinnamyl hexanoate", "fruity"], ["citronellyl isobutyrate", "fruity"], ["cyclohexyl butyrate", "fruity"], ["cyclohexyl crotonate", "fruity"], ["cyclohexyl isovalerate", "fruity"], ["cyclopentyl cyclopentanone", "fruity"], ["dibutyl-6,8-dioxabicyclo(3.2.1)octane", "fruity"], ["diethyl laevo-tartrate", "fruity"], ["diethyl malonate", "fruity"], ["diethyl sebacate", "fruity"], ["dimethyl succinate", "fruity"], ["ethyl (E)-3-hexenoate", "fruity"], ["ethyl (E)-4-octenoate", "fruity"], ["ethyl 2-cyclohexyl propionate", "fruity"], ["ethyl 2-hexenoate", "fruity"], ["ethyl 2-octenoate", "fruity"], ["ethyl 3-acetoxyhexanoate", "fruity"], ["ethyl 3-hexenoate", "fruity"], ["ethyl 3,5,5-trimethyl hexanoate", "fruity"], ["ethyl acetoacetate", "fruity"], ["ethyl bicyclo(2.2.1)-5-heptene-2-carboxylate", "fruity"], ["ethyl bicyclo(2.2.1)-5-heptene-2-carboxylate", "fruity"], ["ethyl cyclohexane propionate", "fruity"], ["ethyl heptanoate", "fruity"], ["ethyl hexanoate", "fruity"], ["ethyl isovalerate", "fruity"], ["ethyl levulinate", "fruity"], ["ethyl methyl-para-tolyl glycidate", "fruity"], ["ethyl sorbate", "fruity"], ["ethyl tiglate", "fruity"], ["ethyl valerate", "fruity"], ["farnesyl acetone", "fruity"], ["fig crotonate", "fruity"], ["fruity butanate", "fruity"], ["fruity ketal", "fruity"], ["geranyl 2-methyl butyrate", "fruity"], ["geranyl acetoacetate", "fruity"], ["geranyl butyrate", "fruity"], ["geranyl ethyl ether", "fruity"], ["geranyl isovalerate", "fruity"], ["grape butyrate", "fruity"], ["green acetate", "fruity"], ["heptanal cyclic ethylene acetal", "fruity"], ["heptyl butyrate", "fruity"], ["heptyl isobutyrate", "fruity"], ["heptyl valerate", "fruity"], ["hexanal propylene glycol acetal", "fruity"], ["hexen-1-ol", "fruity"], ["hexen-1-yl acetate", "fruity"], ["hexen-1-yl anthranilate", "fruity"], ["hexen-1-yl isobutyrate", "fruity"], ["hexenyl cyclopentanyl acetate", "fruity"], ["hexyl (E)-tiglate", "fruity"], ["hexyl acetate", "fruity"], ["hexyl formate", "fruity"], ["hexyl isovalerate", "fruity"], ["hexyl propionate", "fruity"], ["hexyl valerate", "fruity"], ["linalyl hexanoate", "fruity"], ["mercaptohexyl acetate", "fruity"], ["methyl (E,Z)-2,4-decadienoate", "fruity"], ["methyl 2-methyl butyrate", "fruity"], ["methyl 2-methyl valerate", "fruity"], ["methyl 2-octenoate", "fruity"], ["methyl 3-nonenoate", "fruity"], ["methyl butyl 2-methyl butyrate", "fruity"], ["methyl butyrate", "fruity"], ["methyl heptanoate", "fruity"], ["methyl isovalerate", "fruity"], ["methyl nonanoate", "fruity"], ["methyl octadienoate", "fruity"], ["methyl valerate", "fruity"], ["methyl-2-butenal", "fruity"], ["methyl-2-pentenyl acetate", "fruity"], ["nerolidyl isobutyrate", "fruity"], ["neryl propionate", "fruity"], ["nonanone", "fruity"], ["nonenal dimethyl acetal", "fruity"], ["nonyl isovalerate", "fruity"], ["octen-1-yl cyclopentanone", "fruity"], ["octen-1-yl propionate", "fruity"], ["octyl acetate", "fruity"], ["octyl butyrate", "fruity"], ["pear valerate", "fruity"], ["pentanone", "fruity"], ["pentyl furan", "fruity"], ["phenyl propyl hexanoate", "fruity"], ["phenyl-2-butyl acetate", "fruity"], ["pineapple pentenoate", "fruity"], ["prenol", "fruity"], ["prenyl ethyl ether", "fruity"], ["prenyl hexanoate", "fruity"], ["propenyl acetate", "fruity"], ["propyl 2-methyl butyrate", "fruity"], ["propyl 2,4-decadienoate", "fruity"], ["propyl acetate", "fruity"], ["propyl butyrate", "fruity"], ["propyl heptanoate", "fruity"], ["propyl isobutyrate", "fruity"], ["propyl isovalerate", "fruity"], ["propyl isovalerate", "fruity"], ["rhubarb undecane", "fruity"], ["sorbyl butyrate", "fruity"], ["sorbyl butyrate", "fruity"], ["tetrahydrofurfuryl butyrate", "fruity"], ["tropical indene", "fruity"], ["tropical specialty", "fruity"], ["tropical thiazole", "fruity"], ["tropical trithiane", "fruity"], ["undecalactone (aldehyde C-14 (so-called))", "fruity"], ["acetaldehyde benzyl 2-methoxyethyl acetal", "green"], ["actinidia chinensis fruit extract", "green"], ["actinidia chinensis fruit water", "green"], ["actinidia chinensis seed extract", "green"], ["allyl phenethyl ether", "green"], ["amyl formate", "green"], ["benzaldehyde dimethyl acetal", "green"], ["butyl heptanoate", "green"], ["cognac oil", "green"], ["currant bud absolute replacer", "green"], ["decalactone", "green"], ["ethyl (E,Z)-2,4-decadienoate", "green"], ["ethyl (E)-2-decenoate", "green"], ["ethyl (E)-2-hexenoate", "green"], ["ethyl (E)-4-decenoate", "green"], ["galbanum specialty", "green"], ["green carboxylate", "green"], ["green dioxolane", "green"], ["green note propionate", "green"], ["heptanal (aldehyde C-7)", "green"], ["hepten-1-yl acetate", "green"], ["heptyl acetate", "green"], ["herbal cyclohexane", "green"], ["hexen-1-ol", "green"], ["hexen-1-ol", "green"], ["hexen-1-yl (E)-2-hexenoate", "green"], ["hexen-1-yl (Z)-3-hexenoate", "green"], ["hexen-1-yl 2-methyl butyrate", "green"], ["hexen-1-yl acetate", "green"], ["hexen-1-yl benzoate", "green"], ["hexen-1-yl butyrate", "green"], ["hexen-1-yl butyrate", "green"], ["hexen-1-yl formate", "green"], ["hexen-1-yl formate", "green"], ["hexen-1-yl hexanoate", "green"], ["hexen-1-yl hexanoate", "green"], ["hexen-1-yl isovalerate", "green"], ["hexen-1-yl isovalerate", "green"], ["hexen-1-yl propionate", "green"], ["hexen-1-yl propionate", "green"], ["hexen-1-yl pyruvate", "green"], ["hexen-1-yl valerate", "green"], ["hexen-1-yl valerate", "green"], ["hexenal", "green"], ["hexenal diethyl acetal", "green"], ["hexenal propylene glycol acetal", "green"], ["hexenyl 2-methyl butyrate", "green"], ["hexenyl acetate", "green"], ["hexenyl methyl ether", "green"], ["hexoxyacetaldehyde dimethyl acetal", "green"], ["hexyl 2-methyl butyrate", "green"], ["hexyl butyrate", "green"], ["hexyl hexanoate", "green"], ["hexyl isobutyrate", "green"], ["hexyl octanoate", "green"], ["hexyl phenyl acetate", "green"], ["hexyl tiglate", "green"], ["leaf acetal", "green"], ["manzanate (Givaudan)", "green"], ["melon nonenoate", "green"], ["methyl (E)-3-hexenoate", "green"], ["methyl heptine carbonate", "green"], ["methyl octine carbonate", "green"], ["neogall", "green"], ["neryl butyrate", "green"], ["nonadien-1-ol", "green"], ["nonadien-1-yl acetate", "green"], ["nonadien-1-yl acetate", "green"], ["nonadienal", "green"], ["octen-1-yl acetate", "green"], ["octyl formate", "green"], ["pentenal", "green"], ["phenoxyethyl isobutyrate", "green"], ["phenyl acetaldehyde dimethyl acetal", "green"], ["phenyl propionaldehyde", "green"], ["phenyl-2-pentanol", "green"], ["propylene acetal", "green"], ["sorbyl isobutyrate", "green"], ["sorbyl isobutyrate", "green"], ["styralyl acetate", "green"], ["terpinyl propionate", "green"], ["tetrahydro-1H-inden-6-yl]ethanone", "green"], ["thiogeraniol", "green"], ["tiglaldehyde", "green"], ["violet dienyne", "green"], ["violet leaf absolute", "green"], ["acetoxydihydrotheaspirane", "herbal"], ["amyl heptanoate", "herbal"], ["amyl tiglate", "herbal"], ["clary sage concrete", "herbal"], ["clary sage oil france", "herbal"], ["cognac oil", "herbal"], ["dill seed oil indian", "herbal"], ["ethyl chrysanthemate", "herbal"], ["hexanol", "herbal"], ["lavender absolute bulgaria", "herbal"], ["linalyl isovalerate", "herbal"], ["marigold oil mexico", "herbal"], ["methoxy-2,6-dimethyl octanal", "herbal"], ["myrtenyl acetate", "herbal"], ["pentyl acetate", "herbal"], ["phenethyl senecioate", "herbal"], ["tagete oil india", "herbal"], ["tricyclodecyl acetate", "herbal"], ["viridiflorol", "herbal"], ["methyl hydrocinnamate", "honey"], ["algae absolute", "marine"], ["nonen-1-yl acetate", "melon"], ["watermelon ketone", "melon"], ["carveol", "minty"], ["carvone", "minty"], ["carvone-5,6-oxide", "minty"], ["carvyl acetate", "minty"], ["dihydrocarveol", "minty"], ["dihydrocarvone", "minty"], ["spearmint absolute", "minty"], ["spearmint oil america", "minty"], ["spearmint oil terpeneless", "minty"], ["tetrahydrocarvone", "minty"], ["musk decanolide", "musk"], ["musk propanoate", "musk"], ["anisyl acetate", "powdery"], ["carveol", "spicy"], ["cinnamyl propionate", "spicy"], ["dimethyl bicyclo(3.2.1)-2-octen-3-yl acetate + 1,4-dimethyl bicyclo(3.2.1)-2-octen-3-yl acetate", "spicy"], ["grapefruit menthane", "sulfurous"], ["methyl 4-mercaptopentan-2-one 1% solution", "sulfurous"], ["passiflora acetate", "sulfurous"], ["cassis bud oil", "terpenic"], ["terpineol", "terpenic"], ["mint lactone", "tonka"], ["cyclocitral", "tropical"], ["ethyl (Z)-3-hexenoate", "tropical"], ["psidium guajava fruit extract", "tropical"], ["vanilla oleoresin bourbon", "vanilla"], ["allyl nonanoate", "waxy"], ["amyl decanoate", "waxy"], ["amyl laurate", "waxy"], ["ethyl decanoate", "waxy"], ["ethyl nonanoate", "waxy"], ["ethyl octanoate", "waxy"], ["methyl geranate", "waxy"], ["methyl octanoate", "waxy"], ["nonanol", "waxy"], ["octyl 2-methyl butyrate", "waxy"], ["tridecen-1-yl acetate", "waxy"], ["butyl angelate", "winey"], ["hexanol", "winey"], ["methyl 3-acetoxyoctanoate", "winey"], ["marine formate", "woody"], ["spruce needle oil canada", "woody"], ["verdoxan", "woody"], ["woody amylene", "woody"], ["acetaldehyde benzyl 2-methoxyethyl acetal", "No flavor group found for these"], ["acetoxydihydrotheaspirane", "No flavor group found for these"], ["actinidia chinensis fruit juice", "No flavor group found for these"], ["algae absolute", "No flavor group found for these"], ["allyl levulinate", "No flavor group found for these"], ["allyl tiglate", "No flavor group found for these"], ["amyl 2-methyl butyrate", "No flavor group found for these"], ["amyl isobutyrate", "No flavor group found for these"], ["amyl isovalerate", "No flavor group found for these"], ["amyl octanoate", "No flavor group found for these"], ["amyl tiglate", "No flavor group found for these"], ["amyl-5 or 6-keto-1,4-dioxane", "No flavor group found for these"], ["butyl angelate", "No flavor group found for these"], ["butyl octanoate", "No flavor group found for these"], ["butyraldehyde propylene glycol acetal", "No flavor group found for these"], ["carveol", "No flavor group found for these"], ["cinnamyl hexanoate", "No flavor group found for these"], ["cyclohexyl butyrate", "No flavor group found for these"], ["cyclopentyl cyclopentanone", "No flavor group found for these"], ["decalactone", "No flavor group found for these"], ["diethyl laevo-tartrate", "No flavor group found for these"], ["diethyl malate", "No flavor group found for these"], ["diethyl-4-propyl thiazole", "No flavor group found for these"], ["ethyl (Z)-3-hexenoate", "No flavor group found for these"], ["ethyl 2-(methyl thio) acetate", "No flavor group found for these"], ["ethyl 2-hexenoate", "No flavor group found for these"], ["ethyl 3-acetoxyhexanoate", "No flavor group found for these"], ["ethyl aconitate", "No flavor group found for these"], ["ethyl bicyclo(2.2.1)-5-heptene-2-carboxylate", "No flavor group found for these"], ["ethyl butyryl lactate", "No flavor group found for these"], ["ethyl cyclohexane propionate", "No flavor group found for these"], ["farnesyl acetone", "No flavor group found for these"], ["geranyl 2-methyl butyrate", "No flavor group found for these"], ["geranyl acetoacetate", "No flavor group found for these"], ["geranyl ethyl ether", "No flavor group found for these"], ["heptyl 2-methyl butyrate", "No flavor group found for these"], ["heptyl butyrate", "No flavor group found for these"], ["hexanal diethyl acetal", "No flavor group found for these"], ["hexanol", "No flavor group found for these"], ["hexenal", "No flavor group found for these"], ["hexenal", "No flavor group found for these"], ["hexenal diethyl acetal", "No flavor group found for these"], ["hexenal diethyl acetal", "No flavor group found for these"], ["hexenal dimethyl acetal", "No flavor group found for these"], ["hexenal propylene glycol acetal", "No flavor group found for these"], ["hexenyl acetate", "No flavor group found for these"], ["hexyl (E)-2-hexenoate", "No flavor group found for these"], ["hexyl nonanoate", "No flavor group found for these"], ["hexyl propionate", "No flavor group found for these"], ["hexyl valerate", "No flavor group found for these"], ["hydroxy-4-phenyl-2-butanone", "No flavor group found for these"], ["hydroxyphenethyl alcohol", "No flavor group found for these"], ["linalyl hexanoate", "No flavor group found for these"], ["menthadien-2-yl acetate", "No flavor group found for these"], ["methyl (E,Z)-2,4-decadienoate", "No flavor group found for these"], ["methyl (E)-2-hexenoate", "No flavor group found for these"], ["methyl 2-hexenoate", "No flavor group found for these"], ["methyl 2-octenoate", "No flavor group found for these"], ["methyl 3-acetoxyoctanoate", "No flavor group found for these"], ["methyl 3-hydroxybutyrate", "No flavor group found for these"], ["methyl 4-mercaptopentan-2-one 1% solution", "No flavor group found for these"], ["methyl geranate", "No flavor group found for these"], ["methyl hydrocinnamate", "No flavor group found for these"], ["methyl octadienoate", "No flavor group found for these"], ["methyl-2-octenal", "No flavor group found for these"], ["methyl-2-octenal", "No flavor group found for these"], ["methyl-3-heptanone", "No flavor group found for these"], ["methyl-3-pentanol", "No flavor group found for these"], ["nonyl isovalerate", "No flavor group found for these"], ["octadien-2-one", "No flavor group found for these"], ["octyl butyrate", "No flavor group found for these"], ["phenethyl senecioate", "No flavor group found for these"], ["phenyl-2-butyl acetate", "No flavor group found for these"], ["prenyl ethyl ether", "No flavor group found for these"], ["prenyl hexanoate", "No flavor group found for these"], ["propyl isobutyrate", "No flavor group found for these"], ["propyl isovalerate", "No flavor group found for these"], ["propyl isovalerate", "No flavor group found for these"], ["propylene acetal", "No flavor group found for these"], ["sorbyl butyrate", "No flavor group found for these"], ["sorbyl isobutyrate", "No flavor group found for these"], ["sorbyl propionate", "No flavor group found for these"], ["tridecen-1-yl acetate", "No flavor group found for these"], ["viridiflorol", "No flavor group found for these"], ["sorbyl isobutyrate", ""], ["nonanal (aldehyde C-9)", "aldehydic"], ["octanal (aldehyde C-8)", "aldehydic"], ["tropical thiazole", "alliaceous"], ["nonadien-1-ol", "apple"], ["ethyl cinnamate", "balsamic"], ["opoponax oil (balsamodendron kafal)", "balsamic"], ["heptyl isobutyrate", "berry"], ["ethyl maltol", "caramellic"], ["nonanone", "cheesy"], ["methyl ethyl ketone", "chemical"], ["bergamot oil", "citrus"], ["bisabolene", "citrus"], ["grapefruit oil c.p. california", "citrus"], ["linalool", "citrus"], ["linalool", "citrus"], ["nerol", "citrus"], ["orange oil italy", "citrus"], ["styralyl propionate", "citrus"], ["terpineol", "citrus"], ["massoia lactone", "coconut"], ["manzanate (Givaudan)", "cooling"], ["heptadienal", "creamy"], ["massoia lactone", "creamy"], ["mint lactone", "creamy"], ["undecalactone (aldehyde C-14 (so-called))", "creamy"], ["pentyl acetate", "dairy"], ["hexen-3-yl acetate", "earthy"], ["ethyl acetoacetate", "estery"], ["propyl acetate", "estery"], ["acetaldehyde dimethyl acetal", "ethereal"], ["butyl alcohol", "ethereal"], ["methyl-1-butanol", "ethereal"], ["propenyl acetate", "ethereal"], ["propyl acetate", "ethereal"], ["amyl laurate", "fatty"], ["decadien-1-ol", "fatty"], ["ethyl (E)-4-decenoate", "fatty"], ["ethyl undecylenate", "fatty"], ["heptyl acetate", "fatty"], ["hexen-1-yl benzoate", "fatty"], ["methyl decanoate", "fatty"], ["bois de rose oil brazil", "floral"], ["cinnamyl propionate", "floral"], ["citronellol", "floral"], ["citronellyl acetate", "floral"], ["citronellyl acetate", "floral"], ["dihydrocarvyl acetate", "floral"], ["dihydrofarnesol", "floral"], ["dimethyl benzyl carbinyl butyrate", "floral"], ["geranyl acetone", "floral"], ["geranyl isobutyrate", "floral"], ["hexen-1-yl anthranilate", "floral"], ["methyl citronellate", "floral"], ["methyl dihydrojasmonate", "floral"], ["methyl epi-jasmonate", "floral"], ["methyl jasmonate", "floral"], ["neryl acetate", "floral"], ["phenethyl propionate", "floral"], ["satinaldehyde", "floral"], ["allyl isovalerate", "fruity"], ["amyl 2-methyl butyrate", "fruity"], ["amyl acetate", "fruity"], ["amyl acetate", "fruity"], ["amyl acetoacetate", "fruity"], ["amyl benzoate", "fruity"], ["amyl formate", "fruity"], ["amyl hexanoate", "fruity"], ["amyl hexanoate", "fruity"], ["amyl isobutyrate", "fruity"], ["amyl octanoate", "fruity"], ["amyl valerate", "fruity"], ["anisyl acetate", "fruity"], ["apple ketal", "fruity"], ["benzaldehyde", "fruity"], ["benzyl acetate", "fruity"], ["benzyl isovalerate", "fruity"], ["benzyl propionate", "fruity"], ["berry pentadienoate", "fruity"], ["boronia absolute", "fruity"], ["butyl 2-decenoate", "fruity"], ["butyl acetoacetate", "fruity"], ["butyl anthranilate", "fruity"], ["butyl heptanoate", "fruity"], ["butyl hexanoate", "fruity"], ["butyl isobutyrate", "fruity"], ["butyl isovalerate", "fruity"], ["butyl propionate", "fruity"], ["butyl valerate", "fruity"], ["cassis bud oil", "fruity"], ["cherry pentenoate", "fruity"], ["citronellyl formate", "fruity"], ["citronellyl isobutyrate", "fruity"], ["currant bud absolute replacer", "fruity"], ["cyclohexyl isovalerate", "fruity"], ["damascone", "fruity"], ["diethyl malonate", "fruity"], ["diethyl sebacate", "fruity"], ["dimethyl anthranilate", "fruity"], ["dimethyl succinate", "fruity"], ["ethyl (E)-2-decenoate", "fruity"], ["ethyl (E)-2-hexenoate", "fruity"], ["ethyl (E)-2-octenoate", "fruity"], ["ethyl (E)-3-hexenoate", "fruity"], ["ethyl 2-octenoate", "fruity"], ["ethyl 3-hexenoate", "fruity"], ["ethyl heptanoate", "fruity"], ["ethyl hexanoate", "fruity"], ["ethyl isovalerate", "fruity"], ["ethyl levulinate", "fruity"], ["ethyl methyl-para-tolyl glycidate", "fruity"], ["ethyl sorbate", "fruity"], ["ethyl tiglate", "fruity"], ["ethyl valerate", "fruity"], ["fruity ketal", "fruity"], ["furfuryl propionate", "fruity"], ["furyl pentyl ketone", "fruity"], ["geranyl butyrate", "fruity"], ["heptanol", "fruity"], ["heptyl dihydro-5-methyl-2(3H)-furanone", "fruity"], ["hexanal propylene glycol acetal", "fruity"], ["hexen-1-ol", "fruity"], ["hexen-1-yl (E)-2-hexenoate", "fruity"], ["hexen-1-yl acetate", "fruity"], ["hexen-1-yl isobutyrate", "fruity"], ["hexyl acetate", "fruity"], ["hexyl hexanoate", "fruity"], ["hexyl lactate", "fruity"], ["hexyl phenyl acetate", "fruity"], ["kiwi distillates", "fruity"], ["lilac pentanol", "fruity"], ["linalyl isovalerate", "fruity"], ["methyl (E)-2-octenoate", "fruity"], ["methyl (E)-3-nonenoate", "fruity"], ["methyl 2-methyl butyrate", "fruity"], ["methyl 2-methyl valerate", "fruity"], ["methyl 3-hexenoate", "fruity"], ["methyl 3-nonenoate", "fruity"], ["methyl benzyl acetate", "fruity"], ["methyl butyl 2-methyl butyrate", "fruity"], ["methyl heptanoate", "fruity"], ["methyl isovalerate", "fruity"], ["methyl valerate", "fruity"], ["methyl-2-butenal", "fruity"], ["neryl formate", "fruity"], ["nonen-1-yl acetate", "fruity"], ["octen-1-yl acetate", "fruity"], ["octen-1-yl cyclopentanone", "fruity"], ["octen-1-yl propionate", "fruity"], ["pentanone", "fruity"], ["phenethyl isovalerate", "fruity"], ["phenyl propionaldehyde dimethyl acetal", "fruity"], ["phenyl propyl hexanoate", "fruity"], ["phenyl-2-pentanol", "fruity"], ["pineapple pentenoate", "fruity"], ["prenol", "fruity"], ["propyl 2-methyl butyrate", "fruity"], ["propyl butyrate", "fruity"], ["propyl formate", "fruity"], ["rose butanoate", "fruity"], ["salacca zalacca fruit", "fruity"], ["snake fruit flavor", "fruity"], ["sorbyl butyrate", "fruity"], ["styralyl acetate", "fruity"], ["terpinyl cinnamate", "fruity"], ["tetrahydrofurfuryl butyrate", "fruity"], ["tiglaldehyde", "fruity"], ["tropical trithiane", "fruity"], ["cognac oil", "fusel"], ["cognac oil", "fusel"], ["methyl butyrate", "fusel"], ["actinidia chinensis fruit extract", "green"], ["allyl butyrate", "green"], ["amyl formate", "green"], ["amyl isovalerate", "green"], ["benzaldehyde dimethyl acetal", "green"], ["butyl isovalerate", "green"], ["cuminyl acetaldehyde", "green"], ["cyclohexyl ethyl alcohol", "green"], ["cyclohexyl formate", "green"], ["decen-2-one", "green"], ["dihydrocarveol", "green"], ["dihydrocarvone", "green"], ["dihydromyrcenol", "green"], ["ethyl (E,Z)-2,4-decadienoate", "green"], ["ethyl butyraldehyde", "green"], ["geranyl acetate", "green"], ["geranyl formate", "green"], ["geranyl isovalerate", "green"], ["grape butyrate", "green"], ["green note propionate", "green"], ["heptanal (aldehyde C-7)", "green"], ["hepten-1-yl acetate", "green"], ["heptyl acetate", "green"], ["hexadienal", "green"], ["hexanol", "green"], ["hexen-1-ol", "green"], ["hexen-1-ol", "green"], ["hexen-1-yl (Z)-3-hexenoate", "green"], ["hexen-1-yl 2-methyl butyrate", "green"], ["hexen-1-yl acetate", "green"], ["hexen-1-yl butyrate", "green"], ["hexen-1-yl butyrate", "green"], ["hexen-1-yl formate", "green"], ["hexen-1-yl hexanoate", "green"], ["hexen-1-yl hexanoate", "green"], ["hexen-1-yl isovalerate", "green"], ["hexen-1-yl isovalerate", "green"], ["hexen-1-yl propionate", "green"], ["hexen-1-yl propionate", "green"], ["hexen-1-yl pyruvate", "green"], ["hexen-1-yl valerate", "green"], ["hexen-1-yl valerate", "green"], ["hexen-3-ol", "green"], ["hexenal", "green"], ["hexenal diethyl acetal", "green"], ["hexenyl 2-methyl butyrate", "green"], ["hexyl (E)-tiglate", "green"], ["hexyl 2-furoate", "green"], ["hexyl 2-methyl butyrate", "green"], ["hexyl butyrate", "green"], ["hexyl formate", "green"], ["hexyl isobutyrate", "green"], ["hexyl isovalerate", "green"], ["hexyl octanoate", "green"], ["hexyl tiglate", "green"], ["jasmone", "green"], ["jasmone", "green"], ["leaf acetal", "green"], ["linalool oxide", "green"], ["melon nonenoate", "green"], ["methyl (E)-3-hexenoate", "green"], ["methyl 2-undecynoate", "green"], ["methyl heptine carbonate", "green"], ["methyl octanoate", "green"], ["methyl octine carbonate", "green"], ["methyl-2-furyl) butanal", "green"], ["methyl-2-pentenal", "green"], ["neryl butyrate", "green"], ["neryl propionate", "green"], ["nonadien-1-yl acetate", "green"], ["nonadien-1-yl acetate", "green"], ["nonadienal", "green"], ["nonen-1-yl acetate", "green"], ["octadienal", "green"], ["octadienal", "green"], ["octen-1-yl acetate", "green"], ["papaya isobutyrate", "green"], ["pentenal", "green"], ["pentyl furan", "green"], ["phenoxyethyl isobutyrate", "green"], ["phenyl acetaldehyde dimethyl acetal", "green"], ["phenyl propionaldehyde", "green"], ["terpinyl propionate", "green"], ["thiogeraniol", "green"], ["violet leaf absolute", "green"], ["amyl heptanoate", "herbal"], ["clary sage concrete", "herbal"], ["clary sage oil france", "herbal"], ["lavender absolute bulgaria", "herbal"], ["marigold oil mexico", "herbal"], ["petitgrain oil paraguay", "herbal"], ["tagete oil india", "herbal"], ["phenethyl acetate", "honey"], ["phenethyl isobutyrate", "honey"], ["dimethyl benzyl carbinol", "medicinal"], ["propyl 2,4-decadienoate", "melon"], ["carveol", "minty"], ["carvone", "minty"], ["carvone-5,6-oxide", "minty"], ["carvyl acetate", "minty"], ["spearmint absolute", "minty"], ["spearmint oil america", "minty"], ["spearmint oil terpeneless", "minty"], ["tetrahydrocarvone", "minty"], ["propionaldehyde", "musty"], ["acetaldehyde", "pungent"], ["butyl formate", "rummy"], ["hexen-1-yl formate", "rummy"], ["methyl valeric acid", "sour"], ["dill seed oil indian", "spicy"], ["grapefruit menthane", "sulfurous"], ["cyclocitral", "tropical"], ["guava distillates", "tropical"], ["mercaptohexyl acetate", "tropical"], ["passiflora acetate", "tropical"], ["propyl propionate", "tropical"], ["psidium guajava fruit", "tropical"], ["psidium guajava fruit extract", "tropical"], ["vanilla oleoresin bourbon", "vanilla"], ["methyl valeraldehyde", "vegetable"], ["allyl nonanoate", "waxy"], ["amyl butyrate", "waxy"], ["amyl decanoate", "waxy"], ["butyl undecylenate", "waxy"], ["ethyl decanoate", "waxy"], ["ethyl nonanoate", "waxy"], ["ethyl octanoate", "waxy"], ["nonanol", "waxy"], ["nonanol", "waxy"], ["octyl 2-methyl butyrate", "waxy"], ["octyl butyrate", "waxy"], ["octyl formate", "waxy"], ["phenethyl hexanoate", "waxy"], ["propyl heptanoate", "waxy"], ["methyl-1-pentanol", "whiskey"], ["methyl nonanoate", "winey"], ["damascenone", "woody"], ["ionone", "woody"], ["jasmone", "woody"], ["myrtenyl acetate", "woody"], ["spruce needle oil canada", "woody"]]}