{"name": "dihydrofarnesol", "cas": "37519-97-4", "smiles": "CC(CC/C=C(\\C)/CCC=C(C)C)CCO", "notes": ["floral", "metallic", "cyclamen"], "blenders": [["satinaldehyde", "No odor group found for these"], ["decenal", "aldehydic"], ["tangerine nitrile", "citrus"], ["cyclamen aldehyde", "floral"], ["cyclamen fragrance", "floral"], ["cyclamen propanal", "floral"], ["cyclamen specialty", "floral"], ["cyclohexyl cyclohexanone", "floral"], ["damascone", "floral"], ["ethyl hexyl salicylate", "floral"], ["floral specialty", "floral"], ["hyacinth acetals", "floral"], ["leerall", "floral"], ["magnolia decadienal", "floral"], ["ocean propanal", "floral"], ["cyclohexyl cyclohexanone", "herbal"], ["decenal", "No flavor group found for these"], ["hyacinth acetals", "aromatic"], ["ocean propanal", "floral"], ["satinaldehyde", "floral"], ["damascone", "fruity"], ["cyclamen aldehyde", "green"], ["methyl-2-furyl) butanal", "green"]]}