{"name": "isoamyl tiglate", "cas": "41519-18-0", "smiles": "C\\C=C(/C)\\C(=O)OCCC(C)C", "notes": ["fresh", "herbal", "winey", "fruity", "angelica"], "blenders": [["amyl furoate", "anisic"], ["cinnamyl butyrate", "balsamic"], ["opoponax oil (balsamodendron kafal)", "balsamic"], ["opoponax resinoid (balsamodendron kafal)", "balsamic"], ["terpinyl cinnamate", "balsamic"], ["diethyl malate", "caramellic"], ["amyl octanoate", "earthy"], ["amyl acetoacetate", "ethereal"], ["butyl alcohol", "ethereal"], ["ethyl 4-pentenoate", "ethereal"], ["methyl acetate", "ethereal"], ["methyl-1-butanol", "ethereal"], ["butyl undecylenate", "fatty"], ["methyl decanoate", "fermented"], ["methyl-1-pentanol", "fermented"], ["amyl cinnamaldehyde", "floral"], ["benzyl acetone", "floral"], ["butyl tiglate", "floral"], ["cassis cyclohexene", "floral"], ["dimethyl anthranilate", "floral"], ["dimethyl benzyl carbinyl butyrate", "floral"], ["farnesol", "floral"], ["gelsone (IFF)", "floral"], ["geranyl tiglate", "floral"], ["jasmin absolute egypt (from concrete)", "floral"], ["menthadienyl formate", "floral"], ["methyl benzyl acetate (mixed ortho-,meta-,para-)", "floral"], ["nonan-3-yl acetate", "floral"], ["nonanone", "floral"], ["rose oil (rosa damascena) bulgaria", "floral"], ["rose undecene", "floral"], ["anisyl propionate", "fruity"], ["butyl acetoacetate", "fruity"], ["butyl anthranilate", "fruity"], ["butyl hexanoate", "fruity"], ["diethyl laevo-tartrate", "fruity"], ["diethyl sebacate", "fruity"], ["dodecyl propionate", "fruity"], ["ethyl 2-ethyl acetoacetate", "fruity"], ["ethyl 3,5,5-trimethyl hexanoate", "fruity"], ["ethyl heptanoate", "fruity"], ["farnesyl acetone", "fruity"], ["geranyl acetoacetate", "fruity"], ["menth-1-ene-9-ol", "fruity"], ["methyl butyl isovalerate", "fruity"], ["methyl nonanoate", "fruity"], ["pentanone", "fruity"], ["propyl 2-methyl butyrate", "fruity"], ["propyl heptanoate", "fruity"], ["sorbyl butyrate", "fruity"], ["benzaldehyde dimethyl acetal", "green"], ["butyl heptanoate", "green"], ["butyl heptanoate", "green"], ["butyl methyl ketone", "green"], ["cognac oil", "green"], ["hexen-1-yl butyrate", "green"], ["hexyl isobutyrate", "green"], ["hexyl phenyl acetate", "green"], ["hexyl tiglate", "green"], ["acetyl tributyl citrate", "herbal"], ["amyl heptanoate", "herbal"], ["buchu mercaptan acetate", "herbal"], ["butyl levulinate", "herbal"], ["chamomile propionate", "herbal"], ["chamomile valerate", "herbal"], ["clary sage concrete", "herbal"], ["cognac oil", "herbal"], ["cuminyl acetate", "herbal"], ["ethyl chrysanthemate", "herbal"], ["linalyl octanoate", "herbal"], ["menthen-9-yl acetate", "herbal"], ["methyl hexyl ether", "herbal"], ["myrtenyl acetate", "herbal"], ["octanon-1-ol", "herbal"], ["phenethyl senecioate", "herbal"], ["rue oil", "herbal"], ["rue oil cuba", "herbal"], ["tagete oil CO2 extract", "herbal"], ["tagete oil south africa", "herbal"], ["tagete oil turkey", "herbal"], ["tagete oil zambia", "herbal"], ["tricyclodecenyl propionate", "herbal"], ["viridiflorol", "herbal"], ["methyl hydrocinnamate", "honey"], ["orris capronate", "orris"], ["levisticum officinale root oil", "spicy"], ["allyl nonanoate", "waxy"], ["amyl laurate", "waxy"], ["ethyl nonanoate", "waxy"], ["ethyl octanoate", "waxy"], ["butyl angelate", "winey"], ["hexanol", "winey"], ["methyl 3-acetoxyoctanoate", "winey"], ["kaempferia galanga rhizome oil", "woody"], ["acetyl tributyl citrate", "No flavor group found for these"], ["amyl furoate", "No flavor group found for these"], ["amyl octanoate", "No flavor group found for these"], ["amyl-5 or 6-keto-1,4-dioxane", "No flavor group found for these"], ["anisyl propionate", "No flavor group found for these"], ["benzyl methyl tiglate", "No flavor group found for these"], ["butyl angelate", "No flavor group found for these"], ["butyl furan", "No flavor group found for these"], ["butyl heptanoate", "No flavor group found for these"], ["butyraldehyde propylene glycol acetal", "No flavor group found for these"], ["cuminyl acetate", "No flavor group found for these"], ["diethyl laevo-tartrate", "No flavor group found for these"], ["diethyl malate", "No flavor group found for these"], ["dodecyl propionate", "No flavor group found for these"], ["ethyl 3-hydroxyoctanoate", "No flavor group found for these"], ["ethyl 4-pentenoate", "No flavor group found for these"], ["ethyl aconitate", "No flavor group found for these"], ["farnesyl acetone", "No flavor group found for these"], ["geranyl acetoacetate", "No flavor group found for these"], ["hexanol", "No flavor group found for these"], ["methyl 3-acetoxyoctanoate", "No flavor group found for these"], ["methyl benzyl acetate (mixed ortho-,meta-,para-)", "No flavor group found for these"], ["methyl hydrocinnamate", "No flavor group found for these"], ["nonan-3-yl acetate", "No flavor group found for these"], ["octanon-1-ol", "No flavor group found for these"], ["oenanthic ether", "No flavor group found for these"], ["phenethyl senecioate", "No flavor group found for these"], ["propyl 2-methyl butyrate", "No flavor group found for these"], ["sorbyl propionate", "No flavor group found for these"], ["viridiflorol", "No flavor group found for these"], ["hexenoic acid", "acidic"], ["opoponax oil (balsamodendron kafal)", "balsamic"], ["kaempferia galanga rhizome oil", "camphoreous"], ["butyl alcohol", "ethereal"], ["methyl acetate", "ethereal"], ["methyl hexyl ether", "ethereal"], ["methyl-1-butanol", "ethereal"], ["amyl laurate", "fatty"], ["methyl decanoate", "fatty"], ["dimethyl benzyl carbinyl butyrate", "floral"], ["farnesol", "floral"], ["geranyl tiglate", "floral"], ["jasmin absolute egypt (from concrete)", "floral"], ["rose oil (rosa damascena) bulgaria", "floral"], ["amyl acetoacetate", "fruity"], ["benzyl acetone", "fruity"], ["buchu mercaptan acetate", "fruity"], ["butyl acetoacetate", "fruity"], ["butyl anthranilate", "fruity"], ["butyl heptanoate", "fruity"], ["butyl hexanoate", "fruity"], ["diethyl sebacate", "fruity"], ["dimethyl anthranilate", "fruity"], ["ethyl 2-ethyl acetoacetate", "fruity"], ["ethyl heptanoate", "fruity"], ["hexyl phenyl acetate", "fruity"], ["linalyl octanoate", "fruity"], ["menthen-9-yl acetate", "fruity"], ["methyl butyl isovalerate", "fruity"], ["pentanone", "fruity"], ["sorbyl butyrate", "fruity"], ["tagete oil CO2 extract", "fruity"], ["tagete oil south africa", "fruity"], ["tagete oil turkey", "fruity"], ["tagete oil zambia", "fruity"], ["terpinyl cinnamate", "fruity"], ["cognac oil", "fusel"], ["cognac oil", "fusel"], ["benzaldehyde dimethyl acetal", "green"], ["butyl methyl ketone", "green"], ["gelsone (IFF)", "green"], ["hexen-1-yl butyrate", "green"], ["hexyl isobutyrate", "green"], ["hexyl tiglate", "green"], ["nonanone", "green"], ["amyl heptanoate", "herbal"], ["butyl levulinate", "herbal"], ["clary sage concrete", "herbal"], ["menth-1-ene-9-ol", "herbal"], ["rue oil", "herbal"], ["rue oil cuba", "herbal"], ["propionaldehyde", "musty"], ["orris capronate", "orris"], ["levisticum officinale oleoresin", "spicy"], ["levisticum officinale root oil", "spicy"], ["amyl cinnamaldehyde", "tropical"], ["allyl nonanoate", "waxy"], ["butyl undecylenate", "waxy"], ["ethyl nonanoate", "waxy"], ["ethyl octanoate", "waxy"], ["propyl heptanoate", "waxy"], ["methyl-1-pentanol", "whiskey"], ["cinnamyl butyrate", "winey"], ["methyl nonanoate", "winey"], ["myrtenyl acetate", "woody"]]}