{"name": "heptyl octanoate", "cas": "4265-97-8", "smiles": "CCCCCCCC(=O)OCCCCCCC", "notes": ["waxy", "oily", "green", "tropical", "fresh", "waxy", "fruity", "fatty", "green", "musty", "tropical"], "blenders": [["ethyl butyric acid", "acidic"], ["decanal (aldehyde C-10)", "aldehydic"], ["dodecanal (aldehyde C-12 lauric)", "aldehydic"], ["fresh carbaldehyde", "aldehydic"], ["freshal", "aldehydic"], ["methyl undecanal (aldehyde C-12 mna)", "aldehydic"], ["octanal (aldehyde C-8)", "aldehydic"], ["octane nitrile", "aldehydic"], ["valeraldehyde", "aldehydic"], ["amyl benzoate", "balsamic"], ["guaiyl acetate", "balsamic"], ["linalyl cinnamate", "balsamic"], ["butyl butyryl lactate", "buttery"], ["maltyl isobutyrate", "caramellic"], ["decenal", "citrus"], ["heptanol", "citrus"], ["methyl heptenone", "citrus"], ["tetradecenal", "citrus"], ["tetradecenal", "citrus"], ["nonalactone (aldehyde C-18 (so-called))", "coconut"], ["undecalactone", "coconut"], ["butyrolactone", "creamy"], ["methyl butyl phenyl acetate", "dairy"], ["octen-3-ol", "earthy"], ["decyl propionate", "ethereal"], ["methyl valeraldehyde", "ethereal"], ["allyl decanoate", "fatty"], ["allyl octanoate", "fatty"], ["butyl undecylenate", "fatty"], ["coconut absolute", "fatty"], ["dairy lactone", "fatty"], ["decalactone", "fatty"], ["decalactone", "fatty"], ["decen-2-one", "fatty"], ["decenal", "fatty"], ["dodecadienal", "fatty"], ["dodecyl butyrate", "fatty"], ["ethyl undecylenate", "fatty"], ["hexyl pivalate", "fatty"], ["juniper lactone", "fatty"], ["methyl (E)-2-hexenoate", "fatty"], ["methyl 2-hexenoate", "fatty"], ["methyl octanoic acid", "fatty"], ["methyl-5-hepten-2-one propylene glycol acetal", "fatty"], ["nonenal", "fatty"], ["nonenal", "fatty"], ["octenal", "fatty"], ["octenal", "fatty"], ["amyl benzoate", "floral"], ["citronellyl propionate", "floral"], ["cresyl laurate", "floral"], ["currant bud concrete", "floral"], ["cyclamen aldehyde", "floral"], ["dimethyl octanol", "floral"], ["gelsone (IFF)", "floral"], ["geranyl acetone", "floral"], ["geranyl hexanoate", "floral"], ["geranyl propionate", "floral"], ["hexyl 2-furoate", "floral"], ["hydroxycitronellal dimethyl acetal", "floral"], ["jasmin absolute (from pommade)", "floral"], ["jasmin absolute egypt (from concrete)", "floral"], ["jasmin pyranone", "floral"], ["methyl citronellate", "floral"], ["octyl acetate", "floral"], ["phenethyl acetate", "floral"], ["rose butanoate", "floral"], ["styralyl propionate", "floral"], ["undecen-1-yl acetate", "fresh"], ["allyl 10-undecenoate", "fruity"], ["allyl amyl glycolate", "fruity"], ["allyl butyrate", "fruity"], ["allyl cyclohexyl butyrate", "fruity"], ["allyl heptanoate", "fruity"], ["amyl butyrate", "fruity"], ["amyl isobutyrate", "fruity"], ["amyl isovalerate", "fruity"], ["amyl octanoate", "fruity"], ["benzyl butyrate", "fruity"], ["butyl isobutyrate", "fruity"], ["butyl propionate", "fruity"], ["cherry pentenoate", "fruity"], ["cyclopentyl cyclopentanone", "fruity"], ["decyl butyrate", "fruity"], ["diethyl malonate", "fruity"], ["dimethyl succinate", "fruity"], ["dodecalactone", "fruity"], ["ethyl 2-cyclohexyl propionate", "fruity"], ["ethyl 2-octenoate", "fruity"], ["ethyl 3-acetoxyhexanoate", "fruity"], ["ethyl 3,5,5-trimethyl hexanoate", "fruity"], ["ethyl 5-hydroxyoctanoate", "fruity"], ["ethyl acetoacetate", "fruity"], ["ethyl hexanoate", "fruity"], ["heptanal cyclic ethylene acetal", "fruity"], ["hexanone", "fruity"], ["hexen-1-ol", "fruity"], ["hexen-1-yl 2-methyl-2-pentenoate", "fruity"], ["hexen-1-yl acetate", "fruity"], ["hexen-1-yl isobutyrate", "fruity"], ["hexyl (E)-tiglate", "fruity"], ["hexyl acetate", "fruity"], ["methyl (E,Z)-2,4-decadienoate", "fruity"], ["methyl 2-methyl butyrate", "fruity"], ["methyl 3-nonenoate", "fruity"], ["methyl butyl 2-methyl butyrate", "fruity"], ["methyl heptanoate", "fruity"], ["nerolidyl isobutyrate", "fruity"], ["nonen-1-yl acetate", "fruity"], ["octen-1-yl cyclopentanone", "fruity"], ["octyl butyrate", "fruity"], ["octyl heptanoate", "fruity"], ["pentyl furan", "fruity"], ["pineapple pentenoate", "fruity"], ["prenol", "fruity"], ["prenyl ethyl ether", "fruity"], ["prenyl hexanoate", "fruity"], ["propyl 2-methyl butyrate", "fruity"], ["propyl hexanoate", "fruity"], ["propyl isobutyrate", "fruity"], ["rhubarb undecane", "fruity"], ["tetrahydrofurfuryl butyrate", "fruity"], ["tropical indene", "fruity"], ["tropical thiazole", "fruity"], ["undecanone", "fruity"], ["undecenal", "fruity"], ["amyl formate", "green"], ["cilantro leaf oil", "green"], ["decalactone", "green"], ["ethyl (E,Z)-2,4-decadienoate", "green"], ["ethyl (E)-2-decenoate", "green"], ["ethyl (E)-4-decenoate", "green"], ["green note propionate", "green"], ["heptanal (aldehyde C-7)", "green"], ["heptanal dimethyl acetal", "green"], ["heptenal", "green"], ["heptyl formate", "green"], ["heptyl furan", "green"], ["hexanal (aldehyde C-6)", "green"], ["hexen-1-yl acetate", "green"], ["hexen-1-yl formate", "green"], ["hexen-1-yl hexanoate", "green"], ["hexen-1-yl hexanoate", "green"], ["hexen-1-yl lactate", "green"], ["hexen-1-yl propionate", "green"], ["hexenal", "green"], ["hexyl 2-methyl butyrate", "green"], ["hexyl cinnamaldehyde dimethyl acetal", "green"], ["hexyl octanoate", "green"], ["hexyl phenyl acetate", "green"], ["manzanate (Givaudan)", "green"], ["marigold pot absolute", "green"], ["nonadien-1-ol", "green"], ["nonadien-1-yl acetate", "green"], ["nonadien-1-yl acetate", "green"], ["nonen-1-ol", "green"], ["nonen-1-ol", "green"], ["nonene nitrile", "green"], ["octen-1-yl acetate", "green"], ["phenoxyethyl isobutyrate", "green"], ["propylene acetal", "green"], ["terpinyl propionate", "green"], ["violet dienyne", "green"], ["benzyl octanoate", "herbal"], ["butyl levulinate", "herbal"], ["dodecenal", "herbal"], ["jambu oleoresin", "herbal"], ["octyl acetate", "herbal"], ["pentyl acetate", "herbal"], ["viridiflorol", "herbal"], ["nonen-1-ol", "melon"], ["butyl 1-(3-methoxy-2-propen-1-yl) benzene", "muguet"], ["ethyl 1-(3-methoxy-2-propen-1-yl) benzene", "muguet"], ["methyl 1-(3-methoxy-2-propen-1-yl) benzene", "muguet"], ["propyl 1-(3-methoxy-2-propen-1-yl) benzene", "muguet"], ["ambrettolide", "musk"], ["ethyl undecanoate", "soapy"], ["methyl anthranilate / hexyl cinnamaldehyde schiff's base", "soapy"], ["cumin seed absolute", "spicy"], ["myrcene", "spicy"], ["buchu mercaptan", "sulfurous"], ["cassis pentanone", "sulfurous"], ["lychee mercaptan acetate", "sulfurous"], ["mango thiol", "sulfurous"], ["methoxy-2-methyl butane thiol", "sulfurous"], ["methyl S-1-methoxyhexan-3-yl carbonothioate", "sulfurous"], ["passiflora acetate", "sulfurous"], ["cyclocitral", "tropical"], ["galbanum oxathiane", "tropical"], ["passiflora edulis fruit extract", "tropical"], ["psidium guajava fruit extract", "tropical"], ["tropical oxathiane", "tropical"], ["furfuryl pyrrole", "vegetable"], ["allyl nonanoate", "waxy"], ["amyl decanoate", "waxy"], ["amyl laurate", "waxy"], ["decanal diethyl acetal", "waxy"], ["decanone", "waxy"], ["decen-1-ol", "waxy"], ["decen-1-yl acetate", "waxy"], ["decenoic acid", "waxy"], ["dihydrocitronellyl acetate", "waxy"], ["dodecanol", "waxy"], ["ethyl decanoate", "waxy"], ["ethyl nonanoate", "waxy"], ["ethyl palmitate", "waxy"], ["methyl geranate", "waxy"], ["methyl heptanoic acid", "waxy"], ["methyl octanoate", "waxy"], ["methyl undecanoate", "waxy"], ["myristic acid", "waxy"], ["nonadien-1-ol", "waxy"], ["nonanoic acid", "waxy"], ["nonanol", "waxy"], ["nonen-1-ol", "waxy"], ["nonyl acetate", "waxy"], ["octanol", "waxy"], ["octen-1-yl butyrate", "waxy"], ["octyl 2-methyl butyrate", "waxy"], ["octyl isobutyrate", "waxy"], ["phenethyl octanoate", "waxy"], ["phytyl acetate", "waxy"], ["propyl decanoate", "waxy"], ["tridecen-1-yl acetate", "waxy"], ["hexanol", "winey"], ["farnesene", "woody"], ["farnesene isomer", "woody"], ["verdoxan", "woody"], ["allyl 10-undecenoate", "No flavor group found for these"], ["allyl cyclohexyl butyrate", "No flavor group found for these"], ["amyl benzoate", "No flavor group found for these"], ["benzyl octanoate", "No flavor group found for these"], ["butyl undecylenate", "No flavor group found for these"], ["cocos nucifera water", "No flavor group found for these"], ["cyclohexyl methyl pyrazine", "No flavor group found for these"], ["cyclopentyl cyclopentanone", "No flavor group found for these"], ["decalactone", "No flavor group found for these"], ["decalactone", "No flavor group found for these"], ["decalactone", "No flavor group found for these"], ["decanone", "No flavor group found for these"], ["decen-1-ol", "No flavor group found for these"], ["decen-1-yl acetate", "No flavor group found for these"], ["decen-2-one", "No flavor group found for these"], ["decyl propionate", "No flavor group found for these"], ["dihydrocitronellyl acetate", "No flavor group found for these"], ["dodecalactone", "No flavor group found for these"], ["dodecyl butyrate", "No flavor group found for these"], ["epoxyoctanal", "No flavor group found for these"], ["ethyl 3-acetoxyhexanoate", "No flavor group found for these"], ["ethyl 5-hydroxyoctanoate", "No flavor group found for these"], ["furfuryl hexanoate", "No flavor group found for these"], ["guaiyl acetate", "No flavor group found for these"], ["heptadien-1-ol", "No flavor group found for these"], ["hexanal butane-2,3-diol acetal", "No flavor group found for these"], ["hexanol", "No flavor group found for these"], ["hexenal", "No flavor group found for these"], ["hexenal diethyl acetal", "No flavor group found for these"], ["hexyl (E)-2-hexenoate", "No flavor group found for these"], ["methyl (E,Z)-2,4-decadienoate", "No flavor group found for these"], ["methyl (E)-2-hexenoate", "No flavor group found for these"], ["methyl 2-hexenoate", "No flavor group found for these"], ["methyl geranate", "No flavor group found for these"], ["methyl octanal", "No flavor group found for these"], ["methyl pentyl 4-methyl valerate", "No flavor group found for these"], ["methyl-2-octenal", "No flavor group found for these"], ["methyl-2-octenal", "No flavor group found for these"], ["methyl-2-pentenoic acid", "No flavor group found for these"], ["methyl-3-pentanol", "No flavor group found for these"], ["methyl-5-hepten-2-one propylene glycol acetal", "No flavor group found for these"], ["octadien-2-one", "No flavor group found for these"], ["octadien-2-one", "No flavor group found for these"], ["octen-1-yl butyrate", "No flavor group found for these"], ["octen-3-ol", "No flavor group found for these"], ["octenal", "No flavor group found for these"], ["octyl heptanoate", "No flavor group found for these"], ["oenanthic ether", "No flavor group found for these"], ["prenyl ethyl ether", "No flavor group found for these"], ["prenyl hexanoate", "No flavor group found for these"], ["propyl decanoate", "No flavor group found for these"], ["propyl pyridine", "No flavor group found for these"], ["propyl pyridine", "No flavor group found for these"], ["propylene acetal", "No flavor group found for these"], ["tetradecenal", "No flavor group found for these"], ["tridecen-1-yl acetate", "No flavor group found for these"], ["viridiflorol", "No flavor group found for these"], ["methyl thio) heptanal", ""], ["ethyl butyric acid", "acidic"], ["hexenoic acid", "acidic"], ["octanal (aldehyde C-8)", "aldehydic"], ["tropical thiazole", "alliaceous"], ["glyceryl tributyrate", "bitter"], ["cilantro leaf oil", "citrus"], ["styralyl propionate", "citrus"], ["butyraldehyde", "cocoa"], ["massoia lactone", "coconut"], ["nonalactone (aldehyde C-18 (so-called))", "coconut"], ["jambu oleoresin", "cooling"], ["manzanate (Givaudan)", "cooling"], ["butyl butyryl lactate", "creamy"], ["jasmin pyranone", "creamy"], ["octyl isobutyrate", "creamy"], ["undecalactone", "creamy"], ["methyl butyl phenyl acetate", "dairy"], ["pentyl acetate", "dairy"], ["ethyl acetoacetate", "estery"], ["hexen-3-one", "ethereal"], ["allyl octanoate", "fatty"], ["amyl laurate", "fatty"], ["coconut absolute", "fatty"], ["dairy lactone", "fatty"], ["decadienal", "fatty"], ["dimethyl octanol", "fatty"], ["dodecadienal", "fatty"], ["dodecenal", "fatty"], ["ethyl (E)-4-decenoate", "fatty"], ["ethyl undecylenate", "fatty"], ["heptadienal", "fatty"], ["heptyl formate", "fatty"], ["heptyl furan", "fatty"], ["juniper lactone", "fatty"], ["methyl octanoic acid", "fatty"], ["nonadien-1-ol", "fatty"], ["nonadienal", "fatty"], ["nonanoic acid", "fatty"], ["nonen-1-ol", "fatty"], ["nonenal", "fatty"], ["octenal", "fatty"], ["pentyl thiophene", "fatty"], ["undecadienal", "fatty"], ["undecadienal", "fatty"], ["citronellyl propionate", "floral"], ["geranyl acetone", "floral"], ["jasmin absolute (from pommade)", "floral"], ["jasmin absolute egypt (from concrete)", "floral"], ["methyl citronellate", "floral"], ["allyl decanoate", "fruity"], ["allyl heptanoate", "fruity"], ["amyl benzoate", "fruity"], ["amyl isobutyrate", "fruity"], ["amyl octanoate", "fruity"], ["benzyl butyrate", "fruity"], ["butyl isobutyrate", "fruity"], ["butyl propionate", "fruity"], ["cherry pentenoate", "fruity"], ["currant bud concrete", "fruity"], ["decyl butyrate", "fruity"], ["diethyl malonate", "fruity"], ["dimethyl succinate", "fruity"], ["ethyl (E)-2-decenoate", "fruity"], ["ethyl (E)-2-octenoate", "fruity"], ["ethyl 2-octenoate", "fruity"], ["ethyl hexanoate", "fruity"], ["fruit flavor", "fruity"], ["furfuryl propionate", "fruity"], ["geranyl hexanoate", "fruity"], ["heptanol", "fruity"], ["hexadien-1-ol", "fruity"], ["hexanone", "fruity"], ["hexen-1-ol", "fruity"], ["hexen-1-yl acetate", "fruity"], ["hexen-1-yl isobutyrate", "fruity"], ["hexyl acetate", "fruity"], ["hexyl phenyl acetate", "fruity"], ["kiwi flavor", "fruity"], ["linalyl cinnamate", "fruity"], ["lychee flavor", "fruity"], ["mercapto-4-heptanol", "fruity"], ["mercaptohexyl hexanoate", "fruity"], ["methyl (E)-3-nonenoate", "fruity"], ["methyl 2-methyl butyrate", "fruity"], ["methyl 3-nonenoate", "fruity"], ["methyl butyl 2-methyl butyrate", "fruity"], ["methyl heptanoate", "fruity"], ["octen-1-yl cyclopentanone", "fruity"], ["papaya guava flavor", "fruity"], ["passion fruit distillates", "fruity"], ["phenethyl octanoate", "fruity"], ["pineapple pentenoate", "fruity"], ["prenol", "fruity"], ["propyl 2-methyl butyrate", "fruity"], ["propyl hexanoate", "fruity"], ["propyl isobutyrate", "fruity"], ["rose butanoate", "fruity"], ["tetrahydrofurfuryl butyrate", "fruity"], ["valeraldehyde", "fruity"], ["undecen-1-yl acetate", "greasy"], ["allyl butyrate", "green"], ["amyl formate", "green"], ["amyl isovalerate", "green"], ["cassis pentanone", "green"], ["cyclamen aldehyde", "green"], ["decen-2-one", "green"], ["decenal", "green"], ["dihydroxyacetophenone (mixed isomers)", "green"], ["dodecadienal", "green"], ["ethyl (E,Z)-2,4-decadienoate", "green"], ["farnesene", "green"], ["farnesene isomer", "green"], ["galbanum oxathiane", "green"], ["gelsone (IFF)", "green"], ["green note propionate", "green"], ["heptanal (aldehyde C-7)", "green"], ["heptanal dimethyl acetal", "green"], ["heptenal", "green"], ["heptenal", "green"], ["hexadienal", "green"], ["hexanal (aldehyde C-6)", "green"], ["hexen-1-yl acetate", "green"], ["hexen-1-yl hexanoate", "green"], ["hexen-1-yl hexanoate", "green"], ["hexen-1-yl lactate", "green"], ["hexen-1-yl propionate", "green"], ["hexenal", "green"], ["hexenal diethyl acetal", "green"], ["hexenoic acid", "green"], ["hexyl (E)-tiglate", "green"], ["hexyl 2-furoate", "green"], ["hexyl 2-methyl butyrate", "green"], ["hexyl octanoate", "green"], ["hexyl pyridine", "green"], ["marigold pot absolute", "green"], ["methyl 2-undecynoate", "green"], ["methyl heptenone", "green"], ["methyl octanoate", "green"], ["methyl-2-furyl) butanal", "green"], ["nonadien-1-ol", "green"], ["nonadien-1-yl acetate", "green"], ["nonadien-1-yl acetate", "green"], ["nonen-1-ol", "green"], ["nonenal", "green"], ["octadienal", "green"], ["octadienal", "green"], ["octen-1-yl acetate", "green"], ["octyl acetate", "green"], ["pentyl furan", "green"], ["phenoxyethyl isobutyrate", "green"], ["terpinyl propionate", "green"], ["butyl levulinate", "herbal"], ["phenethyl acetate", "honey"], ["maltyl isobutyrate", "jammy"], ["lychee mercaptan acetate", "juicy"], ["butyrolactone", "milky"], ["ambrettolide", "musk"], ["phytyl acetate", "nutty"], ["methyl S-1-methoxyhexan-3-yl carbonothioate", "roasted"], ["hexen-1-yl formate", "rummy"], ["dodecanal (aldehyde C-12 lauric)", "soapy"], ["dodecanol", "soapy"], ["cumin seed absolute", "spicy"], ["buchu mercaptan", "sulfurous"], ["mango thiol", "sulfurous"], ["methoxy-2-methyl butane thiol", "sulfurous"], ["methyl 2-(methyl thio) butyrate", "sulfurous"], ["methyl thiomethyl butyrate", "sulfurous"], ["cyclocitral", "tropical"], ["mercaptohexyl butyrate", "tropical"], ["passiflora acetate", "tropical"], ["passiflora edulis fruit extract", "tropical"], ["psidium guajava fruit", "tropical"], ["psidium guajava fruit extract", "tropical"], ["tropical oxathiane", "tropical"], ["furfuryl pyrrole", "vegetable"], ["methyl valeraldehyde", "vegetable"], ["allyl nonanoate", "waxy"], ["amyl butyrate", "waxy"], ["amyl decanoate", "waxy"], ["cresyl laurate", "waxy"], ["decanal (aldehyde C-10)", "waxy"], ["decanal diethyl acetal", "waxy"], ["decenal", "waxy"], ["decenoic acid", "waxy"], ["ethyl decanoate", "waxy"], ["ethyl nonanoate", "waxy"], ["ethyl palmitate", "waxy"], ["ethyl undecanoate", "waxy"], ["geranyl propionate", "waxy"], ["hydroxycitronellal dimethyl acetal", "waxy"], ["methyl heptanoic acid", "waxy"], ["methyl undecanal (aldehyde C-12 mna)", "waxy"], ["myristic acid", "waxy"], ["nonanol", "waxy"], ["nonen-1-ol", "waxy"], ["nonen-1-ol", "waxy"], ["nonen-1-yl acetate", "waxy"], ["nonyl acetate", "waxy"], ["octanol", "waxy"], ["octyl 2-furoate", "waxy"], ["octyl 2-methyl butyrate", "waxy"], ["octyl acetate", "waxy"], ["octyl butyrate", "waxy"], ["tetradecenal", "waxy"], ["undecanone", "waxy"], ["undecenal", "waxy"]]}