{"name": "heptanal cyclic propylene acetal", "cas": "4351-10-4", "smiles": "CCCCCCC1OCC(O1)C", "notes": ["green", "fatty"], "blenders": [["dodecanal (aldehyde C-12 lauric)", "aldehydic"], ["fresh carbaldehyde", "aldehydic"], ["undecanal", "aldehydic"], ["guaiyl acetate", "balsamic"], ["decen-2-one", "fatty"], ["methyl 2-hexenoate", "fatty"], ["nonenal", "fatty"], ["octenal", "fatty"], ["octenal", "fatty"], ["ethyl hexanoate", "fruity"], ["methyl 2-methyl butyrate", "fruity"], ["octen-1-yl cyclopentanone", "fruity"], ["dodecanal dimethyl acetal", "green"], ["heptanone", "green"], ["heptenal", "green"], ["heptenal", "green"], ["heptyl furan", "green"], ["hexanal (aldehyde C-6)", "green"], ["hexyl cinnamaldehyde dimethyl acetal", "green"], ["nonadien-1-ol", "green"], ["nonadienal", "green"], ["octen-1-yl acetate", "green"], ["nonadien-1-ol", "waxy"], ["epoxy-2-decenal", "No flavor group found for these"], ["furfuryl hexanoate", "No flavor group found for these"], ["guaiyl acetate", "No flavor group found for these"], ["heptenal", "No flavor group found for these"], ["hexanal butane-2,3-diol acetal", "No flavor group found for these"], ["hexanal octane-1,3-diol acetal", "No flavor group found for these"], ["hexyl (E)-2-hexenoate", "No flavor group found for these"], ["methyl 2-hexenoate", "No flavor group found for these"], ["octenal", "No flavor group found for these"], ["decadienal", "fatty"], ["heptadienal", "fatty"], ["heptyl furan", "fatty"], ["nonadien-1-ol", "fatty"], ["nonadienal", "fatty"], ["octenal", "fatty"], ["ethyl hexanoate", "fruity"], ["methyl 2-methyl butyrate", "fruity"], ["octen-1-yl cyclopentanone", "fruity"], ["decen-2-one", "green"], ["dihydroxyacetophenone (mixed isomers)", "green"], ["dodecanal dimethyl acetal", "green"], ["heptenal", "green"], ["hexanal (aldehyde C-6)", "green"], ["nonadien-1-ol", "green"], ["nonadienal", "green"], ["nonenal", "green"], ["octadienal", "green"], ["octen-1-yl acetate", "green"], ["heptanone", "ketonic"], ["dodecanal (aldehyde C-12 lauric)", "soapy"], ["undecanal", "waxy"]]}