{"name": "hexyl isothiocyanate", "cas": "4404-45-9", "smiles": "CCCCCCN=C=S", "notes": [], "blenders": [["furfuryl acetate", "fruity"], ["green dioxolane", "green"], ["hexen-1-yl tiglate", "green"], ["penten-3-ol", "green"], ["dimethyl sulfide", "sulfurous"], ["methyl 5-(methyl thio) furan", "sulfurous"], ["phenethyl isothiocyanate", "sulfurous"], ["methyl thiobutyl isothiocyanate", "No flavor group found for these"], ["methyl thiohexyl isothiocyanate", "No flavor group found for these"], ["methyl thiopentyl isothiocyanate", "No flavor group found for these"], ["pentenyl isothiocyanate", "No flavor group found for these"], ["phenethyl isothiocyanate", "No flavor group found for these"], ["benzyl mercaptan", "alliaceous"], ["cyclopentyl mercaptan", "alliaceous"], ["mercapto-2-pentanone", "alliaceous"], ["methyl phenyl disulfide", "burnt"], ["furfuryl acetate", "estery"], ["furyl acetone", "green"], ["hexen-1-yl tiglate", "green"], ["penten-3-ol", "green"], ["methyl 5-(methyl thio) furan", "musty"], ["methyl propyl disulfide", "onion"], ["allyl sulfide", "sulfurous"], ["dimethyl sulfide", "sulfurous"], ["furfuryl methyl sulfide", "sulfurous"], ["radish isothiocyanate", "vegetable"]]}