{"name": "isovaleric acid", "cas": "503-74-2", "smiles": "CC(C)CC(=O)O", "notes": ["sour", "sweaty", "cheesy", "tropical", "cheesy", "dairy", "acidic", "sour", "pungent", "fruity", "ripe", "fatty", "fruity"], "blenders": [["arnica montana flower extract", "No odor group found for these"], ["valeraldehyde diethyl acetal", ""], ["butyric acid", "acidic"], ["cyclohexyl acetic acid", "acidic"], ["ethyl butyric acid", "acidic"], ["methyl butyric acid", "acidic"], ["methyl-2-pentenoic acid", "acidic"], ["acetyl nonyryl", "aldehydic"], ["butyraldehyde", "aldehydic"], ["methyl (E)-2-octenoate", "animal"], ["terpinyl butyrate", "balsamic"], ["valerian rhizome absolute", "balsamic"], ["acetoin", "buttery"], ["acetyl butyryl", "buttery"], ["acetyl propionyl", "buttery"], ["butyl butyryl lactate", "buttery"], ["heptane dione", "buttery"], ["levulinic acid", "caramellic"], ["butyric acid", "cheesy"], ["heptanoic acid", "cheesy"], ["methyl hexanoic acid", "cheesy"], ["methyl thio) butyrate", "cheesy"], ["methyl valeric acid", "cheesy"], ["methyl-2-hexenoic acid", "cheesy"], ["valeric acid", "cheesy"], ["cocoa pentenal", "chocolate"], ["coconut decanone methyl", "coconut"], ["decalactone", "coconut"], ["octalactone", "coconut"], ["octalactone", "coconut"], ["decalactone", "coumarinic"], ["vanillic acid", "creamy"], ["octanol", "earthy"], ["diisopropyl adipate", "estery"], ["allyl propionate", "ethereal"], ["decyl propionate", "ethereal"], ["valeraldehyde propylene glycol acetal", "ethereal"], ["allyl cyclohexyl hexanoate", "fatty"], ["butyl undecylenate", "fatty"], ["coconut absolute", "fatty"], ["dairy lactone", "fatty"], ["decanoic acid", "fatty"], ["hexanoic acid", "fatty"], ["methyl octanoic acid", "fatty"], ["octanoic acid", "fatty"], ["octen-1-ol", "fatty"], ["tridecatrienal", "fatty"], ["amyl alcohol", "fermented"], ["dihydrojasmone lactone", "floral"], ["hexyl cinnamaldehyde", "floral"], ["hydroxycitronellal", "floral"], ["neryl isovalerate", "floral"], ["phenethyl hexanoate", "floral"], ["phenethyl isovalerate", "floral"], ["rose butanoate", "floral"], ["allyl cyclohexyl acetate", "fruity"], ["amyl valerate", "fruity"], ["amyl valerate", "fruity"], ["butyl-3-(methyl thio) butyrate", "fruity"], ["cherry essence", "fruity"], ["cherry fragrance", "fruity"], ["cherry pentenoate", "fruity"], ["cyclohexyl carboxylic acid", "fruity"], ["dihydroactinidolide", "fruity"], ["ethyl lactate", "fruity"], ["filbert hexenone", "fruity"], ["heptanone", "fruity"], ["hepten-1-yl acetate", "fruity"], ["hexyl isovalerate", "fruity"], ["methyl (Z)-5-octenoate", "fruity"], ["methyl 4-methyl valerate", "fruity"], ["methyl butyl acetate", "fruity"], ["methyl butyl isovalerate", "fruity"], ["methyl valerate", "fruity"], ["octyl heptanoate", "fruity"], ["passiflora lauriflora fruit extract", "fruity"], ["pentanone", "fruity"], ["pineapple hydroxyhexanoate", "fruity"], ["prenyl hexanoate", "fruity"], ["propyl butyrate", "fruity"], ["propyl heptanoate", "fruity"], ["propyl isobutyrate", "fruity"], ["prune specialty", "fruity"], ["sorbyl butyrate", "fruity"], ["sorbyl butyrate", "fruity"], ["undecalactone (aldehyde C-14 (so-called))", "fruity"], ["decen-3-ol", "fungal"], ["amyl 3-(2-furan) propionate", "green"], ["butyl lactate", "green"], ["butyl methyl ketone", "green"], ["heptanone", "green"], ["heptenal diethyl acetal", "green"], ["heptyl acetate", "green"], ["hexanal (aldehyde C-6)", "green"], ["hexen-1-yl butyrate", "green"], ["hexenal", "green"], ["hexenol", "green"], ["pentenal", "green"], ["amyl heptanoate", "herbal"], ["benzyl octanoate", "herbal"], ["heptanol", "herbal"], ["perillaldehyde", "herbal"], ["phenoxyacetic acid", "honey"], ["phenyl acetic acid", "honey"], ["methyl nonanoic acid", "meaty"], ["piperitone", "minty"], ["filbert heptenone", "nutty"], ["nutty quinoxaline", "nutty"], ["petal pyranone", "oily"], ["cresyl acetate", "phenolic"], ["clove bud concrete", "spicy"], ["cumin seed oil", "spicy"], ["tetrahydrocuminic acid", "spicy"], ["ethyl 3-mercaptobutyrate", "sulfurous"], ["ethyl methyl mercaptopropionate", "sulfurous"], ["cistus cyclohexanone", "thujonic"], ["passiflora edulis fruit extract", "tropical"], ["passiflora edulis fruit water", "tropical"], ["butyl laurate", "waxy"], ["decenoic acid", "waxy"], ["decenoic acid", "waxy"], ["ethyl laurate", "waxy"], ["ethyl myristate", "waxy"], ["ethyl octanoate", "waxy"], ["ethyl palmitate", "waxy"], ["methyl heptanoic acid", "waxy"], ["nonanoic acid", "waxy"], ["nonanol", "waxy"], ["tetradecalactone", "waxy"], ["tridecanone", "waxy"], ["undecanoic acid", "waxy"], ["undecanol", "waxy"], ["terpineol", "woody"], ["tetrahydronootkatone", "woody"], ["allyl alcohol", "No flavor group found for these"], ["allyl cyclohexyl hexanoate", "No flavor group found for these"], ["amyl valerate", "No flavor group found for these"], ["arnica montana flower extract", "No flavor group found for these"], ["benzyl octanoate", "No flavor group found for these"], ["butyl isothiocyanate", "No flavor group found for these"], ["butyl undecylenate", "No flavor group found for these"], ["butyl-3-(methyl thio) butyrate", "No flavor group found for these"], ["cistus cyclohexanone", "No flavor group found for these"], ["decyl propionate", "No flavor group found for these"], ["dithiahexane", "No flavor group found for these"], ["ethyl 2-acetyl aminoethane thioate", "No flavor group found for these"], ["ethyl 3-mercaptobutyrate", "No flavor group found for these"], ["ethyl cyclohexyl carboxylate", "No flavor group found for these"], ["ethyl isothiocyanate", "No flavor group found for these"], ["heptadien-1-ol", "No flavor group found for these"], ["heptanol", "No flavor group found for these"], ["hepten-1-yl acetate", "No flavor group found for these"], ["hexenoic acid", "No flavor group found for these"], ["hexyl acetate", "No flavor group found for these"], ["hydroxypyruvic acid", "No flavor group found for these"], ["mercapto-3-methyl butyl formate", "No flavor group found for these"], ["mesityl oxide", "No flavor group found for these"], ["methyl crotonic acid", "No flavor group found for these"], ["methyl hexanoic acid", "No flavor group found for these"], ["methyl methane thiosulfonate", "No flavor group found for these"], ["methyl thiopropionate", "No flavor group found for these"], ["methyl valeric acid", "No flavor group found for these"], ["methyl-2-cyclopenten-1-one", "No flavor group found for these"], ["nonen-3-one", "No flavor group found for these"], ["octyl heptanoate", "No flavor group found for these"], ["pentenal", "No flavor group found for these"], ["phenoxyacetic acid", "No flavor group found for these"], ["prenyl hexanoate", "No flavor group found for these"], ["prune specialty", "No flavor group found for these"], ["sorbyl butyrate", "No flavor group found for these"], ["terpineol", "No flavor group found for these"], ["tetrahydrocuminic acid", "No flavor group found for these"], ["tetrahydronootkatone", "No flavor group found for these"], ["thiamine hydrochloride", "No flavor group found for these"], ["valeraldehyde diethyl acetal", "No flavor group found for these"], ["valeraldehyde diethyl acetal", "No flavor group found for these"], ["amyl 3-(2-furan) propionate", ""], ["mercapto-2-pentanone 1% in acetoin", ""], ["methyl thio) methyl thiophene", ""], ["butyric acid", "acidic"], ["ethyl butyric acid", "acidic"], ["levulinic acid", "acidic"], ["propionic acid", "acidic"], ["valeric acid", "acidic"], ["acetyl nonyryl", "aldehydic"], ["butyraldehyde", "aldehydic"], ["undecanol", "aldehydic"], ["allyl propionate", "alliaceous"], ["truffle sulfide", "alliaceous"], ["prunus spinosa extract", "berry"], ["tridecatrienal", "bitter"], ["heptane dione", "buttery"], ["methyl valeric acid", "buttery"], ["pentenoic acid", "buttery"], ["creme brulee flavor", "caramellic"], ["pyruvaldehyde", "caramellic"], ["pyruvic acid", "caramellic"], ["dimethyl-2-pentenoic acid", "cheesy"], ["hexanoic acid", "cheesy"], ["decalactone", "coconut"], ["octalactone", "coconut"], ["acetoin", "creamy"], ["acetoin butyrate", "creamy"], ["acetyl butyryl", "creamy"], ["butyl butyryl lactate", "creamy"], ["cheese flavor", "creamy"], ["custard flavor", "creamy"], ["decenoic acid", "creamy"], ["methyl-4-pentenoic acid", "creamy"], ["undecalactone (aldehyde C-14 (so-called))", "creamy"], ["vanillic acid", "creamy"], ["methyl (Z)-5-octenoate", "dairy"], ["pentenoic acid", "dairy"], ["decen-3-ol", "earthy"], ["coconut absolute", "fatty"], ["dairy lactone", "fatty"], ["dimethyl sulfoxide", "fatty"], ["methyl nonanoic acid", "fatty"], ["methyl octanoic acid", "fatty"], ["nonanoic acid", "fatty"], ["octen-1-ol", "fatty"], ["octenoic acid", "fatty"], ["tridecanone", "fatty"], ["methyl thio isovalerate", "fermented"], ["trimethyl amine", "fishy"], ["cocoa pentenal", "floral"], ["phenyl acetic acid", "floral"], ["terpinyl butyrate", "floral"], ["allyl cyclohexyl acetate", "fruity"], ["amyl valerate", "fruity"], ["blueberry cheesecake flavor", "fruity"], ["cherry essence", "fruity"], ["cherry pentenoate", "fruity"], ["cyclohexyl carboxylic acid", "fruity"], ["dihydroactinidolide", "fruity"], ["ethyl 3-oxohexanoate", "fruity"], ["ethyl lactate", "fruity"], ["filbert hexenone", "fruity"], ["furfuryl isovalerate", "fruity"], ["furfuryl valerate", "fruity"], ["heptanone", "fruity"], ["methyl (E)-2-octenoate", "fruity"], ["methyl 4-methyl valerate", "fruity"], ["methyl butyl acetate", "fruity"], ["methyl butyl isovalerate", "fruity"], ["methyl butyric acid", "fruity"], ["methyl valerate", "fruity"], ["neryl isovalerate", "fruity"], ["pentanone", "fruity"], ["phenethyl isovalerate", "fruity"], ["pineapple hydroxyhexanoate", "fruity"], ["propyl butyrate", "fruity"], ["propyl isobutyrate", "fruity"], ["rose butanoate", "fruity"], ["sorbyl butyrate", "fruity"], ["tamarindus indica extract", "fruity"], ["valeraldehyde propylene glycol acetal", "fruity"], ["valerian rhizome absolute", "fruity"], ["amyl alcohol", "fusel"], ["butyl lactate", "green"], ["butyl methyl ketone", "green"], ["heptanal 2,3-butane diol acetal", "green"], ["heptenal diethyl acetal", "green"], ["heptyl acetate", "green"], ["hexanal (aldehyde C-6)", "green"], ["hexen-1-yl butyrate", "green"], ["hexenal", "green"], ["hexyl isovalerate", "green"], ["methyl-2-furyl) butanal", "green"], ["amyl heptanoate", "herbal"], ["heptanone", "ketonic"], ["octalactone", "lactonic"], ["methyl 3-(methyl thio) furan", "meaty"], ["methyl tridecanal", "meaty"], ["hexenol", "metallic"], ["piperitone", "minty"], ["methional diethyl acetal", "mushroom"], ["methyl thio) butyrate", "musty"], ["octanol", "musty"], ["propionaldehyde", "musty"], ["filbert heptenone", "nutty"], ["nutty quinoxaline", "nutty"], ["methyl hexanoic acid", "oily"], ["petal pyranone", "oily"], ["cresyl acetate", "phenolic"], ["decanoic acid", "soapy"], ["octanoic acid", "soapy"], ["acetic acid", "sour"], ["butyric acid", "sour"], ["dimethyl-2-pentenoic acid", "sour"], ["methyl valeric acid", "sour"], ["methyl-2-pentenoic acid", "sour"], ["cumin seed oil", "spicy"], ["perillaldehyde", "spicy"], ["ethyl methyl mercaptopropionate", "sulfurous"], ["methyl 4-(methyl thio) butyrate", "sulfurous"], ["methyl thioacetate", "sulfurous"], ["onion oleoresin", "sulfurous"], ["acetone alcohol", "sweet"], ["cyclohexyl acetic acid", "sweet"], ["acetyl propionyl", "toasted"], ["passiflora edulis fruit extract", "tropical"], ["passiflora edulis fruit water", "tropical"], ["ice cream flavor", "vanilla"], ["butyl laurate", "waxy"], ["decalactone", "waxy"], ["decenoic acid", "waxy"], ["dihydrojasmone lactone", "waxy"], ["ethyl laurate", "waxy"], ["ethyl myristate", "waxy"], ["ethyl octanoate", "waxy"], ["ethyl palmitate", "waxy"], ["heptanoic acid", "waxy"], ["hexyl cinnamaldehyde", "waxy"], ["hydroxycitronellal", "waxy"], ["methyl heptanoic acid", "waxy"], ["nonanol", "waxy"], ["phenethyl hexanoate", "waxy"], ["propyl heptanoate", "waxy"], ["tetradecalactone", "waxy"], ["undecanoic acid", "waxy"]]}