{"name": "dextro,laevo-borneol", "cas": "507-70-0", "smiles": "O[C@H]1C[C@H]2CC[C@]1(C)C2(C)C", "notes": ["pine", "woody", "camphoreous", "balsamic"], "blenders": [["dodecanal (aldehyde C-12 lauric)", "aldehydic"], ["methyl undecanal (aldehyde C-12 mna)", "aldehydic"], ["ambrette seed oil", "amber"], ["angelica root oil", "amber"], ["cistus ladaniferus resinoid", "amber"], ["abies alba cone oil", "balsamic"], ["abies alba leaf extract", "balsamic"], ["abies alba needle oil", "balsamic"], ["amyris wood oil", "balsamic"], ["benzoin resinoid", "balsamic"], ["benzyl salicylate", "balsamic"], ["borneol", "balsamic"], ["borneol", "balsamic"], ["bornyl acetate", "balsamic"], ["bornyl acetate", "balsamic"], ["bornyl methyl ether", "balsamic"], ["fenchone", "balsamic"], ["fir balsam absolute", "balsamic"], ["fir balsam fragrance", "balsamic"], ["myrrh oil", "balsamic"], ["dimethyl-3-oxatricyclo(4.2.1.0*2,4*)nonane", "camphoreous"], ["fenchol", "camphoreous"], ["fenchone", "camphoreous"], ["fenchol", "earthy"], ["pine needle oil", "earthy"], ["pine needle oil estonia", "earthy"], ["pine needle oil yugoslavia", "earthy"], ["acetophenone", "floral"], ["amyl cinnamaldehyde", "floral"], ["bois de rose oil peru", "floral"], ["dimethyl benzyl carbinol", "floral"], ["hexyl cinnamaldehyde", "floral"], ["ho leaf oil", "floral"], ["lavender absolute replacer", "floral"], ["lavender oil", "floral"], ["lavender oil replacer", "floral"], ["allyl oxy-1,4-dimethyl bicyclo(3.2.1)octane", "fruity"], ["allyl-2,2,7,7-tetramethyl cycloheptanol", "herbal"], ["anthemis nobilis flower oil roman", "herbal"], ["daucus carota fruit oil", "herbal"], ["dimethyl cyclormol (IFF)", "herbal"], ["geranic oxide", "herbal"], ["herbal dioxane", "herbal"], ["herbal specialty", "herbal"], ["lavender absolute france", "herbal"], ["lavender fragrance", "herbal"], ["lavender specialty", "herbal"], ["methyl cyclogeranate (Firmenich)", "herbal"], ["myrtenol", "herbal"], ["nopyl acetate", "herbal"], ["origanum oil", "herbal"], ["origanum oil greece", "herbal"], ["pinene", "herbal"], ["pinocarveol", "herbal"], ["rosemary absolute", "herbal"], ["rosemary oil", "herbal"], ["rosemary oil africa", "herbal"], ["rosemary oil morocco", "herbal"], ["rosemary oil replacer", "herbal"], ["rosemary oil spain", "herbal"], ["rosemary oil tunisia", "herbal"], ["terpineols (unspec.) (mixed isomers)", "herbal"], ["methyl phenyl acetate", "honey"], ["peppermint cyclohexanone", "mentholic"], ["peppermint oil idaho", "minty"], ["veramoss (IFF)", "mossy"], ["cypress oil replacer", "pine"], ["evergreen fragrance", "pine"], ["pine bark oil", "pine"], ["anisyl alcohol", "powdery"], ["ayou wood oil", "spicy"], ["cassia bark oil china", "spicy"], ["clove bud oil", "spicy"], ["currant bud absolute", "spicy"], ["ginger fragrance", "spicy"], ["ginger root oil china", "spicy"], ["ginger root oil replacer", "spicy"], ["ginger specialty", "spicy"], ["outdoors specialty", "spicy"], ["pimenta acris leaf oil", "spicy"], ["sassafras oil", "spicy"], ["frankincense oil", "terpenic"], ["juniperus communis fruit oil", "terpenic"], ["pinene", "terpenic"], ["armoise oil", "thujonic"], ["cedarleaf oil terpeneless", "thujonic"], ["tonka bean absolute", "tonka"], ["vanillin", "vanilla"], ["ethyl laurate", "waxy"], ["butyl cyclohexanone", "woody"], ["cedarwood oil", "woody"], ["cedarwood oil port orford", "woody"], ["cistus twig/leaf oil", "woody"], ["dimethyl-3,7-nonadien-2-ol", "woody"], ["gurjun balsam oil", "woody"], ["hinoki root oil", "woody"], ["juniper berry oil terpenes", "woody"], ["menth-3-en-1-ol", "woody"], ["methyl cedryl ketone", "woody"], ["myoporum crassifolium wood oil", "woody"], ["myrtenyl formate", "woody"], ["nopyl aldehyde", "woody"], ["patchouli ethanone", "woody"], ["patchouli oil", "woody"], ["pinanol", "woody"], ["santall", "woody"], ["thuja occidentalis leaf oil", "woody"], ["woody acetate", "woody"], ["bornyl methyl ether", "No flavor group found for these"], ["cistus ladaniferus resinoid", "No flavor group found for these"], ["dimethyl-3,7-nonadien-2-ol", "No flavor group found for these"], ["menth-3-en-1-ol", "No flavor group found for these"], ["myrtenyl formate", "No flavor group found for these"], ["pine bark oil", "No flavor group found for these"], ["pine needle oil", "No flavor group found for these"], ["pine needle oil estonia", "No flavor group found for these"], ["pine needle oil yugoslavia", "No flavor group found for these"], ["pinene", "No flavor group found for these"], ["sassafras oil", "No flavor group found for these"], ["terpineols (unspec.) (mixed isomers)", "No flavor group found for these"], ["ambrette seed oil", "amber"], ["benzoin resinoid", "balsamic"], ["benzyl salicylate", "balsamic"], ["myrrh oil", "balsamic"], ["borneol", "camphoreous"], ["borneol", "camphoreous"], ["bornyl acetate", "camphoreous"], ["fenchol", "camphoreous"], ["fenchol", "camphoreous"], ["fenchone", "camphoreous"], ["geranic oxide", "camphoreous"], ["pinocarveol", "camphoreous"], ["rosemary oil tunisia", "camphoreous"], ["fenchone", "cooling"], ["menthol", "cooling"], ["bois de rose oil peru", "floral"], ["methyl phenyl acetate", "floral"], ["anisyl alcohol", "fruity"], ["angelica root oil", "green"], ["anthemis nobilis flower oil roman", "herbal"], ["daucus carota fruit oil", "herbal"], ["lavender absolute france", "herbal"], ["lavender oil", "herbal"], ["origanum oil", "herbal"], ["origanum oil greece", "herbal"], ["rosemary absolute", "herbal"], ["rosemary oil", "herbal"], ["rosemary oil africa", "herbal"], ["rosemary oil morocco", "herbal"], ["rosemary oil spain", "herbal"], ["dimethyl benzyl carbinol", "medicinal"], ["peppermint cyclohexanone", "mentholic"], ["myrtenol", "minty"], ["peppermint oil idaho", "minty"], ["acetophenone", "powdery"], ["dodecanal (aldehyde C-12 lauric)", "soapy"], ["cassia bark oil china", "spicy"], ["clove bud oil", "spicy"], ["currant bud absolute", "spicy"], ["ginger root oil china", "spicy"], ["pepper oleoresin", "spicy"], ["pimenta acris leaf oil", "spicy"], ["abies alba needle oil", "terpenic"], ["juniperus communis fruit oil", "terpenic"], ["menthatriene", "terpenic"], ["amyl cinnamaldehyde", "tropical"], ["vanillin", "vanilla"], ["ethyl laurate", "waxy"], ["hexyl cinnamaldehyde", "waxy"], ["methyl undecanal (aldehyde C-12 mna)", "waxy"], ["amyris wood oil", "woody"], ["bornyl acetate", "woody"], ["cistus twig/leaf oil", "woody"], ["frankincense oil", "woody"], ["methyl cedryl ketone", "woody"], ["patchouli oil", "woody"], ["pinene", "woody"], ["thuja occidentalis leaf oil", "woody"]]}