{"name": "(E)-2-hexen-1-yl hexanoate", "cas": "53398-86-0", "smiles": "CCCCCC(=O)OC/C=C/CCC", "notes": ["green", "natural", "cognac", "herbal", "waxy", "clean"], "blenders": [["ethyl (R)-2-methyl butyrate", "No odor group found for these"], ["tiglaldehyde", ""], ["tridecanal", "aldehydic"], ["tridecanal", "aldehydic"], ["undecenal mixture (aldehyde C-11 mixed)", "aldehydic"], ["cresyl isobutyrate", "animal"], ["amyl benzoate", "balsamic"], ["butyl octanoate", "buttery"], ["agrestic specialty", "citrus"], ["heptanol", "citrus"], ["undecyl acetate", "clean"], ["methyl valeraldehyde", "ethereal"], ["decen-2-one", "fatty"], ["hexyl pivalate", "fatty"], ["methyl (E)-2-hexenoate", "fatty"], ["methyl 2-hexenoate", "fatty"], ["methyl-1-pentanol", "fermented"], ["amyl cinnamaldehyde diethyl acetal", "floral"], ["boronia absolute", "floral"], ["citronellal", "floral"], ["citronellyl phenyl acetate", "floral"], ["citronellyl propionate", "floral"], ["damascone", "floral"], ["dimethyl-2-nonanol", "floral"], ["gelsone (IFF)", "floral"], ["geranyl acetone", "floral"], ["geranyl hexanoate", "floral"], ["hexyl cinnamaldehyde", "floral"], ["lily propanol", "floral"], ["neryl acetate", "floral"], ["octyl acetate", "floral"], ["papaya isobutyrate", "floral"], ["acetaldehyde dihexyl acetal", "fruity"], ["allyl amyl glycolate", "fruity"], ["allyl butyrate", "fruity"], ["allyl cyclohexyl propionate", "fruity"], ["amyl butyrate", "fruity"], ["amyl hexanoate", "fruity"], ["amyl isovalerate", "fruity"], ["amyl octanoate", "fruity"], ["apple ketal", "fruity"], ["berry pentadienoate", "fruity"], ["butyl 2-methyl butyrate", "fruity"], ["butyl isobutyrate", "fruity"], ["butyl propionate", "fruity"], ["cherry pentenoate", "fruity"], ["cyclopentyl cyclopentanone", "fruity"], ["diethyl malonate", "fruity"], ["dimethyl succinate", "fruity"], ["ethyl (Z)-4-heptenoate", "fruity"], ["ethyl 2-cyclohexyl propionate", "fruity"], ["ethyl 2-octenoate", "fruity"], ["ethyl 3-acetoxyhexanoate", "fruity"], ["ethyl 3,5,5-trimethyl hexanoate", "fruity"], ["ethyl acetoacetate", "fruity"], ["ethyl methyl-para-tolyl glycidate", "fruity"], ["geranyl isovalerate", "fruity"], ["heptanal cyclic ethylene acetal", "fruity"], ["heptyl isobutyrate", "fruity"], ["hexanal propylene glycol acetal", "fruity"], ["hexen-1-ol", "fruity"], ["hexen-1-yl 2-methyl-2-pentenoate", "fruity"], ["hexen-1-yl acetate", "fruity"], ["hexen-1-yl isobutyrate", "fruity"], ["hexyl (E)-tiglate", "fruity"], ["hexyl acetate", "fruity"], ["hexyl isovalerate", "fruity"], ["hexyl propionate", "fruity"], ["linalyl hexanoate", "fruity"], ["methyl 2-methyl butyrate", "fruity"], ["methyl 3-nonenoate", "fruity"], ["methyl butyl butyrate", "fruity"], ["methyl heptanoate", "fruity"], ["methyl valerate", "fruity"], ["nerolidyl isobutyrate", "fruity"], ["octen-1-yl cyclopentanone", "fruity"], ["pentyl furan", "fruity"], ["phenyl-2-butyl acetate", "fruity"], ["pineapple pentenoate", "fruity"], ["prenol", "fruity"], ["prenyl hexanoate", "fruity"], ["propyl 2-methyl butyrate", "fruity"], ["rhubarb undecane", "fruity"], ["tetrahydrofurfuryl butyrate", "fruity"], ["tropical indene", "fruity"], ["tropical thiazole", "fruity"], ["acetaldehyde benzyl 2-methoxyethyl acetal", "green"], ["acetaldehyde methyl hexyl acetal", "green"], ["amyl formate", "green"], ["cognac heptanone", "green"], ["decalactone", "green"], ["ethyl (E)-2-decenoate", "green"], ["ethyl (E)-2-hexenoate", "green"], ["ethyl (E)-4-decenoate", "green"], ["green dioxolane", "green"], ["green note propionate", "green"], ["heptanal (aldehyde C-7)", "green"], ["hexen-1-yl (E)-2-hexenoate", "green"], ["hexen-1-yl acetate", "green"], ["hexen-1-yl acetate", "green"], ["hexen-1-yl formate", "green"], ["hexen-1-yl hexanoate", "green"], ["hexen-1-yl isovalerate", "green"], ["hexen-1-yl octanoate", "green"], ["hexen-1-yl propionate", "green"], ["hexen-1-yl propionate", "green"], ["hexen-1-yl valerate", "green"], ["hexen-1-yl valerate", "green"], ["hexenyl acetate", "green"], ["hexyl butyrate", "green"], ["hexyl isobutyrate", "green"], ["hexyl octanoate", "green"], ["manzanate (Givaudan)", "green"], ["marigold pot absolute", "green"], ["nonadien-1-ol", "green"], ["pentenal", "green"], ["phenoxyethyl isobutyrate", "green"], ["propyl phenyl acetaldehyde", "green"], ["propylene acetal", "green"], ["sorbyl isobutyrate", "green"], ["thiogeraniol", "green"], ["violet dienyne", "green"], ["anthemis nobilis flower oil roman", "herbal"], ["chamomile oil replacer", "herbal"], ["elemene", "herbal"], ["tricyclodecyl acetate", "herbal"], ["ethylene dodecanoate", "musk"], ["methyl anthranilate / hexyl cinnamaldehyde schiff's base", "soapy"], ["bay oil replacer", "spicy"], ["bayberry fragrance", "spicy"], ["pimenta acris leaf oil", "spicy"], ["buchu mercaptan", "sulfurous"], ["cyclocitral", "tropical"], ["hexyl 2-methyl-3-pentenoate", "tropical"], ["amyl decanoate", "waxy"], ["decenoic acid", "waxy"], ["decyl acetate", "waxy"], ["dihydrocitronellyl acetate", "waxy"], ["geranyl oxyacetaldehyde", "waxy"], ["hexadecanol", "waxy"], ["methyl geranate", "waxy"], ["nonyl acetate", "waxy"], ["octyl 2-methyl butyrate", "waxy"], ["tridecen-1-ol", "waxy"], ["sandal cyclopentane", "woody"], ["verdoxan", "woody"], ["woody acetate", "woody"], ["acetaldehyde benzyl 2-methoxyethyl acetal", "No flavor group found for these"], ["allyl tiglate", "No flavor group found for these"], ["butyl octanoate", "No flavor group found for these"], ["cyclopentyl cyclopentanone", "No flavor group found for these"], ["decalactone", "No flavor group found for these"], ["dihydrocitronellyl acetate", "No flavor group found for these"], ["elemene", "No flavor group found for these"], ["ethyl (R)-2-methyl butyrate", "No flavor group found for these"], ["ethyl 3-acetoxyhexanoate", "No flavor group found for these"], ["heptadien-1-ol", "No flavor group found for these"], ["hexenal", "No flavor group found for these"], ["hexenal diethyl acetal", "No flavor group found for these"], ["hexenyl acetate", "No flavor group found for these"], ["hexyl (E)-2-hexenoate", "No flavor group found for these"], ["hexyl propionate", "No flavor group found for these"], ["linalyl hexanoate", "No flavor group found for these"], ["methyl (E)-2-hexenoate", "No flavor group found for these"], ["methyl 2-hexenoate", "No flavor group found for these"], ["methyl 4-pentenoate", "No flavor group found for these"], ["methyl geranate", "No flavor group found for these"], ["methyl-2-octenal", "No flavor group found for these"], ["methyl-2-octenal", "No flavor group found for these"], ["methyl-3-pentanol", "No flavor group found for these"], ["octadien-2-one", "No flavor group found for these"], ["phenyl-2-butyl acetate", "No flavor group found for these"], ["prenyl hexanoate", "No flavor group found for these"], ["propyl phenyl acetaldehyde", "No flavor group found for these"], ["propylene acetal", "No flavor group found for these"], ["tiglaldehyde", "No flavor group found for these"], ["undecenal mixture (aldehyde C-11 mixed)", "No flavor group found for these"], ["undecyl acetate", "No flavor group found for these"], ["sorbyl isobutyrate", ""], ["tropical thiazole", "alliaceous"], ["apple concentrate", "apple"], ["cresyl isobutyrate", "aromatic"], ["heptyl isobutyrate", "berry"], ["cognac heptanone", "citrus"], ["manzanate (Givaudan)", "cooling"], ["hexen-3-yl acetate", "earthy"], ["ethyl acetoacetate", "estery"], ["ethyl (E)-4-decenoate", "fatty"], ["citronellal", "floral"], ["citronellyl phenyl acetate", "floral"], ["citronellyl propionate", "floral"], ["geranyl acetone", "floral"], ["neryl acetate", "floral"], ["allyl cyclohexyl propionate", "fruity"], ["amyl benzoate", "fruity"], ["amyl hexanoate", "fruity"], ["amyl octanoate", "fruity"], ["apple flavor", "fruity"], ["apple ketal", "fruity"], ["berry pentadienoate", "fruity"], ["boronia absolute", "fruity"], ["butyl 2-methyl butyrate", "fruity"], ["butyl isobutyrate", "fruity"], ["butyl propionate", "fruity"], ["cherry pentenoate", "fruity"], ["cupuacu flavor", "fruity"], ["diethyl malonate", "fruity"], ["dimethyl succinate", "fruity"], ["ethyl (E)-2-decenoate", "fruity"], ["ethyl (E)-2-hexenoate", "fruity"], ["ethyl (E)-2-octenoate", "fruity"], ["ethyl (Z)-4-heptenoate", "fruity"], ["ethyl 2-octenoate", "fruity"], ["ethyl methyl-para-tolyl glycidate", "fruity"], ["furfuryl propionate", "fruity"], ["geranyl hexanoate", "fruity"], ["heptanol", "fruity"], ["hexanal propylene glycol acetal", "fruity"], ["hexen-1-ol", "fruity"], ["hexen-1-yl (E)-2-hexenoate", "fruity"], ["hexen-1-yl acetate", "fruity"], ["hexen-1-yl isobutyrate", "fruity"], ["hexyl 2-methyl-3-pentenoate", "fruity"], ["hexyl acetate", "fruity"], ["methyl (E)-3-nonenoate", "fruity"], ["methyl 2-methyl butyrate", "fruity"], ["methyl 3-nonenoate", "fruity"], ["methyl butyl butyrate", "fruity"], ["methyl heptanoate", "fruity"], ["methyl valerate", "fruity"], ["octen-1-yl cyclopentanone", "fruity"], ["pineapple pentenoate", "fruity"], ["prenol", "fruity"], ["propyl 2-methyl butyrate", "fruity"], ["tetrahydrofurfuryl butyrate", "fruity"], ["acetaldehyde dihexyl acetal", "green"], ["allyl butyrate", "green"], ["amyl formate", "green"], ["amyl isovalerate", "green"], ["decen-2-one", "green"], ["gelsone (IFF)", "green"], ["geranyl isovalerate", "green"], ["green note propionate", "green"], ["heptanal (aldehyde C-7)", "green"], ["hexen-1-yl acetate", "green"], ["hexen-1-yl acetate", "green"], ["hexen-1-yl hexanoate", "green"], ["hexen-1-yl isovalerate", "green"], ["hexen-1-yl octanoate", "green"], ["hexen-1-yl propionate", "green"], ["hexen-1-yl propionate", "green"], ["hexen-1-yl valerate", "green"], ["hexen-1-yl valerate", "green"], ["hexenal diethyl acetal", "green"], ["hexyl (E)-tiglate", "green"], ["hexyl butyrate", "green"], ["hexyl isobutyrate", "green"], ["hexyl isovalerate", "green"], ["hexyl octanoate", "green"], ["marigold pot absolute", "green"], ["methyl 2-undecynoate", "green"], ["nonadien-1-ol", "green"], ["papaya isobutyrate", "green"], ["pentenal", "green"], ["pentyl furan", "green"], ["phenoxyethyl isobutyrate", "green"], ["thiogeraniol", "green"], ["anthemis nobilis flower oil roman", "herbal"], ["hexen-1-yl formate", "rummy"], ["methyl valeric acid", "sour"], ["pimenta acris leaf oil", "spicy"], ["buchu mercaptan", "sulfurous"], ["cyclocitral", "tropical"], ["methyl valeraldehyde", "vegetable"], ["amyl butyrate", "waxy"], ["amyl decanoate", "waxy"], ["decenoic acid", "waxy"], ["decyl acetate", "waxy"], ["hexadecanol", "waxy"], ["hexyl cinnamaldehyde", "waxy"], ["nonyl acetate", "waxy"], ["octyl 2-methyl butyrate", "waxy"], ["octyl acetate", "waxy"], ["tridecanal", "waxy"], ["tridecen-1-ol", "waxy"], ["methyl-1-pentanol", "whiskey"]]}