{"name": "amyl butyrate", "cas": "540-18-1", "smiles": "CCCCCOC(=O)CCC", "notes": ["sweet", "fruity", "banana", "pineapple", "cherry", "tropical", "sweet", "fruity", "banana", "pineapple", "cherry", "tropical"], "blenders": [["methyl (E)-2-octenoate", "animal"], ["anise seed oil colombia", "anise"], ["anisaldehyde", "anisic"], ["benzoin resinoid", "balsamic"], ["benzyl cinnamate", "balsamic"], ["fir needle oil siberia", "balsamic"], ["raspberry ketone", "berry"], ["maltyl isobutyrate", "caramellic"], ["propyl propionate", "chemical"], ["bergamot oil", "citrus"], ["citronellyl nitrile", "citrus"], ["methyl heptenone", "citrus"], ["orange oil italy", "citrus"], ["orange peel oil c.p. brazil", "citrus"], ["methyl 3-hexenoate", "earthy"], ["butyl acetate", "ethereal"], ["cyclohexyl formate", "ethereal"], ["propyl acetate", "ethereal"], ["valeraldehyde propylene glycol acetal", "ethereal"], ["methyl 2-hexenoate", "fatty"], ["amyl alcohol", "fermented"], ["amyl cinnamaldehyde", "floral"], ["benzyl acetate", "floral"], ["benzyl acetoacetate", "floral"], ["benzyl isobutyrate", "floral"], ["bois de rose oil brazil", "floral"], ["citronellyl acetate", "floral"], ["coriander seed oil", "floral"], ["cyclamen aldehyde", "floral"], ["dimethyl benzyl carbinyl butyrate", "floral"], ["floral pyranol", "floral"], ["gardenia oxide", "floral"], ["geranyl acetate", "floral"], ["hexyl cinnamaldehyde", "floral"], ["leerall", "floral"], ["linalool", "floral"], ["linalool oxide", "floral"], ["linalyl butyrate", "floral"], ["methyl dihydrojasmonate", "floral"], ["mimosa absolute france", "floral"], ["nonanol", "floral"], ["ocean propanal", "floral"], ["petitgrain oil paraguay", "floral"], ["phenethyl acetate", "floral"], ["phenethyl propionate", "floral"], ["tetrahydrolinalool", "floral"], ["ylang ylang flower oil", "floral"], ["allyl 10-undecenoate", "fruity"], ["allyl 3,5,5-trimethyl hexanoate", "fruity"], ["allyl benzoate", "fruity"], ["allyl cinnamate", "fruity"], ["allyl cyclohexyl acetate", "fruity"], ["allyl cyclohexyl butyrate", "fruity"], ["allyl cyclohexyl propionate", "fruity"], ["allyl heptanoate", "fruity"], ["allyl hexanoate", "fruity"], ["allyl isovalerate", "fruity"], ["allyl salicylate", "fruity"], ["allyl sorbate", "fruity"], ["amyl acetate", "fruity"], ["amyl acetate", "fruity"], ["amyl heptanoate", "fruity"], ["amyl hexanoate", "fruity"], ["amyl hexanoate", "fruity"], ["amyl isovalerate", "fruity"], ["amyl propionate", "fruity"], ["amyl propionate", "fruity"], ["anisyl propionate", "fruity"], ["benzaldehyde glycrol acetal", "fruity"], ["benzyl ethyl ether", "fruity"], ["benzyl propionate", "fruity"], ["butyl 2-butenoate", "fruity"], ["butyl acetate", "fruity"], ["butyl butyrate", "fruity"], ["butyl butyrate", "fruity"], ["butyl hexanoate", "fruity"], ["butyl isobutyrate", "fruity"], ["butyl isovalerate", "fruity"], ["butyl isovalerate", "fruity"], ["butyl propionate", "fruity"], ["butyl propionate", "fruity"], ["butyl valerate", "fruity"], ["cherry oxyacetate", "fruity"], ["cherry pentenoate", "fruity"], ["cherry propanol", "fruity"], ["cinnamyl isobutyrate", "fruity"], ["cyclohexyl hexanoate", "fruity"], ["cyclohexyl isovalerate", "fruity"], ["cyclohexyl propionate", "fruity"], ["diethyl malonate", "fruity"], ["ethyl (Z)-4-octenoate", "fruity"], ["ethyl 3-(2-furyl) propanoate", "fruity"], ["ethyl 3-hexenoate", "fruity"], ["ethyl 3-methyl valerate", "fruity"], ["ethyl acetoacetate", "fruity"], ["ethyl benzoyl acetate", "fruity"], ["ethyl butyl acetate", "fruity"], ["ethyl butyrate", "fruity"], ["ethyl cyclohexane propionate", "fruity"], ["ethyl heptanoate", "fruity"], ["ethyl hexanoate", "fruity"], ["furfuryl acetate", "fruity"], ["green acetate", "fruity"], ["herbanate (Givaudan)", "fruity"], ["methyl (Z)-4-octenoate", "fruity"], ["methyl 4-methyl valerate", "fruity"], ["methyl butyl acetate", "fruity"], ["methyl hexanoate", "fruity"], ["methyl isovalerate", "fruity"], ["pentanone", "fruity"], ["pentyl butyrate", "fruity"], ["pineapple hydroxyhexanoate", "fruity"], ["pineapple pentenoate", "fruity"], ["prenyl acetate", "fruity"], ["propyl hexanoate", "fruity"], ["propyl isobutyrate", "fruity"], ["propyl isobutyrate", "fruity"], ["propyl octanoate", "fruity"], ["propyl propionate", "fruity"], ["strawberry glycidate 1 (aldehyde C-16 (so-called))", "fruity"], ["tolualdehyde", "fruity"], ["tolualdehyde", "fruity"], ["tolualdehydes (mixed o,m,p)", "fruity"], ["undecalactone (aldehyde C-14 (so-called))", "fruity"], ["cognac heptanone", "green"], ["ethyl (E,Z)-2,4-decadienoate", "green"], ["galbanum oil", "green"], ["galbanum oxyacetate", "green"], ["heptanal dimethyl acetal", "green"], ["hexen-1-ol", "green"], ["hexen-1-yl acetate", "green"], ["hexen-1-yl formate", "green"], ["hexen-1-yl formate", "green"], ["hexenyl 2-methyl butyrate", "green"], ["hexenyl acetate", "green"], ["hexyl tiglate", "green"], ["styralyl acetate", "green"], ["pentyl acetate", "herbal"], ["viridiflorol", "herbal"], ["melon heptenal", "melon"], ["nonenal", "melon"], ["cassia bark oil china", "spicy"], ["buchu mercaptan", "sulfurous"], ["cassis pentanone", "sulfurous"], ["passiflora acetate", "sulfurous"], ["tropical 3-thiobutyrate", "tropical"], ["ethyl vanillin", "vanilla"], ["vanilla bean absolute (vanilla planifolia)", "vanilla"], ["allyl octanoate", "waxy"], ["amyl decanoate", "waxy"], ["allyl 10-undecenoate", "No flavor group found for these"], ["allyl 3,5,5-trimethyl hexanoate", "No flavor group found for these"], ["allyl cinnamate", "No flavor group found for these"], ["allyl cyclohexyl butyrate", "No flavor group found for these"], ["allyl sorbate", "No flavor group found for these"], ["amyl 3-methyl thiopropionate", "No flavor group found for these"], ["anisyl propionate", "No flavor group found for these"], ["benzyl ethyl ether", "No flavor group found for these"], ["butyl acetate", "No flavor group found for these"], ["cyclohexyl hexanoate", "No flavor group found for these"], ["diethyl maleate", "No flavor group found for these"], ["ethyl 2-phenyl-3-furoate", "No flavor group found for these"], ["ethyl 3-methyl valerate", "No flavor group found for these"], ["ethyl cyclohexane propionate", "No flavor group found for these"], ["hexenyl acetate", "No flavor group found for these"], ["methyl (Z)-4-octenoate", "No flavor group found for these"], ["methyl 2-hexenoate", "No flavor group found for these"], ["methyl furfuracrylate", "No flavor group found for these"], ["propyl hexanoate", "No flavor group found for these"], ["propyl isobutyrate", "No flavor group found for these"], ["sorbyl propionate", "No flavor group found for these"], ["viridiflorol", "No flavor group found for these"], ["benzyl acetoacetate", ""], ["anise seed oil colombia", "anise"], ["benzoin resinoid", "balsamic"], ["fir needle oil siberia", "balsamic"], ["raspberry ketone", "berry"], ["bergamot oil", "citrus"], ["cognac heptanone", "citrus"], ["linalool", "citrus"], ["orange oil italy", "citrus"], ["orange peel oil c.p. brazil", "citrus"], ["anisaldehyde", "creamy"], ["undecalactone (aldehyde C-14 (so-called))", "creamy"], ["pentyl acetate", "dairy"], ["ethyl acetoacetate", "estery"], ["furfuryl acetate", "estery"], ["butyl acetate", "ethereal"], ["propyl acetate", "ethereal"], ["allyl octanoate", "fatty"], ["bois de rose oil brazil", "floral"], ["citronellyl acetate", "floral"], ["dimethyl benzyl carbinyl butyrate", "floral"], ["linalyl butyrate", "floral"], ["methyl dihydrojasmonate", "floral"], ["ocean propanal", "floral"], ["phenethyl propionate", "floral"], ["tetrahydrolinalool", "floral"], ["ylang ylang flower oil", "floral"], ["allyl cyclohexyl acetate", "fruity"], ["allyl cyclohexyl propionate", "fruity"], ["allyl heptanoate", "fruity"], ["allyl hexanoate", "fruity"], ["allyl isovalerate", "fruity"], ["amyl acetate", "fruity"], ["amyl acetate", "fruity"], ["amyl heptanoate", "fruity"], ["amyl hexanoate", "fruity"], ["amyl hexanoate", "fruity"], ["amyl propionate", "fruity"], ["amyl propionate", "fruity"], ["benzaldehyde glycrol acetal", "fruity"], ["benzyl acetate", "fruity"], ["benzyl isobutyrate", "fruity"], ["benzyl propionate", "fruity"], ["butyl acetate", "fruity"], ["butyl butyrate", "fruity"], ["butyl butyrate", "fruity"], ["butyl hexanoate", "fruity"], ["butyl isobutyrate", "fruity"], ["butyl isovalerate", "fruity"], ["butyl propionate", "fruity"], ["butyl propionate", "fruity"], ["butyl valerate", "fruity"], ["cherimoya flavor", "fruity"], ["cherry oxyacetate", "fruity"], ["cherry pentenoate", "fruity"], ["cherry propanol", "fruity"], ["cinnamyl isobutyrate", "fruity"], ["cyclohexyl isovalerate", "fruity"], ["cyclohexyl propionate", "fruity"], ["diethyl malonate", "fruity"], ["ethyl (Z)-4-octenoate", "fruity"], ["ethyl 3-(2-furyl) propanoate", "fruity"], ["ethyl 3-hexenoate", "fruity"], ["ethyl benzoyl acetate", "fruity"], ["ethyl butyl acetate", "fruity"], ["ethyl butyrate", "fruity"], ["ethyl heptanoate", "fruity"], ["ethyl hexanoate", "fruity"], ["furfuryl valerate", "fruity"], ["methyl (E)-2-octenoate", "fruity"], ["methyl 3-hexenoate", "fruity"], ["methyl 4-methyl valerate", "fruity"], ["methyl butyl acetate", "fruity"], ["methyl hexanoate", "fruity"], ["methyl isovalerate", "fruity"], ["orange pineapple banana flavor", "fruity"], ["pentanone", "fruity"], ["pentyl butyrate", "fruity"], ["pineapple hydroxyhexanoate", "fruity"], ["pineapple pentenoate", "fruity"], ["prenyl acetate", "fruity"], ["propyl isobutyrate", "fruity"], ["propyl octanoate", "fruity"], ["propyl propionate", "fruity"], ["strawberry glycidate 1 (aldehyde C-16 (so-called))", "fruity"], ["styralyl acetate", "fruity"], ["tolualdehyde", "fruity"], ["tolualdehydes (mixed o,m,p)", "fruity"], ["valeraldehyde propylene glycol acetal", "fruity"], ["amyl alcohol", "fusel"], ["amyl isovalerate", "green"], ["butyl 2-butenoate", "green"], ["butyl isovalerate", "green"], ["cassis pentanone", "green"], ["cyclamen aldehyde", "green"], ["cyclohexyl formate", "green"], ["ethyl (E,Z)-2,4-decadienoate", "green"], ["galbanum oil", "green"], ["geranyl acetate", "green"], ["heptanal dimethyl acetal", "green"], ["hexen-1-ol", "green"], ["hexen-1-yl acetate", "green"], ["hexen-1-yl formate", "green"], ["hexenyl 2-methyl butyrate", "green"], ["hexyl tiglate", "green"], ["linalool oxide", "green"], ["melon heptenal", "green"], ["methyl heptenone", "green"], ["nonenal", "green"], ["coriander seed oil", "herbal"], ["petitgrain oil paraguay", "herbal"], ["phenethyl acetate", "honey"], ["maltyl isobutyrate", "jammy"], ["hexen-1-yl formate", "rummy"], ["benzyl cinnamate", "spicy"], ["cassia bark oil china", "spicy"], ["tolualdehyde", "spicy"], ["buchu mercaptan", "sulfurous"], ["methyl 2-(methyl thio) butyrate", "sulfurous"], ["methyl 4-(methyl thio) butyrate", "sulfurous"], ["methyl thiomethyl butyrate", "sulfurous"], ["tropical 3-thiobutyrate", "sulfurous"], ["amyl cinnamaldehyde", "tropical"], ["passiflora acetate", "tropical"], ["pina colada flavor", "tropical"], ["propyl propionate", "tropical"], ["ethyl vanillin", "vanilla"], ["vanilla bean absolute (vanilla planifolia)", "vanilla"], ["amyl decanoate", "waxy"], ["hexyl cinnamaldehyde", "waxy"], ["mimosa absolute france", "waxy"], ["nonanol", "waxy"]]}