{"name": "muguet nitrile", "cas": "54089-83-7", "smiles": "CC(CCC1=CC=CC=C1)CC#N", "notes": ["citrus", "floral", "muguet", "lily", "sweet", "metallic"], "blenders": [["citronellyl oxyacetaldehyde", "aldehydic"], ["decanal (aldehyde C-10)", "aldehydic"], ["dodecanal (aldehyde C-12 lauric)", "aldehydic"], ["lily pentanal", "aldehydic"], ["mandarine undecenal", "aldehydic"], ["methyl undecanal (aldehyde C-12 mna)", "aldehydic"], ["nonanal (aldehyde C-9)", "aldehydic"], ["octanal (aldehyde C-8)", "aldehydic"], ["TMH aldehyde", "aldehydic"], ["undecenal", "aldehydic"], ["undecenal (aldehyde C-11 undecylenic)", "aldehydic"], ["angelica root oil", "amber"], ["cistus ladaniferus resinoid", "amber"], ["cresyl isobutyrate", "animal"], ["indole", "animal"], ["anise seed oil", "anise"], ["anisaldehyde", "anisic"], ["ocimum basilicum herb oil", "anisic"], ["amyl benzoate", "balsamic"], ["amyris wood oil", "balsamic"], ["benzoin resinoid", "balsamic"], ["benzophenone", "balsamic"], ["benzyl salicylate", "balsamic"], ["butyl cinnamate", "balsamic"], ["cinnamyl alcohol", "balsamic"], ["cinnamyl butyrate", "balsamic"], ["clover nitrile", "balsamic"], ["copaiba balsam oil", "balsamic"], ["ethyl cinnamate", "balsamic"], ["fir balsam absolute", "balsamic"], ["linalyl cinnamate", "balsamic"], ["methyl (E)-cinnamate", "balsamic"], ["phenyl propyl alcohol", "balsamic"], ["tolu balsam", "balsamic"], ["raspberry ketone", "berry"], ["ethyl maltol", "caramellic"], ["immortelle absolute", "caramellic"], ["amyl phenyl acetate", "chocolate"], ["dimethyl-7-nonen-2-ol", "citronella"], ["acetaldehyde citronellyl methyl acetal", "citrus"], ["aldehydic nitrile", "citrus"], ["aldenal C-10", "citrus"], ["benzyl anthranilate", "citrus"], ["bergamot oil", "citrus"], ["bergamot oil bergaptene reduced italy", "citrus"], ["bergamot oil turkey", "citrus"], ["bisabolol", "citrus"], ["citral diethyl acetal", "citrus"], ["citrus floral green fragrance", "citrus"], ["citrus ocimenol", "citrus"], ["citrus specialty", "citrus"], ["dihydromyrcenol", "citrus"], ["dimethyl-3-cyclohexene-1-methanyl acetate", "citrus"], ["dodecanone", "citrus"], ["floral fragrance", "citrus"], ["lime octadienal", "citrus"], ["lime oil distilled mexico", "citrus"], ["mandarin oil", "citrus"], ["mandarin oil italy", "citrus"], ["methyl decanal (aldehyde C-11 MOA)", "citrus"], ["methyl indole-1-carboxylate", "citrus"], ["methyl-4-(2-methyl butyl oxy) butyraldehyde", "citrus"], ["myrmac aldehyde", "citrus"], ["nonanal dimethyl acetal", "citrus"], ["orange peel oil c.p. brazil", "citrus"], ["tetradecenal", "citrus"], ["tetradecenal", "citrus"], ["tetrahydromyrcenol", "citrus"], ["trimethyl-7-nonen-2-ol", "citrus"], ["verbena fragrance", "citrus"], ["waxy nitrile", "citrus"], ["heptyl dihydro-5-methyl-2(3H)-furanone", "creamy"], ["decadien-1-ol", "fatty"], ["decadien-1-ol", "fatty"], ["aeolanthus graveolens oil", "floral"], ["amyl cinnamaldehyde", "floral"], ["amyl cinnamaldehyde dimethyl acetal", "floral"], ["amyl salicylate", "floral"], ["benzyl acetate", "floral"], ["bois de rose oil brazil", "floral"], ["butyl cinnamaldehyde", "floral"], ["butyl cyclohexane propanal", "floral"], ["butyl salicylate", "floral"], ["citronellol", "floral"], ["citronellyl (R)-lactate", "floral"], ["citronellyl ethoxalate", "floral"], ["citronellyl formate", "floral"], ["citrus propanol", "floral"], ["coriander seed oil", "floral"], ["corps popinal", "floral"], ["cumin carbinol", "floral"], ["cuminyl acetaldehyde", "floral"], ["cyclamen aldehyde", "floral"], ["cyclamen homoaldehyde", "floral"], ["cyclohexyl ethyl alcohol", "floral"], ["cyclohexyl propanol", "floral"], ["decalinol", "floral"], ["decen-1-ol", "floral"], ["dihydrojasmone", "floral"], ["dimethyl anthranilate", "floral"], ["dimethyl benzyl carbinol", "floral"], ["dimethyl benzyl carbinyl acetate", "floral"], ["dimethyl benzyl carbinyl butyrate", "floral"], ["dimethyl-2-indan methanol", "floral"], ["ethyl cyclohexane propanal", "floral"], ["ethyl linalyl acetal", "floral"], ["farnesol", "floral"], ["farnesol", "floral"], ["floral butanal", "floral"], ["floral pyranol", "floral"], ["floral specialty", "floral"], ["freesia acetate", "floral"], ["gardenia acetal", "floral"], ["geraniol", "floral"], ["geranium oil bourbon", "floral"], ["geranyl acetate", "floral"], ["ginger lily fragrance", "floral"], ["hawthorn ethanol", "floral"], ["heliotropyl acetone", "floral"], ["hepten-2-yl salicylate", "floral"], ["hexen-1-yl salicylate", "floral"], ["hexyl cinnamaldehyde", "floral"], ["ho leaf oil", "floral"], ["hyacinth ether", "floral"], ["hydrangea fragrance", "floral"], ["hydroxy-4-methyl cyclohexyl) butanal", "floral"], ["hydroxycitronellal", "floral"], ["hydroxycitronellal / methyl anthranilate schiff's base", "floral"], ["hydroxycitronellal diethyl acetal", "floral"], ["hydroxycitronellal dimethyl acetal", "floral"], ["hydroxycitronellal distillation residue distillates", "floral"], ["hydroxycitronellal nitrile", "floral"], ["hydroxycitronellal propylene glycol acetal", "floral"], ["hydroxycitronellal residue", "floral"], ["hydroxycitronellol", "floral"], ["jasimia", "floral"], ["leerall", "floral"], ["leerall / methyl anthranilate schiff's base", "floral"], ["lily flower absolute", "floral"], ["lily fragrance", "floral"], ["lily fragrance", "floral"], ["lily fragrance", "floral"], ["lily of the valley fragrance", "floral"], ["lily of the valley specialty", "floral"], ["lilyall", "floral"], ["lilyall / methyl anthranilate schiff's base", "floral"], ["lilyall substitute", "floral"], ["linalool", "floral"], ["linalool", "floral"], ["linalool oxide", "floral"], ["linalyl benzoate", "floral"], ["lotus fragrance", "floral"], ["magnolia cyclohexanol", "floral"], ["magnolia decadienal", "floral"], ["methoxycitronellal", "floral"], ["methyl cyclohexane propanal", "floral"], ["methyl dihydrojasmonate", "floral"], ["methyl octanal", "floral"], ["methyl-3-(2-methyl propyl) cyclohexanol", "floral"], ["methyl-4-hydroxyamyl)-delta3-cyclohexenecarboxaldehyde", "floral"], ["methyl-6-ethyl-5-octen-1-ol", "floral"], ["mimosa absolute france", "floral"], ["muguet butanal", "floral"], ["muguet butanol", "floral"], ["muguet carbaldehyde", "floral"], ["muguet carbinol", "floral"], ["muguet carboxaldehyde", "floral"], ["muguet dienal", "floral"], ["muguet ethanol", "floral"], ["muguet octadienol", "floral"], ["muguet propanol", "floral"], ["muguet shiseol", "floral"], ["muguet shiseol", "floral"], ["muguet specialty", "floral"], ["nerol", "floral"], ["neroli oil tunisia", "floral"], ["nerolidol", "floral"], ["nerolidyl acetate", "floral"], ["neryl acetate", "floral"], ["ocean propanal", "floral"], ["octahydro-4,7-methano-1H-indene-5-acetaldehyde", "floral"], ["octahydro-4,7-methano-1H-indene-5-acetaldehyde + 6-methyl-octahydro-4,7-methano-indene-5-carbaldehyd", "floral"], ["orchid specialty", "floral"], ["orris pyridine 25% IPM", "floral"], ["palmarosa oil", "floral"], ["pentyl-2-cyclohexen-1-one", "floral"], ["peony acetonitrile", "floral"], ["peony alcohol", "floral"], ["petitgrain concrete", "floral"], ["petitgrain lemon oil", "floral"], ["petitgrain oil morocco", "floral"], ["petitgrain oil paraguay", "floral"], ["phenethyl acetate", "floral"], ["phenethyl alcohol", "floral"], ["phenethyl phenyl acetate", "floral"], ["phenyl glycol diacetate", "floral"], ["propyl cyclohexane propanal", "floral"], ["rhodinol", "floral"], ["rose absolute pentanol", "floral"], ["rose butanoate", "floral"], ["terpinyl anthranilate", "floral"], ["tetrahydrolinalool", "floral"], ["tetrahydrolinalyl acetate", "floral"], ["undecanal dimethyl acetal", "floral"], ["ylang ylang flower oil", "floral"], ["ylang ylang flower oil CO2 extract", "floral"], ["ylang ylang flower oil fractions", "floral"], ["ylang ylang flower oil I", "floral"], ["ylang ylang flower oil II", "floral"], ["ylang ylang oil III fractions", "floral"], ["ylang ylang oil replacer", "floral"], ["dimethyl benzyl carbinyl isobutyrate", "fruity"], ["methyl anthranilate", "fruity"], ["nonen-1-yl acetate", "fruity"], ["undecalactone (aldehyde C-14 (so-called))", "fruity"], ["undecenal", "fruity"], ["acetaldehyde ethyl phenethyl acetal", "green"], ["diphenyl methane", "green"], ["diphenyl oxide", "green"], ["green carbaldehyde", "green"], ["hexen-1-yl oxyacetaldehyde", "green"], ["hexyl 2-methyl butyrate", "green"], ["leaf acetal", "green"], ["melon nonenoate", "green"], ["methyl heptine carbonate", "green"], ["methyl octine carbonate", "green"], ["nonadien-1-ol", "green"], ["nonadienal", "green"], ["phenyl acetaldehyde diethyl acetal", "green"], ["phenyl acetaldehyde dimethyl acetal", "green"], ["phenyl propionaldehyde", "green"], ["styralyl acetate", "green"], ["violet decenol", "green"], ["carum carvi fruit oil", "herbal"], ["clary sage oil france", "herbal"], ["daucus carota fruit oil", "herbal"], ["dimethyl benzyl carbinyl formate", "herbal"], ["linalyl acetate", "herbal"], ["terpinyl acetate", "herbal"], ["ozone propanal", "marine"], ["nonenal", "melon"], ["watermelon ketone", "melon"], ["oakmoss absolute", "mossy"], ["veramoss (IFF)", "mossy"], ["butyl 1-(3-methoxy-2-propen-1-yl) benzene", "muguet"], ["ethyl 1-(3-methoxy-2-propen-1-yl) benzene", "muguet"], ["methyl 1-(3-methoxy-2-propen-1-yl) benzene", "muguet"], ["propyl 1-(3-methoxy-2-propen-1-yl) benzene", "muguet"], ["musk decenone", "musk"], ["naphthyl ethyl ether", "naphthyl"], ["anisyl acetate", "powdery"], ["anisyl alcohol", "powdery"], ["elettaria cardamomum seed oil", "spicy"], ["eugenyl acetate", "spicy"], ["methyl cinnamaldehyde", "spicy"], ["ocimene", "terpenic"], ["terpineol", "terpenic"], ["coumarin", "tonka"], ["tonka bean absolute", "tonka"], ["ethyl vanillin", "vanilla"], ["vanilla bean absolute (vanilla planifolia)", "vanilla"], ["vanillyl acetate", "vanilla"], ["aldenal C-9", "waxy"], ["decanal dimethyl acetal", "waxy"], ["ethyl laurate", "waxy"], ["undecanol", "waxy"], ["amber carbinol", "woody"], ["amber dioxane", "woody"], ["guaiacwood oil", "woody"], ["gurjun balsam oil", "woody"], ["hydroxycitronellal diisotridecyl acetal", "woody"], ["patchouli ethanone", "woody"], ["sandalwood oil", "woody"], ["santall", "woody"], ["tobacarol (IFF)", "woody"], ["woody acetate", "woody"], ["woody amylene", "woody"], ["woody propanol", "woody"], ["amyl cinnamaldehyde dimethyl acetal", "No flavor group found for these"], ["cistus ladaniferus resinoid", "No flavor group found for these"], ["decanal dimethyl acetal", "No flavor group found for these"], ["dimethyl benzyl carbinyl formate", "No flavor group found for these"], ["farnesol", "No flavor group found for these"], ["hydroxycitronellal propylene glycol acetal", "No flavor group found for these"], ["methyl (E)-cinnamate", "No flavor group found for these"], ["methyl octanal", "No flavor group found for these"], ["nerolidyl acetate", "No flavor group found for these"], ["ocimene", "No flavor group found for these"], ["phenyl acetaldehyde diethyl acetal", "No flavor group found for these"], ["terpinyl anthranilate", "No flavor group found for these"], ["tetradecenal", "No flavor group found for these"], ["butyl cinnamaldehyde", ""], ["nonanal (aldehyde C-9)", "aldehydic"], ["octanal (aldehyde C-8)", "aldehydic"], ["undecanol", "aldehydic"], ["indole", "animal"], ["anise seed oil", "anise"], ["nonadien-1-ol", "apple"], ["cresyl isobutyrate", "aromatic"], ["benzoin resinoid", "balsamic"], ["benzyl salicylate", "balsamic"], ["butyl cinnamate", "balsamic"], ["copaiba balsam oil", "balsamic"], ["ethyl cinnamate", "balsamic"], ["tolu balsam", "balsamic"], ["heliotropyl acetone", "berry"], ["raspberry ketone", "berry"], ["ethyl maltol", "caramellic"], ["bergamot oil", "citrus"], ["bergamot oil bergaptene reduced italy", "citrus"], ["bergamot oil turkey", "citrus"], ["bisabolol", "citrus"], ["citral diethyl acetal", "citrus"], ["citronellyl oxyacetaldehyde", "citrus"], ["lime oil distilled mexico", "citrus"], ["linalool", "citrus"], ["linalool", "citrus"], ["mandarin oil", "citrus"], ["mandarin oil italy", "citrus"], ["methyl decanal (aldehyde C-11 MOA)", "citrus"], ["nerol", "citrus"], ["neroli oil tunisia", "citrus"], ["orange peel oil c.p. brazil", "citrus"], ["petitgrain lemon oil", "citrus"], ["petitgrain oil morocco", "citrus"], ["terpineol", "citrus"], ["trimethyl-7-nonen-2-ol", "citrus"], ["butyl salicylate", "cooling"], ["anisaldehyde", "creamy"], ["undecalactone (aldehyde C-14 (so-called))", "creamy"], ["decadien-1-ol", "fatty"], ["decadien-1-ol", "fatty"], ["dodecanone", "fatty"], ["undecenal (aldehyde C-11 undecylenic)", "fatty"], ["amyl phenyl acetate", "floral"], ["bois de rose oil brazil", "floral"], ["citronellol", "floral"], ["dihydrojasmone", "floral"], ["dimethyl benzyl carbinyl acetate", "floral"], ["dimethyl benzyl carbinyl butyrate", "floral"], ["farnesol", "floral"], ["geraniol", "floral"], ["geranium oil bourbon", "floral"], ["linalyl acetate", "floral"], ["methyl dihydrojasmonate", "floral"], ["muguet carbinol", "floral"], ["muguet shiseol", "floral"], ["muguet shiseol", "floral"], ["neryl acetate", "floral"], ["ocean propanal", "floral"], ["phenethyl alcohol", "floral"], ["rhodinol", "floral"], ["tetrahydrolinalool", "floral"], ["ylang ylang flower oil", "floral"], ["ylang ylang flower oil CO2 extract", "floral"], ["ylang ylang flower oil I", "floral"], ["ylang ylang flower oil II", "floral"], ["amyl benzoate", "fruity"], ["anisyl acetate", "fruity"], ["anisyl alcohol", "fruity"], ["benzyl acetate", "fruity"], ["citronellyl formate", "fruity"], ["dimethyl anthranilate", "fruity"], ["heptyl dihydro-5-methyl-2(3H)-furanone", "fruity"], ["linalyl benzoate", "fruity"], ["linalyl cinnamate", "fruity"], ["methyl anthranilate", "fruity"], ["rose butanoate", "fruity"], ["styralyl acetate", "fruity"], ["palmarosa oil", "grassy"], ["acetaldehyde ethyl phenethyl acetal", "green"], ["amyl salicylate", "green"], ["angelica root oil", "green"], ["cinnamyl alcohol", "green"], ["cuminyl acetaldehyde", "green"], ["cyclamen aldehyde", "green"], ["cyclohexyl ethyl alcohol", "green"], ["dihydromyrcenol", "green"], ["diphenyl methane", "green"], ["diphenyl oxide", "green"], ["geranyl acetate", "green"], ["hexen-1-yl salicylate", "green"], ["hexyl 2-methyl butyrate", "green"], ["immortelle absolute", "green"], ["leaf acetal", "green"], ["linalool oxide", "green"], ["melon nonenoate", "green"], ["methyl heptine carbonate", "green"], ["methyl octine carbonate", "green"], ["nerolidol", "green"], ["nonadienal", "green"], ["nonanal dimethyl acetal", "green"], ["nonenal", "green"], ["oakmoss absolute", "green"], ["phenyl acetaldehyde dimethyl acetal", "green"], ["phenyl propionaldehyde", "green"], ["carum carvi fruit oil", "herbal"], ["clary sage oil france", "herbal"], ["coriander seed oil", "herbal"], ["daucus carota fruit oil", "herbal"], ["ocimum basilicum herb oil", "herbal"], ["petitgrain oil paraguay", "herbal"], ["phenethyl acetate", "honey"], ["phenethyl phenyl acetate", "honey"], ["dimethyl benzyl carbinol", "medicinal"], ["hydroxycitronellal diethyl acetal", "melon"], ["hydroxycitronellol", "powdery"], ["naphthyl ethyl ether", "powdery"], ["dodecanal (aldehyde C-12 lauric)", "soapy"], ["elettaria cardamomum seed oil", "spicy"], ["eugenyl acetate", "spicy"], ["methyl cinnamaldehyde", "spicy"], ["phenyl propyl alcohol", "spicy"], ["amyl cinnamaldehyde", "tropical"], ["ethyl vanillin", "vanilla"], ["vanilla bean absolute (vanilla planifolia)", "vanilla"], ["vanillyl acetate", "vanilla"], ["decanal (aldehyde C-10)", "waxy"], ["decen-1-ol", "waxy"], ["ethyl laurate", "waxy"], ["hexyl cinnamaldehyde", "waxy"], ["hydroxycitronellal", "waxy"], ["hydroxycitronellal dimethyl acetal", "waxy"], ["mandarine undecenal", "waxy"], ["methyl undecanal (aldehyde C-12 mna)", "waxy"], ["mimosa absolute france", "waxy"], ["nonen-1-yl acetate", "waxy"], ["tetradecenal", "waxy"], ["undecenal", "waxy"], ["cinnamyl butyrate", "winey"], ["amyris wood oil", "woody"], ["guaiacwood oil", "woody"], ["sandalwood oil", "woody"], ["terpinyl acetate", "woody"]]}