{"name": "acetaldehyde methyl hexyl acetal", "cas": "54340-90-8", "smiles": "CCCCCCOC(C)OC", "notes": ["green", "cortex", "herbal", "nasturtium"], "blenders": [["tiglaldehyde", "No odor group found for these"], ["methyl-2-pentenoic acid", "acidic"], ["methyl (E)-2-octenoate", "animal"], ["amyl benzoate", "balsamic"], ["methyl (E)-cinnamate", "balsamic"], ["methyl cinnamate", "balsamic"], ["ethyl maltol", "caramellic"], ["strawberry furanone", "caramellic"], ["heptanol", "citrus"], ["methyl valeraldehyde", "ethereal"], ["decen-2-one", "fatty"], ["hexyl pivalate", "fatty"], ["methyl (E)-2-hexenoate", "fatty"], ["methyl 2-hexenoate", "fatty"], ["hexanal diethyl acetal", "fermented"], ["methyl-1-pentanol", "fermented"], ["amyl cinnamaldehyde diethyl acetal", "floral"], ["citronellyl propionate", "floral"], ["damascone", "floral"], ["dimethyl-2-nonanol", "floral"], ["geranyl acetone", "floral"], ["heliotropyl acetate", "floral"], ["hexyl 2-furoate", "floral"], ["lily propanol", "floral"], ["nerolin fragarol", "floral"], ["orangeflower absolute morocco", "floral"], ["orangeflower absolute tunisia", "floral"], ["papaya isobutyrate", "floral"], ["phenethyl butyrate", "floral"], ["propyl anthranilate", "floral"], ["rose oxide", "floral"], ["propen-2-yl phenyl) butanal", "fresh"], ["acetaldehyde dihexyl acetal", "fruity"], ["acetyl methyl anthranilate", "fruity"], ["allyl amyl glycolate", "fruity"], ["allyl butyrate", "fruity"], ["amyl butyrate", "fruity"], ["amyl formate", "fruity"], ["amyl hexanoate", "fruity"], ["amyl isovalerate", "fruity"], ["amyl octanoate", "fruity"], ["apple crotonate", "fruity"], ["berry pentadienoate", "fruity"], ["butyl 2-decenoate", "fruity"], ["butyl 2-methyl butyrate", "fruity"], ["butyl isobutyrate", "fruity"], ["butyl isovalerate", "fruity"], ["butyl propionate", "fruity"], ["butyl-3-(methyl thio) butyrate", "fruity"], ["cherry pentenoate", "fruity"], ["cyclopentyl cyclopentanone", "fruity"], ["diethyl malonate", "fruity"], ["dimethyl succinate", "fruity"], ["ethyl (E)-4-octenoate", "fruity"], ["ethyl 2-cyclohexyl propionate", "fruity"], ["ethyl 2-octenoate", "fruity"], ["ethyl 3-acetoxyhexanoate", "fruity"], ["ethyl 3,5,5-trimethyl hexanoate", "fruity"], ["ethyl acetoacetate", "fruity"], ["ethyl cyclohexane propionate", "fruity"], ["ethyl methyl-para-tolyl glycidate", "fruity"], ["fruity ketal", "fruity"], ["geranyl isovalerate", "fruity"], ["heptanal cyclic ethylene acetal", "fruity"], ["heptyl isobutyrate", "fruity"], ["hexanal propylene glycol acetal", "fruity"], ["hexen-1-ol", "fruity"], ["hexen-1-yl 2-methyl-2-pentenoate", "fruity"], ["hexen-1-yl acetate", "fruity"], ["hexen-1-yl isobutyrate", "fruity"], ["hexenyl cyclopentanyl acetate", "fruity"], ["hexyl (E)-tiglate", "fruity"], ["hexyl acetate", "fruity"], ["hexyl isovalerate", "fruity"], ["hexyl propionate", "fruity"], ["leather propionate", "fruity"], ["linalyl hexanoate", "fruity"], ["mercaptohexyl acetate", "fruity"], ["methyl (E,Z)-2,4-decadienoate", "fruity"], ["methyl 2-octenoate", "fruity"], ["methyl 3-nonenoate", "fruity"], ["methyl butyl 2-methyl butyrate", "fruity"], ["methyl heptanoate", "fruity"], ["methyl nonanoate", "fruity"], ["methyl propionate", "fruity"], ["methyl valerate", "fruity"], ["nerolidyl isobutyrate", "fruity"], ["neryl isobutyrate", "fruity"], ["octen-1-yl cyclopentanone", "fruity"], ["octen-1-yl propionate", "fruity"], ["octyl butyrate", "fruity"], ["pear valerate", "fruity"], ["pentyl furan", "fruity"], ["phenyl propyl isovalerate", "fruity"], ["phenyl propyl valerate", "fruity"], ["phenyl-2-butyl acetate", "fruity"], ["pineapple pentenoate", "fruity"], ["prenol", "fruity"], ["prenyl ethyl ether", "fruity"], ["prenyl hexanoate", "fruity"], ["propyl 2-methyl butyrate", "fruity"], ["propyl 2,4-decadienoate", "fruity"], ["propyl acetate", "fruity"], ["propyl heptanoate", "fruity"], ["propyl isobutyrate", "fruity"], ["rhubarb undecane", "fruity"], ["strawberry glycidate 1 (aldehyde C-16 (so-called))", "fruity"], ["strawberry glycidate 2", "fruity"], ["tetrahydrofurfuryl butyrate", "fruity"], ["tropical indene", "fruity"], ["tropical thiazole", "fruity"], ["acetaldehyde benzyl 2-methoxyethyl acetal", "green"], ["acetaldehyde ethyl phenethyl acetal", "green"], ["amyl formate", "green"], ["cognac heptanone", "green"], ["cortex pyridine", "green"], ["cuminic aldehyde", "green"], ["decalactone", "green"], ["ethyl (E,Z)-2,4-decadienoate", "green"], ["ethyl (E)-2-decenoate", "green"], ["ethyl (E)-2-hexenoate", "green"], ["ethyl (E)-4-decenoate", "green"], ["fern fragrance", "green"], ["fern specialty", "green"], ["galbanum oil", "green"], ["galbanum oil terpeneless", "green"], ["green dioxolane", "green"], ["heptyl acetate", "green"], ["hexen-1-yl (E)-2-hexenoate", "green"], ["hexen-1-yl (Z)-3-hexenoate", "green"], ["hexen-1-yl acetate", "green"], ["hexen-1-yl acetate", "green"], ["hexen-1-yl formate", "green"], ["hexen-1-yl hexanoate", "green"], ["hexen-1-yl hexanoate", "green"], ["hexen-1-yl isovalerate", "green"], ["hexen-1-yl isovalerate", "green"], ["hexen-1-yl propionate", "green"], ["hexen-1-yl propionate", "green"], ["hexen-1-yl tiglate", "green"], ["hexen-1-yl valerate", "green"], ["hexen-1-yl valerate", "green"], ["hexenyl acetate", "green"], ["hexyl butyrate", "green"], ["hexyl isobutyrate", "green"], ["hexyl octanoate", "green"], ["ivy carbaldehyde", "green"], ["ivy carbaldehyde", "green"], ["ivy carbaldehyde / methyl anthranilate schiff's base", "green"], ["ivy carbaldehyde / methyl anthranilate schiff's base", "green"], ["ivy leaf absolute", "green"], ["lilac acetaldehyde", "green"], ["manzanate (Givaudan)", "green"], ["marine specialty", "green"], ["melon nonenoate", "green"], ["narcissus flower absolute", "green"], ["nerol oxide", "green"], ["nonadien-1-yl acetate", "green"], ["nonadien-1-yl acetate", "green"], ["pentenal", "green"], ["phenoxyacetaldehyde 50% in benzyl alcohol", "green"], ["phenoxyethyl isobutyrate", "green"], ["phenyl propionaldehyde", "green"], ["propyl phenyl acetaldehyde", "green"], ["propylene acetal", "green"], ["sorbyl isobutyrate", "green"], ["thiogeraniol", "green"], ["violet dienyne", "green"], ["clary acetate", "herbal"], ["dihexyl (E)-fumarate", "herbal"], ["hexanol", "herbal"], ["methyl allyl oxy) heptane", "herbal"], ["tricyclodecyl acetate", "herbal"], ["nonen-1-yl acetate", "melon"], ["musk propanoate", "musk"], ["cyclocitral", "tropical"], ["ethyl (Z)-3-hexenoate", "tropical"], ["decenoic acid", "waxy"], ["ethyl octanoate", "waxy"], ["methyl geranate", "waxy"], ["octyl 2-methyl butyrate", "waxy"], ["tridecen-1-yl acetate", "waxy"], ["verdoxan", "woody"], ["woody acetate", "woody"], ["acetaldehyde benzyl 2-methoxyethyl acetal", "No flavor group found for these"], ["allyl tiglate", "No flavor group found for these"], ["butyl-3-(methyl thio) butyrate", "No flavor group found for these"], ["cyclopentyl cyclopentanone", "No flavor group found for these"], ["decalactone", "No flavor group found for these"], ["ethyl (Z)-3-hexenoate", "No flavor group found for these"], ["ethyl 3-acetoxyhexanoate", "No flavor group found for these"], ["ethyl cyclohexane propionate", "No flavor group found for these"], ["heptadien-1-ol", "No flavor group found for these"], ["hexanal diethyl acetal", "No flavor group found for these"], ["hexenal", "No flavor group found for these"], ["hexenal diethyl acetal", "No flavor group found for these"], ["hexenyl acetate", "No flavor group found for these"], ["hexyl (E)-2-hexenoate", "No flavor group found for these"], ["hexyl propionate", "No flavor group found for these"], ["ivy carbaldehyde", "No flavor group found for these"], ["linalyl hexanoate", "No flavor group found for these"], ["methyl (E,Z)-2,4-decadienoate", "No flavor group found for these"], ["methyl (E)-2-hexenoate", "No flavor group found for these"], ["methyl (E)-cinnamate", "No flavor group found for these"], ["methyl 2-hexenoate", "No flavor group found for these"], ["methyl 2-octenoate", "No flavor group found for these"], ["methyl 4-pentenoate", "No flavor group found for these"], ["methyl geranate", "No flavor group found for these"], ["methyl-2-octenal", "No flavor group found for these"], ["methyl-2-octenal", "No flavor group found for these"], ["methyl-3-pentanol", "No flavor group found for these"], ["octadien-2-one", "No flavor group found for these"], ["phenyl propyl isovalerate", "No flavor group found for these"], ["phenyl propyl valerate", "No flavor group found for these"], ["phenyl-2-butyl acetate", "No flavor group found for these"], ["prenyl ethyl ether", "No flavor group found for these"], ["prenyl hexanoate", "No flavor group found for these"], ["propyl anthranilate", "No flavor group found for these"], ["propyl isobutyrate", "No flavor group found for these"], ["propyl phenyl acetaldehyde", "No flavor group found for these"], ["propylene acetal", "No flavor group found for these"], ["tiglaldehyde", "No flavor group found for these"], ["tridecen-1-yl acetate", "No flavor group found for these"], ["sorbyl isobutyrate", ""], ["tropical thiazole", "alliaceous"], ["heptyl isobutyrate", "berry"], ["ethyl maltol", "caramellic"], ["strawberry furanone", "caramellic"], ["cognac heptanone", "citrus"], ["manzanate (Givaudan)", "cooling"], ["hexen-3-yl acetate", "earthy"], ["ethyl acetoacetate", "estery"], ["propyl acetate", "estery"], ["ethyl (E)-4-decenoate", "fatty"], ["citronellyl propionate", "floral"], ["geranyl acetone", "floral"], ["heliotropyl acetate", "floral"], ["orangeflower absolute morocco", "floral"], ["orangeflower absolute tunisia", "floral"], ["rose oxide", "floral"], ["acetyl methyl anthranilate", "fruity"], ["amyl benzoate", "fruity"], ["amyl formate", "fruity"], ["amyl hexanoate", "fruity"], ["amyl octanoate", "fruity"], ["berry pentadienoate", "fruity"], ["butyl 2-decenoate", "fruity"], ["butyl 2-methyl butyrate", "fruity"], ["butyl isobutyrate", "fruity"], ["butyl isovalerate", "fruity"], ["butyl propionate", "fruity"], ["cherry pentenoate", "fruity"], ["diethyl malonate", "fruity"], ["dimethyl succinate", "fruity"], ["ethyl (E)-2-decenoate", "fruity"], ["ethyl (E)-2-hexenoate", "fruity"], ["ethyl (E)-2-octenoate", "fruity"], ["ethyl 2-octenoate", "fruity"], ["ethyl methyl-para-tolyl glycidate", "fruity"], ["fruity ketal", "fruity"], ["furfuryl propionate", "fruity"], ["heptanol", "fruity"], ["hexanal propylene glycol acetal", "fruity"], ["hexen-1-ol", "fruity"], ["hexen-1-yl (E)-2-hexenoate", "fruity"], ["hexen-1-yl acetate", "fruity"], ["hexen-1-yl isobutyrate", "fruity"], ["hexyl acetate", "fruity"], ["lilac acetaldehyde", "fruity"], ["methyl (E)-2-octenoate", "fruity"], ["methyl (E)-3-nonenoate", "fruity"], ["methyl 3-nonenoate", "fruity"], ["methyl butyl 2-methyl butyrate", "fruity"], ["methyl heptanoate", "fruity"], ["methyl propionate", "fruity"], ["methyl valerate", "fruity"], ["nerolin fragarol", "fruity"], ["neryl isobutyrate", "fruity"], ["octen-1-yl cyclopentanone", "fruity"], ["octen-1-yl propionate", "fruity"], ["phenethyl butyrate", "fruity"], ["pineapple pentenoate", "fruity"], ["prenol", "fruity"], ["propyl 2-methyl butyrate", "fruity"], ["strawberry glycidate 1 (aldehyde C-16 (so-called))", "fruity"], ["strawberry glycidate 2", "fruity"], ["tetrahydrofurfuryl butyrate", "fruity"], ["acetaldehyde dihexyl acetal", "green"], ["acetaldehyde ethyl phenethyl acetal", "green"], ["allyl butyrate", "green"], ["amyl formate", "green"], ["amyl isovalerate", "green"], ["cortex pyridine", "green"], ["decen-2-one", "green"], ["ethyl (E,Z)-2,4-decadienoate", "green"], ["galbanum oil", "green"], ["galbanum oil terpeneless", "green"], ["geranyl isovalerate", "green"], ["heptyl acetate", "green"], ["hexanol", "green"], ["hexen-1-yl (Z)-3-hexenoate", "green"], ["hexen-1-yl acetate", "green"], ["hexen-1-yl acetate", "green"], ["hexen-1-yl hexanoate", "green"], ["hexen-1-yl hexanoate", "green"], ["hexen-1-yl isovalerate", "green"], ["hexen-1-yl isovalerate", "green"], ["hexen-1-yl propionate", "green"], ["hexen-1-yl propionate", "green"], ["hexen-1-yl tiglate", "green"], ["hexen-1-yl valerate", "green"], ["hexen-1-yl valerate", "green"], ["hexenal diethyl acetal", "green"], ["hexyl (E)-tiglate", "green"], ["hexyl 2-furoate", "green"], ["hexyl butyrate", "green"], ["hexyl isobutyrate", "green"], ["hexyl isovalerate", "green"], ["hexyl octanoate", "green"], ["ivy carbaldehyde", "green"], ["melon nonenoate", "green"], ["methyl 2-undecynoate", "green"], ["nerol oxide", "green"], ["nonadien-1-yl acetate", "green"], ["nonadien-1-yl acetate", "green"], ["nonen-1-yl acetate", "green"], ["octadienal", "green"], ["octadienal", "green"], ["papaya isobutyrate", "green"], ["pentenal", "green"], ["pentyl furan", "green"], ["phenoxyethyl isobutyrate", "green"], ["phenyl propionaldehyde", "green"], ["thiogeraniol", "green"], ["propyl 2,4-decadienoate", "melon"], ["hexen-1-yl formate", "rummy"], ["methyl valeric acid", "sour"], ["methyl-2-pentenoic acid", "sour"], ["methyl cinnamate", "spicy"], ["cyclocitral", "tropical"], ["mercaptohexyl acetate", "tropical"], ["methyl valeraldehyde", "vegetable"], ["amyl butyrate", "waxy"], ["decenoic acid", "waxy"], ["ethyl octanoate", "waxy"], ["octyl 2-methyl butyrate", "waxy"], ["octyl butyrate", "waxy"], ["propyl heptanoate", "waxy"], ["methyl-1-pentanol", "whiskey"], ["methyl nonanoate", "winey"]]}