{"name": "saffron indenone", "cas": "54440-17-4", "smiles": "CC1C(=O)C2=CC=CC=C2C1(C)C", "notes": ["herbal", "leathery", "saffron", "marine", "phenolic", "tobacco", "woody"], "blenders": [["lavandulyl acetate", "No odor group found for these"], ["tuberose lactone", ""], ["decanal (aldehyde C-10)", "aldehydic"], ["decenal", "aldehydic"], ["dodecanal (aldehyde C-12 lauric)", "aldehydic"], ["methyl undecanal (aldehyde C-12 mna)", "aldehydic"], ["ambergris naphthol", "amber"], ["ambrette seed oil", "amber"], ["ambrinol", "amber"], ["ambroxan", "amber"], ["angelica root oil", "amber"], ["cistus ladaniferus resinoid", "amber"], ["butyl quinoline", "animal"], ["butyl-meta-cresol", "animal"], ["costus valerolactone", "animal"], ["cresyl caprylate", "animal"], ["methyl quinoline", "animal"], ["spiro-4,7-dodecane", "animal"], ["tetrahydroquinoline", "animal"], ["anisaldehyde", "anisic"], ["damascone carboxylate", "aromatic"], ["acetyl furan", "balsamic"], ["amyl phenyl acetate", "balsamic"], ["amyris wood oil", "balsamic"], ["benzoin resinoid", "balsamic"], ["benzophenone", "balsamic"], ["benzyl salicylate", "balsamic"], ["bornyl acetate", "balsamic"], ["bornyl acetate", "balsamic"], ["butyl cinnamate", "balsamic"], ["cinnamyl alcohol", "balsamic"], ["clover nitrile", "balsamic"], ["ethyl cinnamate", "balsamic"], ["fir balsam absolute", "balsamic"], ["fir needle oil siberia", "balsamic"], ["guaiyl butyrate", "balsamic"], ["methyl cinnamate", "balsamic"], ["myrrh oil", "balsamic"], ["opoponax oil (balsamodendron kafal)", "balsamic"], ["phenyl propyl alcohol", "balsamic"], ["raspberry ketone", "berry"], ["raspberry ketone acetate", "berry"], ["raspberry ketone methyl ether", "berry"], ["amber oil", "burnt"], ["caramel pentadione", "caramellic"], ["ethyl maltol", "caramellic"], ["geranyl crotonate", "caramellic"], ["bran absolute", "cereal"], ["amyl phenyl acetate", "chocolate"], ["bergamot oil", "citrus"], ["grapefruit oil c.p. california", "citrus"], ["grapefruit pentanol", "citrus"], ["tetrahydromyrcenyl acetate", "citrus"], ["waxy nitrile", "citrus"], ["muscogene", "earthy"], ["patchouli cyclohexanol", "earthy"], ["propyl valerate", "ethereal"], ["decanol", "fatty"], ["juniper lactone", "fatty"], ["methyl 10-undecenoate", "fatty"], ["amyl angelate", "floral"], ["amyl cinnamaldehyde", "floral"], ["amyl cinnamyl acetate", "floral"], ["amyl salicylate", "floral"], ["benzyl acetate", "floral"], ["benzyl alcohol", "floral"], ["bois de rose oil brazil", "floral"], ["butyl salicylate", "floral"], ["cananga oil", "floral"], ["cassie absolute", "floral"], ["cinnamyl phenyl acetate", "floral"], ["citronellol", "floral"], ["citronellyl acetate", "floral"], ["citronellyl isovalerate", "floral"], ["coriander seed oil", "floral"], ["cyclamen aldehyde", "floral"], ["cyclohexyl ethyl alcohol", "floral"], ["damascone", "floral"], ["damascone", "floral"], ["decen-1-ol", "floral"], ["dihydro-alpha-ionone", "floral"], ["dimethyl benzyl carbinol", "floral"], ["dimethyl benzyl carbinyl acetate", "floral"], ["dimethyl benzyl carbinyl propionate", "floral"], ["dimethyl octanol", "floral"], ["ethyl phenyl acetate", "floral"], ["ethyl safranate", "floral"], ["floral methanol", "floral"], ["floral pyranol", "floral"], ["gardenia oxide", "floral"], ["geraniol", "floral"], ["geranyl acetate", "floral"], ["heliotropin", "floral"], ["heliotropyl diethyl acetal", "floral"], ["hexen-1-yl salicylate", "floral"], ["hexyl cinnamaldehyde", "floral"], ["ho leaf oil", "floral"], ["hyacinth ether", "floral"], ["leerall", "floral"], ["lilyall", "floral"], ["linalool", "floral"], ["linalool", "floral"], ["linalool oxide", "floral"], ["methyl acetophenone", "floral"], ["methyl dihydrojasmonate", "floral"], ["methyl ionyl acetate", "floral"], ["muguet carboxaldehyde", "floral"], ["nerol", "floral"], ["nerolidol", "floral"], ["ocean propanal", "floral"], ["orris butenone", "floral"], ["orris pyridine 25% IPM", "floral"], ["orris rhizome absolute (iris pallida)", "floral"], ["orris rhizome resinoid (iris pallida)", "floral"], ["phenethyl acetate", "floral"], ["phenethyl alcohol", "floral"], ["phenethyl phenyl acetate", "floral"], ["phenethyl salicylate", "floral"], ["reseda acetal", "floral"], ["rhodinol", "floral"], ["rose butanoate", "floral"], ["rose carboxylate", "floral"], ["tetrahydroionol", "floral"], ["tetrahydrolinalool", "floral"], ["tobacco flower absolute", "floral"], ["trimethyl-4,9-decadien-1-al", "floral"], ["allyl amyl glycolate", "fruity"], ["allyl hexanoate", "fruity"], ["amyl cinnamyl isovalerate", "fruity"], ["benzyl propionate", "fruity"], ["cyclohexanone diethyl acetal", "fruity"], ["damascone", "fruity"], ["dimethyl benzyl carbinyl isobutyrate", "fruity"], ["ethyl levulinate", "fruity"], ["green acetate", "fruity"], ["osmanthus flower absolute", "fruity"], ["tropical ionone", "fruity"], ["methyl 2-furoate", "fungal"], ["acetaldehyde ethyl phenethyl acetal", "green"], ["butyl-3-methyl but-2-ene thioate", "green"], ["chrysanthemum carbaldehyde", "green"], ["chrysanthemum oxide", "green"], ["cyclocitral", "green"], ["diphenyl oxide", "green"], ["galbanum oil", "green"], ["green dioxolane", "green"], ["hexen-1-yl (E)-2-hexenoate", "green"], ["hexen-1-yl acetate", "green"], ["hexen-1-yl benzoate", "green"], ["hexen-1-yl tiglate", "green"], ["ivy carbaldehyde", "green"], ["ivy leaf absolute", "green"], ["leaf acetal", "green"], ["marigold pot absolute", "green"], ["melon nonenoate", "green"], ["methyl heptine carbonate", "green"], ["phenyl acetaldehyde", "green"], ["phenyl acetaldehyde dimethyl acetal", "green"], ["seaweed absolute (fucus vesiculosus et serratus)", "green"], ["violet decenol", "green"], ["violet leaf absolute", "green"], ["beeswax absolute", "hay"], ["hay absolute", "hay"], ["tobacco leaf absolute", "hay"], ["buchu mercaptan acetate", "herbal"], ["carum carvi fruit oil", "herbal"], ["celery ketone", "herbal"], ["chamomile propionate", "herbal"], ["chamomile valerate", "herbal"], ["clary sage absolute", "herbal"], ["clary sage oil france", "herbal"], ["coriander oleoresin", "herbal"], ["daucus carota fruit oil", "herbal"], ["herbal acetal", "herbal"], ["herbal carene", "herbal"], ["herbal undecanone", "herbal"], ["hop oil", "herbal"], ["lavender absolute bulgaria", "herbal"], ["linalyl acetate", "herbal"], ["matricaria chamomilla flower oil", "herbal"], ["methyl nicotinate", "herbal"], ["nopyl acetate", "herbal"], ["parsley seed oil", "herbal"], ["saffron oil", "herbal"], ["safranal", "herbal"], ["salvia sclarea oil", "herbal"], ["tea leaf absolute", "herbal"], ["theaspirane", "herbal"], ["thyme undecane", "herbal"], ["valerian rhizome oil", "herbal"], ["yerba mate absolute", "herbal"], ["methyl phenyl acetate", "honey"], ["phenyl acetic acid", "honey"], ["butyl phenol", "leathery"], ["castoreum absolute", "leathery"], ["leather cyclohexanol", "leathery"], ["marine pyridine", "marine"], ["diosphenol", "minty"], ["oakmoss absolute", "mossy"], ["oakmoss phenol", "mossy"], ["veramoss (IFF)", "mossy"], ["civet decenone", "musk"], ["exaltone (Firmenich)", "musk"], ["juniper lactone", "musk"], ["muscenone", "musk"], ["musk dimethyl indane", "musk"], ["musk lactone", "musk"], ["musk nonane", "musk"], ["musk pentane", "musk"], ["pentadecalactone", "musk"], ["phorone", "musty"], ["methyl-3-(methyl thio) pyrazine", "nutty"], ["cresol", "phenolic"], ["dimethyl benzofuran", "phenolic"], ["guaiacol", "phenolic"], ["methyl-2,6-dimethoxyphenol", "phenolic"], ["tobacco specialty", "phenolic"], ["anisyl acetate", "powdery"], ["anisyl alcohol", "powdery"], ["methyl ionone", "powdery"], ["propyl paraben", "smoky"], ["benzyl isoeugenol", "spicy"], ["cananga leaf oil", "spicy"], ["carnation absolute", "spicy"], ["caryophyllene alcohol", "spicy"], ["cassia bark oil china", "spicy"], ["clove bud oil", "spicy"], ["cumin seed absolute", "spicy"], ["cuminyl alcohol", "spicy"], ["currant bud absolute", "spicy"], ["diethyl octanamide", "spicy"], ["levisticum officinale root oil", "spicy"], ["methyl cinnamaldehyde", "spicy"], ["methyl isoeugenol", "spicy"], ["pepper oil", "spicy"], ["spicy carbonate", "spicy"], ["blackberry thiophenone", "sulfurous"], ["buchu mercaptan", "sulfurous"], ["ethyl methyl mercaptopropionate", "sulfurous"], ["grapefruit menthane", "sulfurous"], ["lychee mercaptan acetate", "sulfurous"], ["mango thiol", "sulfurous"], ["frankincense oil", "terpenic"], ["terpineol", "terpenic"], ["armoise oil", "thujonic"], ["cresyl isovalerate", "tobacco"], ["veltonal (Bedoukian)", "tobacco"], ["coumarin", "tonka"], ["deertongue absolute", "tonka"], ["dihydromint lactone", "tonka"], ["hexalactone", "tonka"], ["mint lactone", "tonka"], ["saffron resinoid", "tonka"], ["tonka bean absolute", "tonka"], ["tonka undecanone", "tonka"], ["genet absolute", "tropical"], ["ethyl vanillin", "vanilla"], ["propenyl guaethol", "vanilla"], ["vanilla bean absolute (vanilla planifolia)", "vanilla"], ["vanillyl acetate", "vanilla"], ["methional", "vegetable"], ["decyl acetate", "waxy"], ["dodecanol", "waxy"], ["ethyl laurate", "waxy"], ["ethyl myristate", "waxy"], ["undecanol", "waxy"], ["amber carbinol", "woody"], ["amber decatriene", "woody"], ["cedarwood oil virginia", "woody"], ["cedrene epoxide", "woody"], ["cistus twig/leaf oil", "woody"], ["dihydro-beta-ionone", "woody"], ["guaiacwood oil", "woody"], ["gurjun balsam oil", "woody"], ["longifolene", "woody"], ["longifolene ketone", "woody"], ["methyl cedryl ketone", "woody"], ["patchouli ethanone", "woody"], ["patchouli oil", "woody"], ["rhubarb oxirane", "woody"], ["sandal pentenone", "woody"], ["sandalwood oil", "woody"], ["santall", "woody"], ["spikenard oil", "woody"], ["spruce needle oil canada", "woody"], ["thuja occidentalis leaf oil", "woody"], ["tobacarol (IFF)", "woody"], ["tobacco nonene", "woody"], ["vetiver oil haiti", "woody"], ["violet propanol", "woody"], ["woody acetate", "woody"], ["woody amylene", "woody"], ["woody carboxylate", "woody"], ["woody dioxolane", "woody"], ["woody heptene", "woody"], ["woody propanol", "woody"], ["amyl angelate", "No flavor group found for these"], ["amyl phenyl acetate", "No flavor group found for these"], ["blackberry thiophenone", "No flavor group found for these"], ["butyl-3-methyl but-2-ene thioate", "No flavor group found for these"], ["butyl-meta-cresol", "No flavor group found for these"], ["caryophyllene alcohol", "No flavor group found for these"], ["cinnamyl phenyl acetate", "No flavor group found for these"], ["cistus ladaniferus resinoid", "No flavor group found for these"], ["citronellyl isovalerate", "No flavor group found for these"], ["cyclohexanone diethyl acetal", "No flavor group found for these"], ["decenal", "No flavor group found for these"], ["dimethoxy-4-vinyl phenol", "No flavor group found for these"], ["ethyl (E,Z)-2,6-nonadienamide", "No flavor group found for these"], ["fig leaf absolute", "No flavor group found for these"], ["furfurylidene butyraldehyde", "No flavor group found for these"], ["lavandulyl acetate", "No flavor group found for these"], ["methyl nicotinate", "No flavor group found for these"], ["methyl pyrrole", "No flavor group found for these"], ["methyl-3-(methyl thio) pyrazine", "No flavor group found for these"], ["propyl valerate", "No flavor group found for these"], ["seaweed absolute (fucus vesiculosus et serratus)", "No flavor group found for these"], ["spikenard oil", "No flavor group found for these"], ["tuberose lactone", "No flavor group found for these"], ["damascone", ""], ["undecanol", "aldehydic"], ["ambrette seed oil", "amber"], ["ambrinol", "amber"], ["cresyl caprylate", "animal"], ["methyl quinoline", "animal"], ["benzoin resinoid", "balsamic"], ["benzyl salicylate", "balsamic"], ["bornyl acetate", "balsamic"], ["butyl cinnamate", "balsamic"], ["ethyl cinnamate", "balsamic"], ["fir needle oil siberia", "balsamic"], ["myrrh oil", "balsamic"], ["opoponax oil (balsamodendron kafal)", "balsamic"], ["dihydro-alpha-ionone", "berry"], ["raspberry ketone", "berry"], ["raspberry ketone acetate", "berry"], ["raspberry ketone methyl ether", "berry"], ["beeswax absolute", "brown"], ["caramel pentadione", "caramellic"], ["ethyl maltol", "caramellic"], ["methyl 2-furoate", "caramellic"], ["dimethyl benzofuran", "chemical"], ["heliotropin", "cherry"], ["bergamot oil", "citrus"], ["grapefruit oil c.p. california", "citrus"], ["linalool", "citrus"], ["linalool", "citrus"], ["nerol", "citrus"], ["phorone", "citrus"], ["terpineol", "citrus"], ["butyl salicylate", "cooling"], ["theaspirane", "cooling"], ["anisaldehyde", "creamy"], ["dihydrocoumarin", "creamy"], ["hexalactone", "creamy"], ["methyl acetophenone", "creamy"], ["mint lactone", "creamy"], ["amyl cinnamyl acetate", "earthy"], ["dimethyl octanol", "fatty"], ["hexen-1-yl benzoate", "fatty"], ["juniper lactone", "fatty"], ["amyl phenyl acetate", "floral"], ["bois de rose oil brazil", "floral"], ["cananga oil", "floral"], ["citronellol", "floral"], ["citronellyl acetate", "floral"], ["dimethyl benzyl carbinyl acetate", "floral"], ["geraniol", "floral"], ["linalyl acetate", "floral"], ["methyl dihydrojasmonate", "floral"], ["methyl phenyl acetate", "floral"], ["ocean propanal", "floral"], ["orris rhizome resinoid (iris pallida)", "floral"], ["phenethyl alcohol", "floral"], ["phenyl acetic acid", "floral"], ["rhodinol", "floral"], ["tetrahydrolinalool", "floral"], ["tropical ionone", "floral"], ["allyl hexanoate", "fruity"], ["amyl cinnamyl isovalerate", "fruity"], ["anisyl acetate", "fruity"], ["anisyl alcohol", "fruity"], ["benzyl acetate", "fruity"], ["benzyl alcohol", "fruity"], ["benzyl propionate", "fruity"], ["buchu mercaptan acetate", "fruity"], ["damascone", "fruity"], ["ethyl levulinate", "fruity"], ["hexen-1-yl (E)-2-hexenoate", "fruity"], ["methyl ionone", "fruity"], ["osmanthus flower absolute", "fruity"], ["rose butanoate", "fruity"], ["valerian rhizome oil", "fruity"], ["tobacco leaf absolute", "grassy"], ["acetaldehyde ethyl phenethyl acetal", "green"], ["amyl salicylate", "green"], ["angelica root oil", "green"], ["celery ketone", "green"], ["chrysanthemum oxide", "green"], ["cinnamyl alcohol", "green"], ["cyclamen aldehyde", "green"], ["cyclohexyl ethyl alcohol", "green"], ["diphenyl oxide", "green"], ["galbanum oil", "green"], ["geranyl acetate", "green"], ["hexen-1-yl acetate", "green"], ["hexen-1-yl salicylate", "green"], ["hexen-1-yl tiglate", "green"], ["ivy carbaldehyde", "green"], ["leaf acetal", "green"], ["linalool oxide", "green"], ["marigold pot absolute", "green"], ["melon nonenoate", "green"], ["methyl heptine carbonate", "green"], ["nerolidol", "green"], ["oakmoss absolute", "green"], ["phenyl acetaldehyde dimethyl acetal", "green"], ["violet leaf absolute", "green"], ["genet absolute", "hay"], ["carum carvi fruit oil", "herbal"], ["celery seed oleoresin", "herbal"], ["clary sage absolute", "herbal"], ["clary sage oil france", "herbal"], ["coriander oleoresin", "herbal"], ["coriander seed oil", "herbal"], ["daucus carota fruit oil", "herbal"], ["hop oil", "herbal"], ["lavender absolute bulgaria", "herbal"], ["matricaria chamomilla flower oil", "herbal"], ["parsley seed oil", "herbal"], ["saffron oil", "herbal"], ["salvia sclarea oil", "herbal"], ["yerba mate absolute", "herbal"], ["ethyl phenyl acetate", "honey"], ["phenethyl acetate", "honey"], ["phenethyl phenyl acetate", "honey"], ["phenyl acetaldehyde", "honey"], ["lychee mercaptan acetate", "juicy"], ["dihydromint lactone", "lactonic"], ["castoreum absolute", "leathery"], ["mercapto-3-methyl butanol", "meaty"], ["dimethyl benzyl carbinol", "medicinal"], ["phenethyl salicylate", "medicinal"], ["methyl thio) butanone", "milky"], ["diosphenol", "minty"], ["civet decenone", "musk"], ["juniper lactone", "musk"], ["musk dimethyl indane", "musk"], ["acetyl furan", "nutty"], ["costus root oil", "orris"], ["cresyl isovalerate", "phenolic"], ["methyl-2,6-dimethoxyphenol", "phenolic"], ["dodecanal (aldehyde C-12 lauric)", "soapy"], ["dodecanol", "soapy"], ["benzyl isoeugenol", "spicy"], ["cassia bark oil china", "spicy"], ["cassie absolute", "spicy"], ["clove bud oil", "spicy"], ["cumin seed absolute", "spicy"], ["cuminyl alcohol", "spicy"], ["currant bud absolute", "spicy"], ["levisticum officinale root oil", "spicy"], ["methyl cinnamaldehyde", "spicy"], ["methyl cinnamate", "spicy"], ["methyl isoeugenol", "spicy"], ["pepper oil", "spicy"], ["phenyl propyl alcohol", "spicy"], ["buchu mercaptan", "sulfurous"], ["ethyl methyl mercaptopropionate", "sulfurous"], ["grapefruit menthane", "sulfurous"], ["mango thiol", "sulfurous"], ["orris rhizome absolute (iris pallida)", "sweet"], ["saffron resinoid", "sweet"], ["tea leaf absolute", "tea"], ["methional", "tomato"], ["amyl cinnamaldehyde", "tropical"], ["ethyl vanillin", "vanilla"], ["pentadecalactone", "vanilla"], ["propenyl guaethol", "vanilla"], ["vanilla bean absolute (vanilla planifolia)", "vanilla"], ["vanillyl acetate", "vanilla"], ["decanal (aldehyde C-10)", "waxy"], ["decanol", "waxy"], ["decen-1-ol", "waxy"], ["decyl acetate", "waxy"], ["ethyl laurate", "waxy"], ["ethyl myristate", "waxy"], ["hexyl cinnamaldehyde", "waxy"], ["methyl 10-undecenoate", "waxy"], ["methyl undecanal (aldehyde C-12 mna)", "waxy"], ["ambroxan", "woody"], ["amyris wood oil", "woody"], ["bornyl acetate", "woody"], ["cistus twig/leaf oil", "woody"], ["damascone", "woody"], ["dihydro-beta-ionone", "woody"], ["frankincense oil", "woody"], ["guaiacol", "woody"], ["guaiacwood oil", "woody"], ["longifolene", "woody"], ["methyl cedryl ketone", "woody"], ["methyl ionyl acetate", "woody"], ["patchouli oil", "woody"], ["safranal", "woody"], ["sandalwood oil", "woody"], ["spruce needle oil canada", "woody"], ["thuja occidentalis leaf oil", "woody"], ["vetiver oil haiti", "woody"]]}