{"name": "benzyl heptanoate", "cas": "5454-21-7", "smiles": "CCCCCCC(=O)OCC1=CC=CC=C1", "notes": ["fruity", "apricot", "herbal", "sage"], "blenders": [["amyl furoate", "anisic"], ["opoponax oil (balsamodendron kafal)", "balsamic"], ["opoponax resinoid (balsamodendron kafal)", "balsamic"], ["phenyl propyl cinnamate", "balsamic"], ["terpinyl cinnamate", "balsamic"], ["diethyl malate", "caramellic"], ["amyl octanoate", "earthy"], ["octyl phenyl acetate", "earthy"], ["amyl acetoacetate", "ethereal"], ["butyl alcohol", "ethereal"], ["decyl propionate", "ethereal"], ["ethyl 4-pentenoate", "ethereal"], ["ethyl formate", "ethereal"], ["methyl-1-butanol", "ethereal"], ["butyl undecylenate", "fatty"], ["decenal", "fatty"], ["butyl decanoate", "fermented"], ["hexanal diethyl acetal", "fermented"], ["methyl decanoate", "fermented"], ["methyl-1-pentanol", "fermented"], ["amyl cinnamaldehyde", "floral"], ["anise indene", "floral"], ["benzyl acetone", "floral"], ["butyl nonanoate", "floral"], ["butyl tiglate", "floral"], ["cassis cyclohexene", "floral"], ["citronellyl formate", "floral"], ["coranol (Firmenich)", "floral"], ["dihydrolinalool", "floral"], ["dimethyl anthranilate", "floral"], ["dimethyl benzyl carbinyl butyrate", "floral"], ["dimethyl-3-octanol", "floral"], ["ethyl linalool", "floral"], ["ethyl linalyl acetal", "floral"], ["ethyl linalyl acetate", "floral"], ["ethyl linalyl ether", "floral"], ["geranyl isobutyrate", "floral"], ["geranyl tiglate", "floral"], ["heptyl propionate", "floral"], ["jasmin lactone (IFF)", "floral"], ["linalool", "floral"], ["linalool", "floral"], ["linalool", "floral"], ["linalool oxide", "floral"], ["linalyl anthranilate", "floral"], ["menthadienyl formate", "floral"], ["methyl benzyl acetate (mixed ortho-,meta-,para-)", "floral"], ["nonan-3-yl acetate", "floral"], ["nonanone", "floral"], ["phenethyl heptanoate", "floral"], ["phenethyl isovalerate", "floral"], ["phenyl propyl butyrate", "floral"], ["rose undecene", "floral"], ["tetrahydrolinalool", "floral"], ["allyl propionate", "fruity"], ["amyl butyrate", "fruity"], ["amyl isobutyrate", "fruity"], ["amyl isobutyrate", "fruity"], ["amyl nonanoate", "fruity"], ["amyl propionate", "fruity"], ["anisyl propionate", "fruity"], ["anisyl valerate", "fruity"], ["apricot isobutyrate", "fruity"], ["apricot mango fragrance", "fruity"], ["benzyl butyrate", "fruity"], ["butyl 2-decenoate", "fruity"], ["butyl acetoacetate", "fruity"], ["butyl anthranilate", "fruity"], ["butyl hexanoate", "fruity"], ["decen-1-yl cyclopentanone", "fruity"], ["diethyl laevo-tartrate", "fruity"], ["diethyl sebacate", "fruity"], ["dihydroactinidolide", "fruity"], ["dimethyl benzyl isobutyrate", "fruity"], ["dodecalactone", "fruity"], ["ethyl 3,5,5-trimethyl hexanoate", "fruity"], ["ethyl butyrate", "fruity"], ["ethyl heptanoate", "fruity"], ["farnesyl acetone", "fruity"], ["fruity cyclopentanone", "fruity"], ["geranyl acetoacetate", "fruity"], ["heptanone", "fruity"], ["heptyl isobutyrate", "fruity"], ["ionyl ethyl ether", "fruity"], ["linalyl valerate", "fruity"], ["menth-1-ene-9-ol", "fruity"], ["methyl butyl isovalerate", "fruity"], ["methyl nonanoate", "fruity"], ["peach cyclopentanone", "fruity"], ["pentanone", "fruity"], ["pentyl butyrate", "fruity"], ["phenyl propyl butyrate", "fruity"], ["propyl butyrate", "fruity"], ["propyl heptanoate", "fruity"], ["sorbyl butyrate", "fruity"], ["tetrahydrofurfuryl butyrate", "fruity"], ["undecalactone (aldehyde C-14 (so-called))", "fruity"], ["benzaldehyde dimethyl acetal", "green"], ["benzyl hexanoate", "green"], ["butyl heptanoate", "green"], ["butyl heptanoate", "green"], ["butyl methyl ketone", "green"], ["cognac oil", "green"], ["coriander heptenol", "green"], ["heptyl acetate", "green"], ["hexen-1-yl butyrate", "green"], ["hexen-1-yl butyrate", "green"], ["hexen-1-yl valerate", "green"], ["hexyl isobutyrate", "green"], ["hexyl phenyl acetate", "green"], ["hexyl tiglate", "green"], ["amyl heptanoate", "herbal"], ["amyl tiglate", "herbal"], ["anthemis nobilis flower oil roman", "herbal"], ["buchu mercaptan acetate", "herbal"], ["butyl levulinate", "herbal"], ["chamomile propionate", "herbal"], ["chamomile valerate", "herbal"], ["cognac oil", "herbal"], ["cuminyl acetate", "herbal"], ["ethyl chrysanthemate", "herbal"], ["linalyl isovalerate", "herbal"], ["linalyl octanoate", "herbal"], ["menthen-9-yl acetate", "herbal"], ["methyl hexyl ether", "herbal"], ["myrtenyl acetate", "herbal"], ["octanon-1-ol", "herbal"], ["oxathiane, 2-ethyl-4,4-dimethyl-", "herbal"], ["phenethyl senecioate", "herbal"], ["tricyclodecenyl propionate", "herbal"], ["viridiflorol", "herbal"], ["methyl hydrocinnamate", "honey"], ["propyl phenyl acetate", "honey"], ["orris capronate", "orris"], ["ethyl undecanoate", "soapy"], ["cubeb oil", "spicy"], ["armoise oil", "thujonic"], ["allyl nonanoate", "waxy"], ["amyl laurate", "waxy"], ["ethyl nonanoate", "waxy"], ["ethyl octanoate", "waxy"], ["butyl angelate", "winey"], ["hexanol", "winey"], ["allyl cyclohexyl valerate", "No flavor group found for these"], ["amyl furoate", "No flavor group found for these"], ["amyl isobutyrate", "No flavor group found for these"], ["amyl octanoate", "No flavor group found for these"], ["amyl propionate", "No flavor group found for these"], ["amyl tiglate", "No flavor group found for these"], ["amyl-5 or 6-keto-1,4-dioxane", "No flavor group found for these"], ["anisyl propionate", "No flavor group found for these"], ["anisyl valerate", "No flavor group found for these"], ["benzyl hexanoate", "No flavor group found for these"], ["benzyl methyl tiglate", "No flavor group found for these"], ["butyl angelate", "No flavor group found for these"], ["butyl decanoate", "No flavor group found for these"], ["butyl heptanoate", "No flavor group found for these"], ["butyl nonanoate", "No flavor group found for these"], ["butyraldehyde propylene glycol acetal", "No flavor group found for these"], ["coriander heptenol", "No flavor group found for these"], ["cuminyl acetate", "No flavor group found for these"], ["decyl propionate", "No flavor group found for these"], ["diethyl laevo-tartrate", "No flavor group found for these"], ["diethyl malate", "No flavor group found for these"], ["dodecalactone", "No flavor group found for these"], ["ethyl 4-pentenoate", "No flavor group found for these"], ["ethyl aconitate", "No flavor group found for these"], ["ethyl linalyl ether", "No flavor group found for these"], ["farnesyl acetone", "No flavor group found for these"], ["geranyl acetoacetate", "No flavor group found for these"], ["hexanal diethyl acetal", "No flavor group found for these"], ["hexanol", "No flavor group found for these"], ["jasmin lactone (IFF)", "No flavor group found for these"], ["linalool", "No flavor group found for these"], ["linalyl valerate", "No flavor group found for these"], ["methyl benzyl acetate (mixed ortho-,meta-,para-)", "No flavor group found for these"], ["methyl hydrocinnamate", "No flavor group found for these"], ["nonan-3-yl acetate", "No flavor group found for these"], ["octanon-1-ol", "No flavor group found for these"], ["octyl phenyl acetate", "No flavor group found for these"], ["phenethyl heptanoate", "No flavor group found for these"], ["phenethyl senecioate", "No flavor group found for these"], ["phenyl propyl butyrate", "No flavor group found for these"], ["sorbyl propionate", "No flavor group found for these"], ["viridiflorol", "No flavor group found for these"], ["hexenoic acid", "acidic"], ["allyl propionate", "alliaceous"], ["opoponax oil (balsamodendron kafal)", "balsamic"], ["heptyl isobutyrate", "berry"], ["linalool", "citrus"], ["linalool", "citrus"], ["undecalactone (aldehyde C-14 (so-called))", "creamy"], ["butyl alcohol", "ethereal"], ["ethyl formate", "ethereal"], ["methyl hexyl ether", "ethereal"], ["methyl-1-butanol", "ethereal"], ["amyl laurate", "fatty"], ["methyl decanoate", "fatty"], ["dihydrolinalool", "floral"], ["dimethyl benzyl carbinyl butyrate", "floral"], ["geranyl isobutyrate", "floral"], ["geranyl tiglate", "floral"], ["linalyl anthranilate", "floral"], ["tetrahydrolinalool", "floral"], ["amyl acetoacetate", "fruity"], ["amyl isobutyrate", "fruity"], ["benzyl acetone", "fruity"], ["benzyl butyrate", "fruity"], ["buchu mercaptan acetate", "fruity"], ["butyl 2-decenoate", "fruity"], ["butyl acetoacetate", "fruity"], ["butyl anthranilate", "fruity"], ["butyl heptanoate", "fruity"], ["butyl hexanoate", "fruity"], ["citronellyl formate", "fruity"], ["decen-1-yl cyclopentanone", "fruity"], ["diethyl sebacate", "fruity"], ["dihydroactinidolide", "fruity"], ["dimethyl anthranilate", "fruity"], ["dimethyl benzyl isobutyrate", "fruity"], ["ethyl butyrate", "fruity"], ["ethyl heptanoate", "fruity"], ["furyl pentyl ketone", "fruity"], ["heptanone", "fruity"], ["heptyl propionate", "fruity"], ["hexyl phenyl acetate", "fruity"], ["linalyl isovalerate", "fruity"], ["linalyl octanoate", "fruity"], ["menthen-9-yl acetate", "fruity"], ["methyl butyl isovalerate", "fruity"], ["pentanone", "fruity"], ["pentyl butyrate", "fruity"], ["phenethyl isovalerate", "fruity"], ["propyl butyrate", "fruity"], ["sorbyl butyrate", "fruity"], ["terpinyl cinnamate", "fruity"], ["tetrahydrofurfuryl butyrate", "fruity"], ["cognac oil", "fusel"], ["cognac oil", "fusel"], ["benzaldehyde dimethyl acetal", "green"], ["butyl methyl ketone", "green"], ["heptyl acetate", "green"], ["hexen-1-yl butyrate", "green"], ["hexen-1-yl butyrate", "green"], ["hexen-1-yl valerate", "green"], ["hexyl isobutyrate", "green"], ["hexyl tiglate", "green"], ["linalool oxide", "green"], ["methyl-2-pentenal", "green"], ["nonanone", "green"], ["amyl heptanoate", "herbal"], ["anthemis nobilis flower oil roman", "herbal"], ["butyl levulinate", "herbal"], ["dimethyl-3-octanol", "herbal"], ["menth-1-ene-9-ol", "herbal"], ["propyl phenyl acetate", "honey"], ["propionaldehyde", "musty"], ["orris capronate", "orris"], ["cubeb oil", "spicy"], ["phenyl propyl butyrate", "spicy"], ["phenyl propyl cinnamate", "spicy"], ["amyl cinnamaldehyde", "tropical"], ["allyl nonanoate", "waxy"], ["amyl butyrate", "waxy"], ["butyl undecylenate", "waxy"], ["decenal", "waxy"], ["ethyl nonanoate", "waxy"], ["ethyl octanoate", "waxy"], ["ethyl undecanoate", "waxy"], ["propyl heptanoate", "waxy"], ["methyl-1-pentanol", "whiskey"], ["amyl nonanoate", "winey"], ["methyl nonanoate", "winey"], ["myrtenyl acetate", "woody"]]}