{"name": "butyl heptanoate", "cas": "5454-28-4", "smiles": "CCCCCCC(=O)OCCCC", "notes": ["green", "fruity", "licorice", "grassy", "oily", "winey", "starfruit", "pear", "tropical"], "blenders": [["satinaldehyde", "No odor group found for these"], ["green hexanal", "aldehydic"], ["dibutyl sulfide", "alliaceous"], ["methyl (E)-2-octenoate", "animal"], ["amyl furoate", "anisic"], ["amyl benzoate", "balsamic"], ["fir carboxylate", "balsamic"], ["hexyl benzoate", "balsamic"], ["hexyl cinnamate", "balsamic"], ["heptyl acetate", "brown"], ["propyl propionate", "chemical"], ["dimethyl pyrazine", "chocolate"], ["citronella oil ceylon", "citrus"], ["citronellal / methyl anthranilate schiff's base", "citrus"], ["citronellyl nitrile", "citrus"], ["citrus specialty", "citrus"], ["heptanol", "citrus"], ["lemongrass oil", "citrus"], ["litsea cubeba fruit oil", "citrus"], ["heptyl dihydro-5-methyl-2(3H)-furanone", "creamy"], ["methyl 3-hexenoate", "earthy"], ["octyl phenyl acetate", "earthy"], ["acetaldehyde dimethyl acetal", "ethereal"], ["cyclohexyl formate", "ethereal"], ["ethyl 4-pentenoate", "ethereal"], ["hexen-3-ol", "ethereal"], ["methyl ethyl ketone", "ethereal"], ["methyl valeraldehyde", "ethereal"], ["propyl formate", "ethereal"], ["decen-2-one", "fatty"], ["ethyl undecylenate", "fatty"], ["hexyl pivalate", "fatty"], ["methyl (E)-2-hexenoate", "fatty"], ["methyl 2-hexenoate", "fatty"], ["hexanal diethyl acetal", "fermented"], ["methyl decanoate", "fermented"], ["amyl angelate", "floral"], ["amyl cinnamaldehyde", "floral"], ["amyl cinnamaldehyde diethyl acetal", "floral"], ["benzyl acetone", "floral"], ["bois de rose oil brazil", "floral"], ["boronia absolute", "floral"], ["butyl tiglate", "floral"], ["cassis cyclohexene", "floral"], ["citronellol", "floral"], ["citronellyl acetate", "floral"], ["citronellyl formate", "floral"], ["coranol (Firmenich)", "floral"], ["cuminyl acetaldehyde", "floral"], ["damascenone", "floral"], ["damascone", "floral"], ["damascone", "floral"], ["damascone", "floral"], ["dihydrocarvyl acetate", "floral"], ["dihydrofarnesol", "floral"], ["dihydrolinalool", "floral"], ["dimethyl benzyl carbinyl butyrate", "floral"], ["dimethyl-2-nonanol", "floral"], ["dimethyl-3-octanol", "floral"], ["ethyl linalool", "floral"], ["ethyl linalyl acetal", "floral"], ["ethyl linalyl acetate", "floral"], ["ethyl linalyl ether", "floral"], ["geranyl acetone", "floral"], ["geranyl formate", "floral"], ["geranyl isobutyrate", "floral"], ["heptyl nonanoate", "floral"], ["hexyl lactate", "floral"], ["hexyl nonanoate", "floral"], ["ionone", "floral"], ["jasmin absolute egypt (from concrete)", "floral"], ["jasmin cyclopentanol", "floral"], ["jasmone", "floral"], ["jasmone", "floral"], ["linalool", "floral"], ["linalool", "floral"], ["linalool", "floral"], ["linalool oxide", "floral"], ["linalyl anthranilate", "floral"], ["magnolia flower oil CO2 extract", "floral"], ["menthadienyl formate", "floral"], ["methoxy-1-methyl propyl) benzene", "floral"], ["methyl benzyl acetate", "floral"], ["methyl benzyl acetate (mixed ortho-,meta-,para-)", "floral"], ["methyl citronellate", "floral"], ["methyl epi-jasmonate", "floral"], ["mimosa absolute", "floral"], ["mimosa absolute france", "floral"], ["mimosa absolute india", "floral"], ["mimosa absolute morocco", "floral"], ["muguet shiseol", "floral"], ["nerol", "floral"], ["neryl formate", "floral"], ["nonan-3-yl acetate", "floral"], ["nonanone", "floral"], ["palmarosa oil", "floral"], ["papaya isobutyrate", "floral"], ["phenethyl acetate", "floral"], ["phenyl propionaldehyde dimethyl acetal", "floral"], ["rose undecene", "floral"], ["styralyl propionate", "floral"], ["tetrahydrolinalool", "floral"], ["tilia cordata flower oil CO2 extract", "floral"], ["acetaldehyde hexyl isoamyl acetal", "fruity"], ["allyl 2-ethyl butyrate", "fruity"], ["allyl amyl glycolate", "fruity"], ["allyl butyrate", "fruity"], ["allyl oxy-1,4-dimethyl bicyclo(3.2.1)octane", "fruity"], ["amyl 2-methyl butyrate", "fruity"], ["amyl butyrate", "fruity"], ["amyl formate", "fruity"], ["amyl hexanoate", "fruity"], ["amyl isobutyrate", "fruity"], ["amyl isobutyrate", "fruity"], ["amyl isovalerate", "fruity"], ["amyl isovalerate", "fruity"], ["amyl valerate", "fruity"], ["anisyl propionate", "fruity"], ["apple ketal", "fruity"], ["balsam specialty", "fruity"], ["benzyl isovalerate", "fruity"], ["benzyl propionate", "fruity"], ["berry pentadienoate", "fruity"], ["bisabolene", "fruity"], ["butyl 2-decenoate", "fruity"], ["butyl 2-methyl butyrate", "fruity"], ["butyl bicyclo[3.2.1]-6-octen-2-one", "fruity"], ["butyl hexanoate", "fruity"], ["butyl isovalerate", "fruity"], ["butyl isovalerate", "fruity"], ["butyl octanoate", "fruity"], ["butyl propionate", "fruity"], ["cherry pentenoate", "fruity"], ["cinnamyl hexanoate", "fruity"], ["citronellyl isobutyrate", "fruity"], ["cyclohexyl butyrate", "fruity"], ["cyclohexyl isovalerate", "fruity"], ["cyclopentyl cyclopentanone", "fruity"], ["damascone", "fruity"], ["damascone", "fruity"], ["damascone", "fruity"], ["dibutyl-6,8-dioxabicyclo(3.2.1)octane", "fruity"], ["diethyl malonate", "fruity"], ["dimethyl succinate", "fruity"], ["eriocephalus punctulatus flower oil", "fruity"], ["ethyl (E)-3-hexenoate", "fruity"], ["ethyl 2-cyclohexyl propionate", "fruity"], ["ethyl 2-hexenoate", "fruity"], ["ethyl 2-octenoate", "fruity"], ["ethyl 3-hexenoate", "fruity"], ["ethyl acetoacetate", "fruity"], ["ethyl bicyclo(2.2.1)-5-heptene-2-carboxylate", "fruity"], ["ethyl bicyclo(2.2.1)-5-heptene-2-carboxylate", "fruity"], ["ethyl isovalerate", "fruity"], ["ethyl levulinate", "fruity"], ["ethyl methyl-para-tolyl glycidate", "fruity"], ["ethyl sorbate", "fruity"], ["ethyl tiglate", "fruity"], ["ethyl valerate", "fruity"], ["fig crotonate", "fruity"], ["fruity butanate", "fruity"], ["fruity ketal", "fruity"], ["geranyl 2-methyl butyrate", "fruity"], ["geranyl butyrate", "fruity"], ["geranyl ethyl ether", "fruity"], ["geranyl isovalerate", "fruity"], ["grape butyrate", "fruity"], ["heptyl butyrate", "fruity"], ["heptyl butyrate", "fruity"], ["heptyl isobutyrate", "fruity"], ["heptyl valerate", "fruity"], ["hexanal propylene glycol acetal", "fruity"], ["hexen-1-ol", "fruity"], ["hexen-1-yl acetate", "fruity"], ["hexen-1-yl anthranilate", "fruity"], ["hexen-1-yl isobutyrate", "fruity"], ["hexyl (E)-tiglate", "fruity"], ["hexyl acetate", "fruity"], ["hexyl formate", "fruity"], ["hexyl isovalerate", "fruity"], ["hexyl propionate", "fruity"], ["hexyl valerate", "fruity"], ["methyl 3-nonenoate", "fruity"], ["methyl butyl butyrate", "fruity"], ["methyl butyl isovalerate", "fruity"], ["methyl butyrate", "fruity"], ["methyl heptanoate", "fruity"], ["methyl isovalerate", "fruity"], ["methyl octadienoate", "fruity"], ["methyl valerate", "fruity"], ["methyl-2-butenal", "fruity"], ["methyl-2-pentenal", "fruity"], ["nerolidyl isobutyrate", "fruity"], ["neryl propionate", "fruity"], ["nonanone", "fruity"], ["nonenal dimethyl acetal", "fruity"], ["nonyl isovalerate", "fruity"], ["octen-1-yl cyclopentanone", "fruity"], ["octyl butyrate", "fruity"], ["pentyl furan", "fruity"], ["phenyl propyl hexanoate", "fruity"], ["phenyl-2-butyl acetate", "fruity"], ["pineapple pentenoate", "fruity"], ["prenol", "fruity"], ["prenyl ethyl ether", "fruity"], ["prenyl hexanoate", "fruity"], ["propyl 2-methyl butyrate", "fruity"], ["propyl heptanoate", "fruity"], ["propyl isovalerate", "fruity"], ["propyl isovalerate", "fruity"], ["rhubarb undecane", "fruity"], ["sorbyl butyrate", "fruity"], ["sorbyl butyrate", "fruity"], ["tetrahydrofurfuryl butyrate", "fruity"], ["tetramethyl-2,5-octadien-4-one", "fruity"], ["tropical specialty", "fruity"], ["tropical thiazole", "fruity"], ["tropical trithiane", "fruity"], ["acetaldehyde benzyl 2-methoxyethyl acetal", "green"], ["actinidia chinensis fruit extract", "green"], ["actinidia chinensis fruit water", "green"], ["actinidia chinensis seed extract", "green"], ["alfalfa absolute", "green"], ["alfalfa oil", "green"], ["alfalfa resinoid", "green"], ["allyl phenethyl ether", "green"], ["bark carbaldehyde", "green"], ["butyl heptanoate", "green"], ["butyl methyl ketone", "green"], ["butyl-3-methyl but-2-ene thioate", "green"], ["currant bud absolute replacer", "green"], ["decalactone", "green"], ["dicyclopentadiene propionate", "green"], ["dimethyl octanal", "green"], ["dimethyl-6-octenoic acid", "green"], ["ethyl (E,Z)-2,4-decadienoate", "green"], ["ethyl (E)-2-hexenoate", "green"], ["ethyl (E)-4-decenoate", "green"], ["galbanum specialty", "green"], ["green dioxolane", "green"], ["green note propionate", "green"], ["green specialty", "green"], ["hepten-1-ol", "green"], ["hepten-2-one", "green"], ["heptyl heptanoate", "green"], ["herbal cyclohexane", "green"], ["hexanal (aldehyde C-6)", "green"], ["hexanal dihexyl acetal", "green"], ["hexen-1-ol", "green"], ["hexen-1-ol", "green"], ["hexen-1-yl (E)-2-hexenoate", "green"], ["hexen-1-yl (Z)-3-hexenoate", "green"], ["hexen-1-yl 2-methyl butyrate", "green"], ["hexen-1-yl acetate", "green"], ["hexen-1-yl acetate", "green"], ["hexen-1-yl benzoate", "green"], ["hexen-1-yl butyrate", "green"], ["hexen-1-yl formate", "green"], ["hexen-1-yl hexanoate", "green"], ["hexen-1-yl isovalerate", "green"], ["hexen-1-yl octanoate", "green"], ["hexen-1-yl propionate", "green"], ["hexen-1-yl valerate", "green"], ["hexen-1-yl valerate", "green"], ["hexenal", "green"], ["hexenal diethyl acetal", "green"], ["hexenal propylene glycol acetal", "green"], ["hexenyl 2-methyl butyrate", "green"], ["hexenyl acetate", "green"], ["hexenyl methyl ether", "green"], ["hexyl 2-methyl butyrate", "green"], ["hexyl butyrate", "green"], ["hexyl hexanoate", "green"], ["hexyl isobutyrate", "green"], ["hexyl octanoate", "green"], ["hexyl tiglate", "green"], ["lilac acetaldehyde", "green"], ["magnolia flower oil", "green"], ["manzanate (Givaudan)", "green"], ["methyl (E)-3-hexenoate", "green"], ["neogall", "green"], ["neryl butyrate", "green"], ["oakmoss resin", "green"], ["octyl formate", "green"], ["pentenal", "green"], ["phenoxyethyl isobutyrate", "green"], ["phenyl-2-pentanol", "green"], ["propyl tiglate", "green"], ["propylene acetal", "green"], ["sorbyl isobutyrate", "green"], ["sorbyl isobutyrate", "green"], ["terpinyl propionate", "green"], ["tetrahydro-1H-inden-6-yl]ethanone", "green"], ["thiogeraniol", "green"], ["tiglaldehyde", "green"], ["trimethyl hexanol", "green"], ["violet dienyne", "green"], ["amyl heptanoate", "herbal"], ["artemisia ludoviciana oil", "herbal"], ["buchu mercaptan acetate", "herbal"], ["butyl levulinate", "herbal"], ["chamomile propionate", "herbal"], ["chamomile valerate", "herbal"], ["clary sage resin america", "herbal"], ["dimethyl benzyl carbinyl crotonate", "herbal"], ["hexanol", "herbal"], ["linalyl formate", "herbal"], ["menthen-9-yl acetate", "herbal"], ["methoxy-2,6-dimethyl octanal", "herbal"], ["methyl hexyl ether", "herbal"], ["myrtenyl acetate", "herbal"], ["myrtle oil", "herbal"], ["octanon-1-ol", "herbal"], ["oregano specialty", "herbal"], ["perillaldehyde", "herbal"], ["perillaldehyde", "herbal"], ["rue oil", "herbal"], ["rue oil cuba", "herbal"], ["tagete oil CO2 extract", "herbal"], ["tagete oil egypt", "herbal"], ["tagete oil india", "herbal"], ["tagete oil south africa", "herbal"], ["tagete oil turkey", "herbal"], ["tagete oil zambia", "herbal"], ["tricyclodecenyl isobutyrate", "herbal"], ["tricyclodecenyl propionate", "herbal"], ["tricyclodecyl acetate", "herbal"], ["viridiflorol", "herbal"], ["carvyl acetate", "minty"], ["pulegol", "minty"], ["pulegol", "minty"], ["orris capronate", "orris"], ["cinnamyl propionate", "spicy"], ["cubeb oil", "spicy"], ["dimethyl bicyclo(3.2.1)-2-octen-3-yl acetate + 1,4-dimethyl bicyclo(3.2.1)-2-octen-3-yl acetate", "spicy"], ["furyl) acrolein", "spicy"], ["methyl 4-mercaptopentan-2-one 1% solution", "sulfurous"], ["cassis bud oil", "terpenic"], ["psidium guajava fruit extract", "tropical"], ["ethyl decanoate", "waxy"], ["methyl geranate", "waxy"], ["methyl octanoate", "waxy"], ["nonanol", "waxy"], ["octyl 2-methyl butyrate", "waxy"], ["methyl 3-acetoxyoctanoate", "winey"], ["cedarwood oil lebanon", "woody"], ["decalinyl acetate", "woody"], ["marine formate", "woody"], ["patchouli absolute", "woody"], ["pine needle oil", "woody"], ["verdoxan", "woody"], ["acetaldehyde benzyl 2-methoxyethyl acetal", "No flavor group found for these"], ["acetaldehyde hexyl isoamyl acetal", "No flavor group found for these"], ["acetyl-4-isopropenyl pyridine", "No flavor group found for these"], ["acetyl-4-isopropyl pyridine", "No flavor group found for these"], ["actinidia chinensis fruit juice", "No flavor group found for these"], ["allyl levulinate", "No flavor group found for these"], ["allyl tiglate", "No flavor group found for these"], ["amyl 2-methyl butyrate", "No flavor group found for these"], ["amyl angelate", "No flavor group found for these"], ["amyl furoate", "No flavor group found for these"], ["amyl isobutyrate", "No flavor group found for these"], ["amyl isovalerate", "No flavor group found for these"], ["anisyl propionate", "No flavor group found for these"], ["benzyl methyl tiglate", "No flavor group found for these"], ["butyl heptanoate", "No flavor group found for these"], ["butyl octanoate", "No flavor group found for these"], ["butyl-3-methyl but-2-ene thioate", "No flavor group found for these"], ["cinnamyl hexanoate", "No flavor group found for these"], ["cyclohexyl butyrate", "No flavor group found for these"], ["cyclopentyl cyclopentanone", "No flavor group found for these"], ["damascone", "No flavor group found for these"], ["decalactone", "No flavor group found for these"], ["diethyl-4-propyl thiazole", "No flavor group found for these"], ["dihydroperillaldehyde", "No flavor group found for these"], ["dimethyl benzyl carbinyl crotonate", "No flavor group found for these"], ["ethyl 2-(methyl thio) acetate", "No flavor group found for these"], ["ethyl 2-hexenoate", "No flavor group found for these"], ["ethyl 4-pentenoate", "No flavor group found for these"], ["ethyl bicyclo(2.2.1)-5-heptene-2-carboxylate", "No flavor group found for these"], ["ethyl linalyl ether", "No flavor group found for these"], ["ethyl pyridine", "No flavor group found for these"], ["furyl) acrolein", "No flavor group found for these"], ["geranyl 2-methyl butyrate", "No flavor group found for these"], ["geranyl ethyl ether", "No flavor group found for these"], ["hepten-1-ol", "No flavor group found for these"], ["heptenoic acid", "No flavor group found for these"], ["heptyl 2-methyl butyrate", "No flavor group found for these"], ["heptyl butyrate", "No flavor group found for these"], ["heptyl nonanoate", "No flavor group found for these"], ["hexanal diethyl acetal", "No flavor group found for these"], ["hexanal dihexyl acetal", "No flavor group found for these"], ["hexenal", "No flavor group found for these"], ["hexenal", "No flavor group found for these"], ["hexenal diethyl acetal", "No flavor group found for these"], ["hexenal diethyl acetal", "No flavor group found for these"], ["hexenal dimethyl acetal", "No flavor group found for these"], ["hexenal propylene glycol acetal", "No flavor group found for these"], ["hexenoic acid", "No flavor group found for these"], ["hexenyl acetate", "No flavor group found for these"], ["hexyl (E)-2-hexenoate", "No flavor group found for these"], ["hexyl acetate", "No flavor group found for these"], ["hexyl nonanoate", "No flavor group found for these"], ["hexyl propionate", "No flavor group found for these"], ["hexyl valerate", "No flavor group found for these"], ["linalool", "No flavor group found for these"], ["magnolia flower oil", "No flavor group found for these"], ["magnolia flower oil CO2 extract", "No flavor group found for these"], ["methyl (E)-2-hexenoate", "No flavor group found for these"], ["methyl 2-hexenoate", "No flavor group found for these"], ["methyl 3-acetoxyoctanoate", "No flavor group found for these"], ["methyl 3-hydroxybutyrate", "No flavor group found for these"], ["methyl 4-mercaptopentan-2-one 1% solution", "No flavor group found for these"], ["methyl benzyl acetate (mixed ortho-,meta-,para-)", "No flavor group found for these"], ["methyl geranate", "No flavor group found for these"], ["methyl octadienoate", "No flavor group found for these"], ["methyl thio) hexanal", "No flavor group found for these"], ["methyl-3-heptanone", "No flavor group found for these"], ["nonan-3-yl acetate", "No flavor group found for these"], ["nonyl isovalerate", "No flavor group found for these"], ["octadien-2-one", "No flavor group found for these"], ["octanon-1-ol", "No flavor group found for these"], ["octyl butyrate", "No flavor group found for these"], ["octyl phenyl acetate", "No flavor group found for these"], ["phenyl-2-butyl acetate", "No flavor group found for these"], ["prenyl ethyl ether", "No flavor group found for these"], ["prenyl hexanoate", "No flavor group found for these"], ["propyl 2-methyl butyrate", "No flavor group found for these"], ["propyl isovalerate", "No flavor group found for these"], ["propyl isovalerate", "No flavor group found for these"], ["propyl tiglate", "No flavor group found for these"], ["propylene acetal", "No flavor group found for these"], ["sorbyl butyrate", "No flavor group found for these"], ["sorbyl isobutyrate", "No flavor group found for these"], ["viridiflorol", "No flavor group found for these"], ["althaea officinalis root tincture", ""], ["sorbyl isobutyrate", ""], ["tropical thiazole", "alliaceous"], ["perillaldehyde", "aromatic"], ["heptyl isobutyrate", "berry"], ["nonanone", "cheesy"], ["methyl ethyl ketone", "chemical"], ["bisabolene", "citrus"], ["citronella oil ceylon", "citrus"], ["lemongrass oil", "citrus"], ["linalool", "citrus"], ["linalool", "citrus"], ["litsea cubeba fruit oil", "citrus"], ["nerol", "citrus"], ["styralyl propionate", "citrus"], ["massoia lactone", "coconut"], ["manzanate (Givaudan)", "cooling"], ["acetyl-2-thiazoline", "corn chip"], ["althaea officinalis root extract", "creamy"], ["heptadienal", "creamy"], ["hepten-2-one", "creamy"], ["massoia lactone", "creamy"], ["hexen-3-yl acetate", "earthy"], ["ethyl acetoacetate", "estery"], ["acetaldehyde dimethyl acetal", "ethereal"], ["allyl 2-ethyl butyrate", "ethereal"], ["methyl hexyl ether", "ethereal"], ["ethyl (E)-4-decenoate", "fatty"], ["ethyl undecylenate", "fatty"], ["heptyl acetate", "fatty"], ["hexen-1-yl benzoate", "fatty"], ["methyl decanoate", "fatty"], ["bois de rose oil brazil", "floral"], ["cinnamyl propionate", "floral"], ["citronellol", "floral"], ["citronellyl acetate", "floral"], ["dihydrocarvyl acetate", "floral"], ["dihydrofarnesol", "floral"], ["dihydrolinalool", "floral"], ["dimethyl benzyl carbinyl butyrate", "floral"], ["dimethyl-6-octenoic acid", "floral"], ["geranyl acetone", "floral"], ["geranyl isobutyrate", "floral"], ["hexen-1-yl anthranilate", "floral"], ["jasmin absolute egypt (from concrete)", "floral"], ["linalyl anthranilate", "floral"], ["methyl citronellate", "floral"], ["methyl epi-jasmonate", "floral"], ["mimosa absolute morocco", "floral"], ["muguet shiseol", "floral"], ["satinaldehyde", "floral"], ["tetrahydrolinalool", "floral"], ["amyl benzoate", "fruity"], ["amyl formate", "fruity"], ["amyl hexanoate", "fruity"], ["amyl isobutyrate", "fruity"], ["amyl valerate", "fruity"], ["apple ketal", "fruity"], ["benzyl acetone", "fruity"], ["benzyl isovalerate", "fruity"], ["benzyl propionate", "fruity"], ["berry pentadienoate", "fruity"], ["boronia absolute", "fruity"], ["buchu mercaptan acetate", "fruity"], ["butyl 2-decenoate", "fruity"], ["butyl 2-methyl butyrate", "fruity"], ["butyl hexanoate", "fruity"], ["butyl isovalerate", "fruity"], ["butyl propionate", "fruity"], ["cassis bud oil", "fruity"], ["cherry pentenoate", "fruity"], ["citronellyl formate", "fruity"], ["citronellyl isobutyrate", "fruity"], ["currant bud absolute replacer", "fruity"], ["cyclohexyl isovalerate", "fruity"], ["damascone", "fruity"], ["damascone", "fruity"], ["damascone", "fruity"], ["damascone", "fruity"], ["diethyl malonate", "fruity"], ["dimethyl succinate", "fruity"], ["ethyl (E)-2-hexenoate", "fruity"], ["ethyl (E)-2-octenoate", "fruity"], ["ethyl (E)-3-hexenoate", "fruity"], ["ethyl 2-octenoate", "fruity"], ["ethyl 3-hexenoate", "fruity"], ["ethyl isovalerate", "fruity"], ["ethyl levulinate", "fruity"], ["ethyl methyl-para-tolyl glycidate", "fruity"], ["ethyl sorbate", "fruity"], ["ethyl tiglate", "fruity"], ["ethyl valerate", "fruity"], ["fruity ketal", "fruity"], ["furfuryl propionate", "fruity"], ["furyl pentyl ketone", "fruity"], ["geranyl butyrate", "fruity"], ["heptanol", "fruity"], ["heptyl dihydro-5-methyl-2(3H)-furanone", "fruity"], ["hexanal propylene glycol acetal", "fruity"], ["hexen-1-ol", "fruity"], ["hexen-1-yl (E)-2-hexenoate", "fruity"], ["hexen-1-yl acetate", "fruity"], ["hexen-1-yl isobutyrate", "fruity"], ["hexyl acetate", "fruity"], ["hexyl hexanoate", "fruity"], ["hexyl lactate", "fruity"], ["kiwi distillates", "fruity"], ["lilac acetaldehyde", "fruity"], ["menthen-9-yl acetate", "fruity"], ["methyl (E)-2-octenoate", "fruity"], ["methyl 3-hexenoate", "fruity"], ["methyl 3-nonenoate", "fruity"], ["methyl benzyl acetate", "fruity"], ["methyl butyl butyrate", "fruity"], ["methyl butyl isovalerate", "fruity"], ["methyl heptanoate", "fruity"], ["methyl isovalerate", "fruity"], ["methyl valerate", "fruity"], ["methyl-2-butenal", "fruity"], ["methyl-2-pentenal", "fruity"], ["neryl formate", "fruity"], ["nonen-1-yl acetate", "fruity"], ["octen-1-yl acetate", "fruity"], ["octen-1-yl cyclopentanone", "fruity"], ["phenyl propionaldehyde dimethyl acetal", "fruity"], ["phenyl propyl hexanoate", "fruity"], ["phenyl-2-pentanol", "fruity"], ["pineapple pentenoate", "fruity"], ["prenol", "fruity"], ["propyl formate", "fruity"], ["sorbyl butyrate", "fruity"], ["tagete oil CO2 extract", "fruity"], ["tagete oil south africa", "fruity"], ["tagete oil turkey", "fruity"], ["tagete oil zambia", "fruity"], ["tetrahydrofurfuryl butyrate", "fruity"], ["tiglaldehyde", "fruity"], ["tropical trithiane", "fruity"], ["methyl butyrate", "fusel"], ["palmarosa oil", "grassy"], ["actinidia chinensis fruit extract", "green"], ["alfalfa oil", "green"], ["alfalfa resinoid", "green"], ["allyl butyrate", "green"], ["amyl isovalerate", "green"], ["butyl isovalerate", "green"], ["butyl methyl ketone", "green"], ["cuminyl acetaldehyde", "green"], ["cyclohexyl formate", "green"], ["decen-2-one", "green"], ["dibutyl sulfide", "green"], ["dimethoxystyrene", "green"], ["dimethyl octanal", "green"], ["ethyl (E,Z)-2,4-decadienoate", "green"], ["ethyl butyraldehyde", "green"], ["geranyl formate", "green"], ["geranyl isovalerate", "green"], ["grape butyrate", "green"], ["green note propionate", "green"], ["heptyl butyrate", "green"], ["heptyl heptanoate", "green"], ["hexadienal", "green"], ["hexanal (aldehyde C-6)", "green"], ["hexanol", "green"], ["hexen-1-ol", "green"], ["hexen-1-ol", "green"], ["hexen-1-yl (Z)-3-hexenoate", "green"], ["hexen-1-yl 2-methyl butyrate", "green"], ["hexen-1-yl acetate", "green"], ["hexen-1-yl acetate", "green"], ["hexen-1-yl butyrate", "green"], ["hexen-1-yl formate", "green"], ["hexen-1-yl hexanoate", "green"], ["hexen-1-yl isovalerate", "green"], ["hexen-1-yl octanoate", "green"], ["hexen-1-yl propionate", "green"], ["hexen-1-yl valerate", "green"], ["hexen-1-yl valerate", "green"], ["hexen-3-ol", "green"], ["hexenal", "green"], ["hexenyl 2-methyl butyrate", "green"], ["hexyl (E)-tiglate", "green"], ["hexyl 2-methyl butyrate", "green"], ["hexyl benzoate", "green"], ["hexyl butyrate", "green"], ["hexyl formate", "green"], ["hexyl isobutyrate", "green"], ["hexyl isovalerate", "green"], ["hexyl octanoate", "green"], ["hexyl tiglate", "green"], ["jasmone", "green"], ["linalool oxide", "green"], ["methyl (E)-3-hexenoate", "green"], ["methyl 2-undecynoate", "green"], ["methyl octanoate", "green"], ["methyl-2-furyl) butanal", "green"], ["methyl-2-pentenal", "green"], ["neryl butyrate", "green"], ["neryl propionate", "green"], ["nonanone", "green"], ["octadienal", "green"], ["octadienal", "green"], ["papaya isobutyrate", "green"], ["pentenal", "green"], ["pentyl furan", "green"], ["phenoxyethyl isobutyrate", "green"], ["terpinyl propionate", "green"], ["thiogeraniol", "green"], ["trimethyl hexanol", "green"], ["amyl heptanoate", "herbal"], ["butyl levulinate", "herbal"], ["dimethyl-3-octanol", "herbal"], ["green hexanal", "herbal"], ["linalyl formate", "herbal"], ["rue oil", "herbal"], ["rue oil cuba", "herbal"], ["tagete oil egypt", "herbal"], ["tagete oil india", "herbal"], ["phenethyl acetate", "honey"], ["carvyl acetate", "minty"], ["pulegol", "minty"], ["pulegol", "minty"], ["dimethyl pyrazine", "musty"], ["orris capronate", "orris"], ["acetaldehyde", "pungent"], ["methyl valeric acid", "sour"], ["cubeb oil", "spicy"], ["myrtle oil", "spicy"], ["perillaldehyde", "spicy"], ["amyl cinnamaldehyde", "tropical"], ["guava distillates", "tropical"], ["propyl propionate", "tropical"], ["psidium guajava fruit", "tropical"], ["psidium guajava fruit extract", "tropical"], ["methyl valeraldehyde", "vegetable"], ["amyl butyrate", "waxy"], ["ethyl decanoate", "waxy"], ["mimosa absolute", "waxy"], ["mimosa absolute france", "waxy"], ["mimosa absolute india", "waxy"], ["nonanol", "waxy"], ["octyl 2-methyl butyrate", "waxy"], ["octyl butyrate", "waxy"], ["octyl formate", "waxy"], ["propyl heptanoate", "waxy"], ["ethyl-2-methyl pyridine", "winey"], ["damascenone", "woody"], ["ionone", "woody"], ["jasmone", "woody"], ["myrtenyl acetate", "woody"]]}