{"name": "dianthus ethone", "cas": "5595-79-9", "smiles": "CCOC1=C(C=CC(=C1)COC)O", "notes": ["sweet", "floral", "spicy", "carnation", "clove", "powdery", "vanilla", "custard", "woody burnt wood", "balsamic"], "blenders": [["benzoin resin replacer", "balsamic"], ["benzyl cinnamate", "balsamic"], ["bisabolene", "balsamic"], ["guaiacyl phenyl acetate", "balsamic"], ["methyl cinnamyl alcohol", "balsamic"], ["peru balsam absolute", "balsamic"], ["peru balsam oil", "balsamic"], ["chocolate specialty", "chocolate"], ["vanillic acid", "creamy"], ["angel dust fragrance", "floral"], ["butyl salicylate", "floral"], ["cardamom absolute", "floral"], ["carnation concrete", "floral"], ["cestrum nocturnum flower oil", "floral"], ["champaca absolute", "floral"], ["coffee flower absolute", "floral"], ["daffodil fragrance", "floral"], ["eugenyl ethyl acetal", "floral"], ["geranium oil bourbon", "floral"], ["ginger lily fragrance", "floral"], ["guaethol allyl ether", "floral"], ["hawthorn specialty", "floral"], ["heliotropyl diethyl acetal", "floral"], ["jasmin absolute italy (from concrete)", "floral"], ["jasmone", "floral"], ["jonquil absolute replacer", "floral"], ["methoxybenzyl ethyl ether", "floral"], ["phenethyl salicylate", "floral"], ["phenyl amyl alcohol", "floral"], ["rhodinol", "floral"], ["rose absolute (rosa centifolia)", "floral"], ["rose absolute (rosa centifolia) morocco", "floral"], ["rose oil (rosa centifolia) egypt", "floral"], ["rose oil (rosa damascena) bulgaria", "floral"], ["rose oil (rosa damascena) iran", "floral"], ["rose oil (rosa damascena) turkey", "floral"], ["rose oil replacer", "floral"], ["tobacco flower absolute", "floral"], ["tuberose absolute (from concrete)", "floral"], ["tuberose absolute (from pommade)", "floral"], ["tuberose absolute chassis", "floral"], ["tuberose absolute replacer", "floral"], ["wallflower absolute", "floral"], ["ylang ylang flower absolute", "floral"], ["cinnamyl isobutyrate", "fruity"], ["marigold absolute (tagetes glandulifera)", "fruity"], ["marigold pot absolute", "green"], ["agate fragrance", "herbal"], ["clary sage absolute", "herbal"], ["coriander seed absolute", "herbal"], ["elder flower absolute", "herbal"], ["rose oil (rosa centifolia) morocco", "herbal"], ["ethyl salicylate", "minty"], ["musk indanone", "musk"], ["acacia fragrance", "spicy"], ["amyl isoeugenol", "spicy"], ["anisaldehyde", "spicy"], ["anisyl formate", "spicy"], ["benzyl isoeugenol", "spicy"], ["cananga leaf oil", "spicy"], ["carnation absolute replacer", "spicy"], ["carnation specialty", "spicy"], ["cinnamaldehyde / methyl anthranilate schiff's base", "spicy"], ["cinnamyl acetate", "spicy"], ["cinnamyl acetate", "spicy"], ["cinnamyl acetate", "spicy"], ["cinnamyl propionate", "spicy"], ["cyclogeraniol (IFF)", "spicy"], ["ethyl isoeugenol", "spicy"], ["eugenol", "spicy"], ["eugenol", "spicy"], ["eugenyl acetate", "spicy"], ["eugenyl acetate", "spicy"], ["eugenyl phenyl acetate", "spicy"], ["floral spice fragrance", "spicy"], ["mace oleoresin", "spicy"], ["maja fragrance", "spicy"], ["methoxy-alpha-methyl cinnamaldehyde", "spicy"], ["methoxycinnamaldehyde", "spicy"], ["methyl eugenol", "spicy"], ["methyl isoeugenol", "spicy"], ["spicy acetoacetate", "spicy"], ["heliotropyl alcohol", "vanilla"], ["vanillylidene acetone", "vanilla"], ["guaiacyl acetate", "woody"], ["rhubarb oxirane", "woody"], ["anisaldehyde", "No flavor group found for these"], ["bisabolene", "No flavor group found for these"], ["cinnamyl acetate", "No flavor group found for these"], ["cinnamyl acetate", "No flavor group found for these"], ["ethyl S-(2-furyl methyl) thiocarbonate", "No flavor group found for these"], ["eugenyl phenyl acetate", "No flavor group found for these"], ["heliotropyl alcohol", "No flavor group found for these"], ["methoxy-alpha-methyl cinnamaldehyde", "No flavor group found for these"], ["methoxycinnamaldehyde", "No flavor group found for these"], ["methyl-3-furyl)thio)-2-butanone", "No flavor group found for these"], ["phenyl amyl alcohol", "No flavor group found for these"], ["peru balsam absolute", "balsamic"], ["peru balsam oil", "balsamic"], ["vanillylidene acetone", "balsamic"], ["butyl salicylate", "cooling"], ["vanillic acid", "creamy"], ["cardamom absolute", "floral"], ["cinnamyl propionate", "floral"], ["geranium oil bourbon", "floral"], ["jasmin absolute italy (from concrete)", "floral"], ["rhodinol", "floral"], ["rose absolute (rosa centifolia)", "floral"], ["rose absolute (rosa centifolia) morocco", "floral"], ["rose oil (rosa centifolia) egypt", "floral"], ["rose oil (rosa damascena) bulgaria", "floral"], ["rose oil (rosa damascena) iran", "floral"], ["rose oil (rosa damascena) turkey", "floral"], ["tuberose absolute (from concrete)", "floral"], ["tuberose absolute (from pommade)", "floral"], ["tuberose absolute chassis", "floral"], ["ylang ylang flower absolute", "floral"], ["cinnamyl isobutyrate", "fruity"], ["hexadienal", "green"], ["marigold pot absolute", "green"], ["clary sage absolute", "herbal"], ["coriander seed absolute", "herbal"], ["rose oil (rosa centifolia) morocco", "herbal"], ["phenethyl salicylate", "medicinal,"], ["ethyl salicylate", "minty"], ["guaiacyl phenyl acetate", "phenolic"], ["anisyl formate", "spicy"], ["benzyl cinnamate", "spicy"], ["benzyl isoeugenol", "spicy"], ["cinnamyl acetate", "spicy"], ["ethyl isoeugenol", "spicy"], ["eugenol", "spicy"], ["eugenyl acetate", "spicy"], ["eugenyl acetate", "spicy"], ["mace oleoresin", "spicy"], ["methyl biphenyl", "spicy"], ["methyl isoeugenol", "spicy"], ["spicy acetoacetate", "spicy"], ["guaiacyl acetate", "woody"], ["jasmone", "woody"]]}