{"name": "myrtenal", "cas": "564-94-3", "smiles": "CC1(C2CC=C(C1C2)C=O)C", "notes": ["sweet", "spicy", "cinnamon", "tonka", "terpenic", "camphoreous", "jammy", "cooling", "green", "minty", "spicy", "woody"], "blenders": [["methyl quinoline", "animal"], ["methyl cinnamate", "balsamic"], ["phenoxyethyl formate", "balsamic"], ["phenyl propyl acetate", "balsamic"], ["pine needle absolute", "balsamic"], ["immortelle absolute", "caramellic"], ["coconut decanone methyl", "coconut"], ["coconut naphthalenone", "coconut"], ["heptalactone", "coconut"], ["coumane", "coumarinic"], ["phthalide", "coumarinic"], ["tonka bean oleoresin", "coumarinic"], ["tonka bean resinoid", "coumarinic"], ["tonka furanone", "coumarinic"], ["tonka ketone", "coumarinic"], ["tonkavert", "coumarinic"], ["vanillyl alcohol", "creamy"], ["cyclohexyl formate", "ethereal"], ["amyl cinnamyl acetate", "floral"], ["phenoxyethanol", "floral"], ["amyl isovalerate", "fruity"], ["manzanate (Givaudan)", "green"], ["syringaldehyde", "green"], ["trimethyl hexanol", "green"], ["hay absolute", "hay"], ["barosma betulina leaf oil", "herbal"], ["campholene acetate", "herbal"], ["dehydroxylinalool oxide", "herbal"], ["dill weed oil reunion", "herbal"], ["hydroxydihydrotheaspirane (mixture of isomers)", "herbal"], ["hyssop oil", "herbal"], ["pinene", "herbal"], ["dihydrocarveol", "minty"], ["ethyl benzoate", "minty"], ["peppermint absolute", "minty"], ["peppermint oil america", "minty"], ["peppermint oil idaho", "minty"], ["propyl tiglate", "minty"], ["spearmint absolute", "minty"], ["spearmint oil america", "minty"], ["anisyl acetate", "powdery"], ["allspice leaf oil", "spicy"], ["canella bark oil", "spicy"], ["cassia bark oil china", "spicy"], ["cassia bark oleoresin", "spicy"], ["cassia leaf oil", "spicy"], ["cinnamaldehyde", "spicy"], ["cinnamaldehyde", "spicy"], ["cinnamaldehyde", "spicy"], ["cinnamaldehyde / methyl anthranilate schiff's base", "spicy"], ["cinnamaldehyde ethylene glycol acetal", "spicy"], ["cinnamon acrolein", "spicy"], ["cinnamon bark oil (cinnamomum zeylanicum) india", "spicy"], ["cinnamon bark oil ceylon", "spicy"], ["cinnamon leaf oil ceylon", "spicy"], ["cinnamon oleoresin ceylon", "spicy"], ["cinnamyl acetate", "spicy"], ["cinnamyl nitrile", "spicy"], ["cinnamyl nitrile", "spicy"], ["eugenyl phenyl acetate", "spicy"], ["methoxy-alpha-methyl cinnamaldehyde", "spicy"], ["methoxycinnamaldehyde", "spicy"], ["methoxycinnamaldehyde", "spicy"], ["methoxycinnamaldehyde", "spicy"], ["methyl cinnamaldehyde", "spicy"], ["methyl cinnamaldehyde", "spicy"], ["methyl eugenol", "spicy"], ["methyl heptadienone", "spicy"], ["methyl-(E)-cinnamaldehyde", "spicy"], ["origanum majorana oil", "spicy"], ["mango thiol", "sulfurous"], ["amyl-alpha-pyrone", "tonka"], ["coumarin", "tonka"], ["deertongue absolute", "tonka"], ["deertongue oleoresin", "tonka"], ["flouve absolute", "tonka"], ["methyl coumarin", "tonka"], ["octahydrocoumarin", "tonka"], ["tonka bean absolute", "tonka"], ["tonka undecanone", "tonka"], ["whiskey lactone", "tonka"], ["camphene", "woody"], ["cyperus root oil (cyperus scariosus)", "woody"], ["coconut naphthalenone", "No flavor group found for these"], ["coumane", "No flavor group found for these"], ["furfurylidene butyraldehyde", "No flavor group found for these"], ["methoxy-alpha-methyl cinnamaldehyde", "No flavor group found for these"], ["methoxycinnamaldehyde", "No flavor group found for these"], ["methyl cinnamaldehyde", "No flavor group found for these"], ["phenoxyethanol", "No flavor group found for these"], ["pine needle absolute", "No flavor group found for these"], ["tonka furanone", "No flavor group found for these"], ["tonka furanone", "No flavor group found for these"], ["methyl quinoline", "animal"], ["phenyl propyl acetate", "balsamic"], ["camphene", "camphoreous"], ["hydroxydihydrotheaspirane (mixture of isomers)", "camphoreous"], ["methoxycinnamaldehyde", "cherry"], ["syringaldehyde", "cocoa"], ["octahydrocoumarin", "coconut"], ["manzanate (Givaudan)", "cooling"], ["peppermint oil america", "cooling"], ["phthalide", "coumarinic"], ["amyl-alpha-pyrone", "creamy"], ["dihydrocoumarin", "creamy"], ["vanillyl alcohol", "creamy"], ["amyl cinnamyl acetate", "earthy"], ["heptadienal", "fatty"], ["anisyl acetate", "fruity"], ["amyl isovalerate", "green"], ["cyclohexyl formate", "green"], ["dihydrocarveol", "green"], ["immortelle absolute", "green"], ["methyl heptadienone", "green"], ["propyl tiglate", "green"], ["trimethyl hexanol", "green"], ["barosma betulina leaf oil", "herbal"], ["dill weed oil reunion", "herbal"], ["hyssop oil", "herbal"], ["origanum majorana oil", "herbal"], ["campholene acetate", "jammy"], ["heptalactone", "lactonic"], ["ethyl benzoate", "medicinal"], ["myrtenal", "minty"], ["peppermint absolute", "minty"], ["peppermint oil idaho", "minty"], ["spearmint absolute", "minty"], ["spearmint oil america", "minty"], ["furfural acetone", "nutty"], ["allspice leaf oil", "spicy"], ["benzylidene acetone", "spicy"], ["cassia bark oil china", "spicy"], ["cassia bark oleoresin", "spicy"], ["cassia leaf oil", "spicy"], ["cinnamaldehyde", "spicy"], ["cinnamaldehyde", "spicy"], ["cinnamaldehyde", "spicy"], ["cinnamaldehyde ethylene glycol acetal", "spicy"], ["cinnamon acrolein", "spicy"], ["cinnamon bark oil (cinnamomum zeylanicum) india", "spicy"], ["cinnamon bark oil ceylon", "spicy"], ["cinnamon leaf oil ceylon", "spicy"], ["cinnamon oleoresin ceylon", "spicy"], ["cinnamyl acetate", "spicy"], ["eugenyl phenyl acetate", "spicy"], ["levisticum officinale oleoresin", "spicy"], ["methoxycinnamaldehyde", "spicy"], ["methyl cinnamaldehyde", "spicy"], ["methyl cinnamate", "spicy"], ["methyl-(E)-cinnamaldehyde", "spicy"], ["mango thiol", "sulfurous"], ["dehydroxylinalool oxide", "woody"], ["pinene", "woody"], ["whiskey lactone", "woody"]]}