{"name": "palmitic acid", "cas": "57-10-3", "smiles": "CCCCCCCCCCCCCCCC(=O)O", "notes": ["waxy", "fatty", "waxy", "creamy"], "blenders": [["acetyl nonyryl", "aldehydic"], ["dodecanal (aldehyde C-12 lauric)", "aldehydic"], ["undecanal", "aldehydic"], ["civet (natural)", "animal"], ["acetyl butyryl", "buttery"], ["acetyl isobutyryl", "buttery"], ["butter cream fragrance", "buttery"], ["tetradecenal", "citrus"], ["coconut fragrance", "coconut"], ["coconut specialty", "coconut"], ["dodecenolactone", "coconut"], ["nonalactone", "coconut"], ["nonalactone (aldehyde C-18 (so-called))", "coconut"], ["undecalactone", "coconut"], ["creamy lactone", "creamy"], ["heptyl dihydro-5-methyl-2(3H)-furanone", "creamy"], ["milk fragrance", "dairy"], ["allyl octanoate", "fatty"], ["butter esters", "fatty"], ["dairy lactone", "fatty"], ["decadien-1-ol", "fatty"], ["decadien-1-ol", "fatty"], ["decane nitrile", "fatty"], ["decanol", "fatty"], ["decen-1-ol", "fatty"], ["decen-1-ol", "fatty"], ["decenal", "fatty"], ["ethyl undecylenate", "fatty"], ["juniper lactone", "fatty"], ["methyl 10-undecenoate", "fatty"], ["methyl octanoic acid", "fatty"], ["nonenal", "fatty"], ["octadecalactone", "fatty"], ["octanoic acid", "fatty"], ["oleic acid", "fatty"], ["tridecatrienal", "fatty"], ["amyl cinnamaldehyde / methyl anthranilate schiff's base", "floral"], ["decanal / methyl anthranilate schiff's base", "floral"], ["ethyl octanal", "floral"], ["jasmin absolute (from pommade)", "floral"], ["jasmin concrete", "floral"], ["jasmin concrete morocco", "floral"], ["jasmin pyranone", "floral"], ["orris rhizome concrete butter (iris pallida)", "floral"], ["allyl cyclohexyl propionate", "fruity"], ["dodecalactone", "fruity"], ["ethyl hexanoate", "fruity"], ["octen-1-yl cyclopentanone", "fruity"], ["undecalactone (aldehyde C-14 (so-called))", "fruity"], ["undecanone", "fruity"], ["cognac oil", "green"], ["dimethyl-6-octenoic acid", "green"], ["hepten-1-ol", "green"], ["hepten-1-ol", "green"], ["heptenal diethyl acetal", "green"], ["hexyl butyrate", "green"], ["manzanate (Givaudan)", "green"], ["butyl levulinate", "herbal"], ["ambrettolide", "musk"], ["civet decenone", "musk"], ["amyl laurate", "oily"], ["butter acids", "oily"], ["benzyl laurate", "soapy"], ["ethyl undecanoate", "soapy"], ["amyl-alpha-pyrone", "tonka"], ["dodecalactone", "tropical"], ["amyl laurate", "waxy"], ["butyl laurate", "waxy"], ["decen-1-ol", "waxy"], ["decen-1-yl acetate", "waxy"], ["decenoic acid", "waxy"], ["decenoic acid", "waxy"], ["decyl acetate", "waxy"], ["dodecanol", "waxy"], ["ethyl myristate", "waxy"], ["ethyl octanoate", "waxy"], ["methyl laurate", "waxy"], ["methyl myristate", "waxy"], ["methyl palmitate", "waxy"], ["methyl undecanoate", "waxy"], ["myristic acid", "waxy"], ["nonadien-1-ol", "waxy"], ["octyl isobutyrate", "waxy"], ["tetradecalactone", "waxy"], ["tetradecanal", "waxy"], ["tridecanone", "waxy"], ["tridecenal", "waxy"], ["undecanoic acid", "waxy"], ["amber carbinol", "woody"], ["amyl laurate", "No flavor group found for these"], ["decen-1-ol", "No flavor group found for these"], ["decen-1-ol", "No flavor group found for these"], ["decen-1-yl acetate", "No flavor group found for these"], ["dodecenolactone", "No flavor group found for these"], ["ethyl octanal", "No flavor group found for these"], ["hepten-1-ol", "No flavor group found for these"], ["methyl myristate", "No flavor group found for these"], ["methyl palmitate", "No flavor group found for these"], ["octadecalactone", "No flavor group found for these"], ["tetradecenal", "No flavor group found for these"], ["acetyl nonyryl", "aldehydic"], ["civet (natural)", "animal"], ["tridecatrienal", "bitter"], ["nonalactone (aldehyde C-18 (so-called))", "coconut"], ["manzanate (Givaudan)", "cooling"], ["acetyl butyryl", "creamy"], ["acetyl isobutyryl", "creamy"], ["amyl-alpha-pyrone", "creamy"], ["butter esters", "creamy"], ["creamy lactone", "creamy"], ["decenoic acid", "creamy"], ["dodecalactone", "creamy"], ["jasmin pyranone", "creamy"], ["nonalactone", "creamy"], ["octyl isobutyrate", "creamy"], ["undecalactone", "creamy"], ["undecalactone (aldehyde C-14 (so-called))", "creamy"], ["benzyl laurate", "ethereal"], ["allyl octanoate", "fatty"], ["amyl laurate", "fatty"], ["butter acids", "fatty"], ["dairy lactone", "fatty"], ["decadien-1-ol", "fatty"], ["decadien-1-ol", "fatty"], ["ethyl undecylenate", "fatty"], ["juniper lactone", "fatty"], ["methyl octanoic acid", "fatty"], ["nonadien-1-ol", "fatty"], ["octadien-1-ol", "fatty"], ["octenoic acid", "fatty"], ["oleic acid", "fatty"], ["tetradecanal", "fatty"], ["tridecanone", "fatty"], ["dimethyl-6-octenoic acid", "floral"], ["jasmin absolute (from pommade)", "floral"], ["orris rhizome concrete butter (iris pallida)", "floral"], ["allyl cyclohexyl propionate", "fruity"], ["dodecalactone", "fruity"], ["ethyl (E)-2-octenoate", "fruity"], ["ethyl hexanoate", "fruity"], ["heptyl dihydro-5-methyl-2(3H)-furanone", "fruity"], ["octen-1-yl cyclopentanone", "fruity"], ["cognac oil", "fusel"], ["hepten-1-ol", "green"], ["heptenal diethyl acetal", "green"], ["hexyl butyrate", "green"], ["butyl levulinate", "herbal"], ["ambrettolide", "musk"], ["civet decenone", "musk"], ["dodecanal (aldehyde C-12 lauric)", "soapy"], ["dodecanol", "soapy"], ["octanoic acid", "soapy"], ["butyl laurate", "waxy"], ["decanol", "waxy"], ["decen-1-ol", "waxy"], ["decenal", "waxy"], ["decenoic acid", "waxy"], ["decyl acetate", "waxy"], ["ethyl myristate", "waxy"], ["ethyl octanoate", "waxy"], ["ethyl undecanoate", "waxy"], ["methyl 10-undecenoate", "waxy"], ["methyl laurate", "waxy"], ["myristic acid", "waxy"], ["tetradecalactone", "waxy"], ["tridecenal", "waxy"], ["undecanal", "waxy"], ["undecanoic acid", "waxy"], ["undecanone", "waxy"]]}