{"name": "(Z)-linalool oxide (furanoid)", "cas": "5989-33-3", "smiles": "C[C@]1(CC[C@@H](O1)C(C)(C)O)C=C", "notes": ["earthy", "floral", "sweet", "woody"], "blenders": [["dehydrolinalool", "No odor group found for these"], ["dodecanal (aldehyde C-12 lauric)", "aldehydic"], ["muguet undecadienal", "aldehydic"], ["undecenal (aldehyde C-11 undecylenic)", "aldehydic"], ["amber naphthofuran", "amber"], ["ocimum basilicum herb oil", "anisic"], ["damascone carboxylate", "aromatic"], ["amyris wood oil", "balsamic"], ["benzophenone", "balsamic"], ["benzyl salicylate", "balsamic"], ["borneol", "balsamic"], ["bornyl acetate", "balsamic"], ["brachyleana hutchinsii wood oil", "balsamic"], ["cinnamyl alcohol", "balsamic"], ["conifer acetate", "balsamic"], ["fir balsam absolute", "balsamic"], ["guaiacyl phenyl acetate", "balsamic"], ["hexyl cinnamate", "balsamic"], ["opoponax resinoid replacer", "balsamic"], ["phenyl propyl alcohol", "balsamic"], ["tetrahydrofurfuryl cinnamate", "balsamic"], ["valerian rhizome absolute", "balsamic"], ["butyl ethyl ether", "berry"], ["fenchone", "camphoreous"], ["citrus woody floral fragrance", "citrus"], ["decenal", "citrus"], ["grapefruit pentanol", "citrus"], ["marine nitrile", "citrus"], ["myrcenyl acetate", "citrus"], ["nonanal dimethyl acetal", "citrus"], ["orange oil italy", "citrus"], ["creamy lactone", "creamy"], ["methyl undecylenate", "earthy"], ["nonen-3-ol", "earthy"], ["octanone oxime", "earthy"], ["patchouli cyclohexanol", "earthy"], ["amyl acetoacetate", "ethereal"], ["methyl-5-hexen-2-one", "fatty"], ["amyl cyclopentenone", "floral"], ["bois de rose oil terpeneless", "floral"], ["cassie absolute", "floral"], ["citronellyl acetate", "floral"], ["citrus propanol", "floral"], ["cyclamen homoaldehyde", "floral"], ["cyclohexyl ethyl alcohol", "floral"], ["damascone", "floral"], ["dihydro-alpha-ionone", "floral"], ["dihydrojasmone", "floral"], ["dimethyl acetophenone", "floral"], ["dimethyl anthranilate", "floral"], ["dimethyl benzyl carbinyl propionate", "floral"], ["dimethyl cyclohexyl methyl acetate", "floral"], ["dimethyl ionone", "floral"], ["elder flower wood specialty", "floral"], ["ethyl linalool", "floral"], ["geranium oil morocco", "floral"], ["geranyl acetone", "floral"], ["geranyl tiglate", "floral"], ["heliotropyl acetone", "floral"], ["hexen-1-yl salicylate", "floral"], ["ho leaf oil", "floral"], ["hyacinth ether", "floral"], ["ionone", "floral"], ["ionone", "floral"], ["ionone", "floral"], ["ionyl acetate", "floral"], ["lavandula angustifolia flower oil", "floral"], ["lavender oil france", "floral"], ["lavender oil greece", "floral"], ["linalool", "floral"], ["linalool oxide", "floral"], ["linalyl propionate", "floral"], ["magnolia cyclohexanol", "floral"], ["melaleuca ericifolia leaf oil", "floral"], ["methyl dihydrojasmonate", "floral"], ["methyl ionone (60% min.)", "floral"], ["methyl ionone (70% min.)", "floral"], ["methyl ionone (80% min.)", "floral"], ["methyl naphthalene", "floral"], ["methyl-4-phenyl butanal", "floral"], ["mimosa concrete france", "floral"], ["mimosa tenuiflora leaf extract", "floral"], ["muguet carbinol", "floral"], ["nerolidyl acetate", "floral"], ["orangeflower concrete", "floral"], ["orangeflower concrete morocco", "floral"], ["orris rhizome absolute replacer", "floral"], ["petitgrain cedrat oil", "floral"], ["petitgrain oil terpenes", "floral"], ["phenethyl formate", "floral"], ["phenethyl hexanoate", "floral"], ["propyl anthranilate", "floral"], ["rose butanoate", "floral"], ["rose concrete (rosa centifolia)", "floral"], ["styralyl alcohol", "floral"], ["styralyl formate", "floral"], ["tea acetate", "floral"], ["vetiver pentanone", "floral"], ["ylang ylang flower oil", "floral"], ["allyl amyl glycolate", "fruity"], ["diisopropyl-6,8-dioxabicyclo(3.2.1)octane", "fruity"], ["dodecalactone", "fruity"], ["linalool oxide acetates", "fruity"], ["menthyl isovalerate", "fruity"], ["octyl propionate", "fruity"], ["pentyl furan", "fruity"], ["prenol", "fruity"], ["tropical ionone", "fruity"], ["butyl benzyl carbinol", "green"], ["butyl methyl ketone", "green"], ["butyl-3-methyl but-2-ene thioate", "green"], ["dimethyl benzyl alcohol", "green"], ["earthy acetal", "green"], ["galbanum oil", "green"], ["green methanoindene", "green"], ["hepten-1-ol", "green"], ["hexen-1-yl salicylate", "green"], ["hexenal", "green"], ["ivy carbaldehyde", "green"], ["lilac acetaldehyde", "green"], ["methyl cyclocitrone (IFF)", "green"], ["methyl hydratropaldehyde", "green"], ["pentenal", "green"], ["phenyl acetaldehyde dimethyl acetal", "green"], ["phenyl-2-pentanol", "green"], ["rose leaf absolute (rosa centifolia)", "green"], ["trimethyl hexanol", "green"], ["violet decenol", "green"], ["acetoxydihydrotheaspirane", "herbal"], ["calendula officinalis flower oil CO2 extract", "herbal"], ["carum carvi fruit oil", "herbal"], ["chamomile isobutyrate", "herbal"], ["clary sage oil france", "herbal"], ["elemene", "herbal"], ["freesia heptanol", "herbal"], ["herbal acetal", "herbal"], ["herbal ketone", "herbal"], ["immortelle flower oil", "herbal"], ["lavender absolute bulgaria", "herbal"], ["linalyl acetate", "herbal"], ["marigold pot flower oil", "herbal"], ["ocimene oxirane", "herbal"], ["octanon-1-ol", "herbal"], ["perillaldehyde", "herbal"], ["saffron indenone", "herbal"], ["tea leaf absolute", "herbal"], ["thyme oil wild or creeping", "herbal"], ["pulegyl acetate", "mentholic"], ["ethyl benzoate", "minty"], ["propyl tiglate", "minty"], ["moss specialty", "mossy"], ["acetyl ethyl tetramethyl tetralin replacer", "musk"], ["amyris specialty", "musk"], ["ethylene brassylate", "musk"], ["musk decanolide", "musk"], ["phorone", "musty"], ["methyl anisole", "naphthyl"], ["naphthyl ethyl ether", "naphthyl"], ["shoyu pyrazine", "nutty"], ["orris capronate", "orris"], ["anisyl alcohol", "powdery"], ["methyl ionone (44-50%)", "powdery"], ["rum extract", "rummy"], ["cuminaldehyde", "spicy"], ["dimethyl bicyclo(3.2.1)-2-octen-3-yl acetate + 1,4-dimethyl bicyclo(3.2.1)-2-octen-3-yl acetate", "spicy"], ["eugenol", "spicy"], ["ginger root absolute", "spicy"], ["grains of paradise oil", "spicy"], ["methyl cinnamaldehyde", "spicy"], ["methyl heptadienone", "spicy"], ["nutmeg oil", "spicy"], ["safrole", "spicy"], ["sassafras oil", "spicy"], ["spicy carbonate", "spicy"], ["methoxy-2-methyl butane thiol", "sulfurous"], ["frankincense oil", "terpenic"], ["terpineol", "terpenic"], ["octyl 2-methyl butyrate", "waxy"], ["octyl isobutyrate", "waxy"], ["agarwood oil (aetoxylon sympetalum)", "woody"], ["amber dodecane", "woody"], ["anthocephalus cadamba oil", "woody"], ["bois de rose leaf oil brazil", "woody"], ["cabreuva wood oil", "woody"], ["caryophyllene alcohol acetate", "woody"], ["chloranthus spicatus absolute", "woody"], ["convolvulus scoparius wood oil", "woody"], ["decalinyl acetate", "woody"], ["dihydro-beta-ionol", "woody"], ["dryopteris filix-mas oleoresin", "woody"], ["guaiacwood oil", "woody"], ["guaiacwood oil 20% in gurjun balsam oil", "woody"], ["gurjun balsam oil", "woody"], ["homalomena rubescens root oil", "woody"], ["methyl pentyl angelate", "woody"], ["sandal octanol", "woody"], ["sandalwood oil CO2 extract", "woody"], ["santalyl acetate", "woody"], ["spikenard oil CO2 extract", "woody"], ["spruce needle oil canada", "woody"], ["thuja occidentalis leaf oil", "woody"], ["woody amylene", "woody"], ["zdravetz absolute", "woody"], ["zdravetz oil", "woody"], ["acetoxydihydrotheaspirane", "No flavor group found for these"], ["butyl ethyl ether", "No flavor group found for these"], ["butyl-3-methyl but-2-ene thioate", "No flavor group found for these"], ["campholene acetate", "No flavor group found for these"], ["caryophyllene alcohol acetate", "No flavor group found for these"], ["dehydrolinalool", "No flavor group found for these"], ["dihydro-beta-ionol", "No flavor group found for these"], ["dimethyl acetophenone", "No flavor group found for these"], ["dimethyl benzyl alcohol", "No flavor group found for these"], ["dodecalactone", "No flavor group found for these"], ["earthy acetal", "No flavor group found for these"], ["elemene", "No flavor group found for these"], ["grains of paradise oil", "No flavor group found for these"], ["hepten-1-ol", "No flavor group found for these"], ["linalool oxide acetates", "No flavor group found for these"], ["marigold pot flower oil", "No flavor group found for these"], ["methyl ionone (44-50%)", "No flavor group found for these"], ["methyl ionone (60% min.)", "No flavor group found for these"], ["methyl-4-phenyl butanal", "No flavor group found for these"], ["nerolidyl acetate", "No flavor group found for these"], ["octanon-1-ol", "No flavor group found for these"], ["pentenal", "No flavor group found for these"], ["propyl anthranilate", "No flavor group found for these"], ["sassafras oil", "No flavor group found for these"], ["spikenard oil CO2 extract", "No flavor group found for these"], ["styralyl alcohol", "No flavor group found for these"], ["styralyl formate", "No flavor group found for these"], ["tetrahydrofurfuryl cinnamate", "No flavor group found for these"], ["zdravetz oil", "No flavor group found for these"], ["hexyl 3-mercaptobutanoate", ""], ["amber naphthofuran", "amber"], ["butyl benzyl carbinol", "amber"], ["benzyl salicylate", "balsamic"], ["dihydro-alpha-ionone", "berry"], ["heliotropyl acetone", "berry"], ["borneol", "camphoreous"], ["fenchone", "camphoreous"], ["methyl anisole", "camphoreous"], ["freesia heptanol", "citrus"], ["linalool", "citrus"], ["myrcenyl acetate", "citrus"], ["orange oil italy", "citrus"], ["petitgrain cedrat oil", "citrus"], ["phorone", "citrus"], ["terpineol", "citrus"], ["creamy lactone", "creamy"], ["octyl isobutyrate", "creamy"], ["nonen-3-ol", "earthy"], ["octyl propionate", "estery"], ["methyl-5-hexen-2-one", "ethereal"], ["undecenal (aldehyde C-11 undecylenic)", "fatty"], ["bois de rose leaf oil brazil", "floral"], ["bois de rose oil terpeneless", "floral"], ["citronellyl acetate", "floral"], ["dihydrojasmone", "floral"], ["geranium oil morocco", "floral"], ["geranyl acetone", "floral"], ["geranyl tiglate", "floral"], ["ionone", "floral"], ["linalyl acetate", "floral"], ["methyl dihydrojasmonate", "floral"], ["methyl ionone (70% min.)", "floral"], ["methyl ionone (80% min.)", "floral"], ["mimosa concrete france", "floral"], ["mimosa tenuiflora leaf extract", "floral"], ["muguet carbinol", "floral"], ["tropical ionone", "floral"], ["ylang ylang flower oil", "floral"], ["amyl acetoacetate", "fruity"], ["anisyl alcohol", "fruity"], ["dimethyl anthranilate", "fruity"], ["lilac acetaldehyde", "fruity"], ["menthyl isovalerate", "fruity"], ["phenyl-2-pentanol", "fruity"], ["prenol", "fruity"], ["rose butanoate", "fruity"], ["valerian rhizome absolute", "fruity"], ["butyl methyl ketone", "green"], ["cinnamyl alcohol", "green"], ["cyclohexyl ethyl alcohol", "green"], ["galbanum oil", "green"], ["hexen-1-yl salicylate", "green"], ["hexenal", "green"], ["ivy carbaldehyde", "green"], ["linalool oxide", "green"], ["methyl heptadienone", "green"], ["methyl hydratropaldehyde", "green"], ["nonadienal", "green"], ["nonanal dimethyl acetal", "green"], ["pentyl furan", "green"], ["phenethyl formate", "green"], ["phenyl acetaldehyde dimethyl acetal", "green"], ["phorone", "green"], ["propyl tiglate", "green"], ["rose leaf absolute (rosa centifolia)", "green"], ["trimethyl hexanol", "green"], ["carum carvi fruit oil", "herbal"], ["clary sage oil france", "herbal"], ["immortelle flower oil", "herbal"], ["lavandula angustifolia flower oil", "herbal"], ["lavender absolute bulgaria", "herbal"], ["lavender oil france", "herbal"], ["lavender oil greece", "herbal"], ["linalyl propionate", "herbal"], ["ocimum basilicum herb oil", "herbal"], ["saffron indenone", "herbal"], ["thyme oil wild or creeping", "herbal"], ["ethyl benzoate", "medicinal"], ["methyl thio) butanone", "milky"], ["ethylene brassylate", "musk"], ["shoyu pyrazine", "musty"], ["methyl naphthalene", "oily"], ["orris capronate", "orris"], ["guaiacyl phenyl acetate", "phenolic"], ["naphthyl ethyl ether", "powdery"], ["rum extract", "rummy"], ["xylose", "smoky"], ["dodecanal (aldehyde C-12 lauric)", "soapy"], ["cassie absolute", "spicy"], ["cuminaldehyde", "spicy"], ["eugenol", "spicy"], ["ginger root absolute", "spicy"], ["methyl cinnamaldehyde", "spicy"], ["nutmeg oil", "spicy"], ["perillaldehyde", "spicy"], ["phenyl propyl alcohol", "spicy"], ["methoxy-2-methyl butane thiol", "sulfurous"], ["tea leaf absolute", "tea"], ["methyl undecylenate", "waxy"], ["octyl 2-methyl butyrate", "waxy"], ["phenethyl hexanoate", "waxy"], ["ethyl-2-methyl pyridine", "winey"], ["amyris wood oil", "woody"], ["bornyl acetate", "woody"], ["damascone", "woody"], ["frankincense oil", "woody"], ["guaiacwood oil", "woody"], ["ionone", "woody"], ["ionone", "woody"], ["pulegyl acetate", "woody"], ["sandalwood oil CO2 extract", "woody"], ["santalyl acetate", "woody"], ["spruce needle oil canada", "woody"], ["thuja occidentalis leaf oil", "woody"]]}