{"name": "ethyl (R)-2-hydroxy-4-methyl pentanoate", "cas": "60856-83-9", "smiles": "O=C(OCC)[C@H](O)CC(C)C", "notes": ["fresh", "blackberry"], "blenders": [["pine needle absolute", "balsamic"], ["berry fragrance", "berry"], ["berry fragrance", "berry"], ["blackberry infusions", "berry"], ["blackberry specialty", "berry"], ["blueberry fragrance", "berry"], ["blueberry infusions", "berry"], ["blueberry specialty", "berry"], ["boysenberry fragrance", "berry"], ["currant fragrance", "berry"], ["currant fragrance", "berry"], ["currant fragrance", "berry"], ["currant infusions", "berry"], ["gooseberry fragrance", "berry"], ["huckleberry fragrance", "berry"], ["loganberry fragrance", "berry"], ["loganberry specialty", "berry"], ["lycium barbarum fruit absolute", "berry"], ["methyl beta-ionyl acetate", "berry"], ["mulberry fragrance", "berry"], ["raspberry essence", "berry"], ["raspberry fragrance", "berry"], ["raspberry fragrance", "berry"], ["raspberry infusions", "berry"], ["raspberry specialty", "berry"], ["rubus fruticosus fruit extract", "berry"], ["benzylidene-2-butanone", "camphoreous"], ["cyclocitral", "camphoreous"], ["propyl formate", "ethereal"], ["valeraldehyde", "fermented"], ["dihydro-alpha-ionone", "floral"], ["ionone", "floral"], ["rose carboxylate", "floral"], ["undecen-1-ol", "floral"], ["artemisia pallens herb oil", "fruity"], ["benzyl-4-heptanone", "fruity"], ["berry pentadienoate", "fruity"], ["blackberry essence", "fruity"], ["blackberry fragrance", "fruity"], ["blackberry vanilla fragrance", "fruity"], ["blueberry essence", "fruity"], ["boysenberry essence", "fruity"], ["butyl hexanoate", "fruity"], ["cherry berry fragrance", "fruity"], ["cherry fragrance", "fruity"], ["cherry fragrance", "fruity"], ["currant essence", "fruity"], ["currant essence", "fruity"], ["cyclohexyl isovalerate", "fruity"], ["davana oil replacer", "fruity"], ["dihydroactinidolide", "fruity"], ["dimethyl bicyclo(3.2.1)octan-3-dioxolane", "fruity"], ["etaspirene", "fruity"], ["ethyl (S)-2-hydroxy-4-methyl pentanoate", "fruity"], ["ethyl 2-hydroxy-4-methyl valerate", "fruity"], ["ethyl methyl-para-tolyl glycidate", "fruity"], ["filbert hexenone", "fruity"], ["fruit specialty", "fruity"], ["heliotropyl isobutyrate", "fruity"], ["ionone epoxide", "fruity"], ["maltyl butyrate", "fruity"], ["mercaptohexyl acetate", "fruity"], ["methyl 2-methyl valerate", "fruity"], ["methyl butyl 2-methyl butyrate", "fruity"], ["nonen-2-one", "fruity"], ["raspberry essence", "fruity"], ["raspberry essence", "fruity"], ["raspberry fruit oil", "fruity"], ["ribes nigrum fruit extract", "fruity"], ["ribes rubrum fruit extract", "fruity"], ["spirene", "fruity"], ["strawberry glycidate 2", "fruity"], ["strawberry infusion", "fruity"], ["styralyl butyrate", "fruity"], ["tropical trithiane", "fruity"], ["currant bud absolute replacer", "green"], ["hexen-1-yl propionate", "green"], ["methoxy-1-methyl butyl) benzene", "green"], ["thiogeraniol", "green"], ["trimethyl-5-oxatricyclo(6.2.1.0*2,6*)undecane", "green"], ["barosma betulina leaf oil", "herbal"], ["cuminyl acetate", "herbal"], ["menthyl acetate racemic", "mentholic"], ["ambrettolide", "soapy"], ["currant bud absolute", "spicy"], ["blackberry thiophenone", "sulfurous"], ["octen-1-yl butyrate", "waxy"], ["benzylidene-2-butanone", "No flavor group found for these"], ["blackberry thiophenone", "No flavor group found for these"], ["cuminyl acetate", "No flavor group found for these"], ["ionone epoxide", "No flavor group found for these"], ["menthyl acetate racemic", "No flavor group found for these"], ["octen-1-yl butyrate", "No flavor group found for these"], ["pine needle absolute", "No flavor group found for these"], ["undecen-1-ol", "No flavor group found for these"], ["blackberry infusions", "berry"], ["blueberry essence", "berry"], ["blueberry infusions", "berry"], ["currant infusions", "berry"], ["dihydro-alpha-ionone", "berry"], ["maltyl butyrate", "berry"], ["raspberry essence", "berry"], ["raspberry infusions", "berry"], ["rubus fruticosus fruit extract", "berry"], ["cyclocitral", "cooling"], ["artemisia pallens herb oil", "fruity"], ["benzyl-4-heptanone", "fruity"], ["berry pentadienoate", "fruity"], ["blackberry essence", "fruity"], ["boysenberry essence", "fruity"], ["butyl hexanoate", "fruity"], ["currant bud absolute replacer", "fruity"], ["currant essence", "fruity"], ["currant essence", "fruity"], ["cyclohexyl isovalerate", "fruity"], ["dihydroactinidolide", "fruity"], ["ethyl methyl-para-tolyl glycidate", "fruity"], ["filbert hexenone", "fruity"], ["heliotropyl isobutyrate", "fruity"], ["methyl 2-methyl valerate", "fruity"], ["methyl butyl 2-methyl butyrate", "fruity"], ["propyl formate", "fruity"], ["raspberry essence", "fruity"], ["raspberry essence", "fruity"], ["ribes nigrum fruit extract", "fruity"], ["ribes rubrum fruit extract", "fruity"], ["strawberry glycidate 2", "fruity"], ["strawberry infusion", "fruity"], ["styralyl butyrate", "fruity"], ["tropical trithiane", "fruity"], ["hexen-1-yl propionate", "green"], ["thiogeraniol", "green"], ["barosma betulina leaf oil", "herbal"], ["nonen-2-one", "oily"], ["ambrettolide", "soapy"], ["currant bud absolute", "spicy"], ["mercaptohexyl acetate", "tropical"], ["valeraldehyde", "winey"], ["ionone", "woody"]]}