{"name": "(Z)-3-hexen-1-yl lactate", "cas": "61931-81-5", "smiles": "CC\\C=C/CCOC(=O)C(C)O", "notes": ["green", "leafy", "sweet", "melon", "waxy", "violet leaf", "tropical", "fruity", "green", "leafy", "sweet", "melon", "vegetable"], "blenders": [["tea leaf oil", "No odor group found for these"], ["ethyl butyric acid", "acidic"], ["citrus carbaldehyde", "aldehydic"], ["decanal (aldehyde C-10)", "aldehydic"], ["nonanal (aldehyde C-9)", "aldehydic"], ["methyl furfuryl disulfide", "alliaceous"], ["amyris wood oil", "balsamic"], ["benzyl benzoate", "balsamic"], ["benzyl salicylate", "balsamic"], ["clover nitrile", "balsamic"], ["ethyl cinnamate", "balsamic"], ["linalyl cinnamate", "balsamic"], ["methyl cinnamate", "balsamic"], ["raspberry ketone methyl ether", "berry"], ["trimethyl thiazole", "chocolate"], ["bergamot oil", "citrus"], ["dimethyl-3-cyclohexene-1-methanyl acetate", "citrus"], ["grapefruit pentanol", "citrus"], ["methyl heptenone", "citrus"], ["neroli ketone", "citrus"], ["orange oil italy", "citrus"], ["petitgrain combava oil", "citrus"], ["tetradecenal", "citrus"], ["methyl butyl phenyl acetate", "dairy"], ["octanol", "earthy"], ["octen-3-ol", "earthy"], ["ethyl pyruvate", "ethereal"], ["decadien-1-ol", "fatty"], ["decanoic acid", "fatty"], ["dodecadienal", "fatty"], ["methyl-5-hexen-2-one", "fatty"], ["octen-1-ol", "fatty"], ["propyl nonanoate", "fermented"], ["allyl anthranilate", "floral"], ["amyl salicylate", "floral"], ["benzyl acetate", "floral"], ["benzyl alcohol", "floral"], ["benzyl isobutyrate", "floral"], ["bois de rose oil brazil", "floral"], ["citronellol", "floral"], ["citronellyl acetate", "floral"], ["citronellyl butyrate", "floral"], ["coriander seed oil", "floral"], ["currant bud concrete", "floral"], ["cyclamen aldehyde", "floral"], ["cyclohexyl ethyl alcohol", "floral"], ["dimethyl benzyl carbinol", "floral"], ["floral pyranol", "floral"], ["gardenia oxide", "floral"], ["geraniol", "floral"], ["geranium pyran", "floral"], ["geranium specialty", "floral"], ["geranyl acetate", "floral"], ["geranyl acetone", "floral"], ["geranyl propionate", "floral"], ["heliotropyl acetone", "floral"], ["hexen-1-yl salicylate", "floral"], ["hexyl 2-furoate", "floral"], ["hexyl cinnamaldehyde", "floral"], ["ho leaf oil", "floral"], ["hyacinth ether", "floral"], ["leerall", "floral"], ["linalool", "floral"], ["linalool", "floral"], ["linalool oxide", "floral"], ["methoxycitronellal", "floral"], ["methoxymelonal", "floral"], ["methyl dihydrojasmonate", "floral"], ["mimosa absolute france", "floral"], ["muguet carbaldehyde", "floral"], ["muguet carboxaldehyde", "floral"], ["nerol", "floral"], ["nerolidol", "floral"], ["neryl acetate", "floral"], ["nonanol", "floral"], ["ocean propanal", "floral"], ["peony alcohol", "floral"], ["petitgrain oil paraguay", "floral"], ["phenethyl acetate", "floral"], ["rhodinol", "floral"], ["rose butanoate", "floral"], ["styralyl propionate", "floral"], ["tetrahydrolinalool", "floral"], ["tuberose absolute (from pommade)", "floral"], ["violet methyl carbonate", "floral"], ["allyl amyl glycolate", "fruity"], ["allyl cyclohexyl propionate", "fruity"], ["amyl acetate", "fruity"], ["amyl butyrate", "fruity"], ["amyl isovalerate", "fruity"], ["amyl octanoate", "fruity"], ["benzyl butyrate", "fruity"], ["benzyl propionate", "fruity"], ["benzyl-4-heptanone", "fruity"], ["butyl isobutyrate", "fruity"], ["citronellyl isobutyrate", "fruity"], ["decyl butyrate", "fruity"], ["diethyl sebacate", "fruity"], ["ethyl acetoacetate", "fruity"], ["ethyl heptanoate", "fruity"], ["ethyl hexanoate", "fruity"], ["ethyl levulinate", "fruity"], ["green acetate", "fruity"], ["hexanal propylene glycol acetal", "fruity"], ["hexanone", "fruity"], ["hexen-1-ol", "fruity"], ["hexen-1-ol", "fruity"], ["hexyl acetate", "fruity"], ["methyl 2-methyl valerate", "fruity"], ["methyl 3-nonenoate", "fruity"], ["octen-1-yl propionate", "fruity"], ["octyl butyrate", "fruity"], ["pentyl furan", "fruity"], ["propyl 2,4-decadienoate", "fruity"], ["propyl heptanoate", "fruity"], ["propyl isobutyrate", "fruity"], ["tropical indene", "fruity"], ["tropical thiazole", "fruity"], ["undecalactone (aldehyde C-14 (so-called))", "fruity"], ["undecanone", "fruity"], ["acetaldehyde di-(Z)-3-hexen-1-yl acetal", "green"], ["acetaldehyde dipropyl acetal", "green"], ["acetaldehyde ethyl phenethyl acetal", "green"], ["bromstyrol", "green"], ["cortex pyridine", "green"], ["cyclocitral", "green"], ["ethyl (E,Z)-2,4-decadienoate", "green"], ["ethyl (E)-2-decenoate", "green"], ["ethyl (E)-2-hexenoate", "green"], ["geranium thiazole", "green"], ["green heptenal", "green"], ["green note propionate", "green"], ["heptanol", "green"], ["hepten-1-ol", "green"], ["heptenal", "green"], ["heptyl cinnamate", "green"], ["hexen-1-ol", "green"], ["hexen-1-ol", "green"], ["hexen-1-yl (E)-crotonate", "green"], ["hexen-1-yl (Z)-3-hexenoate", "green"], ["hexen-1-yl 2-methyl butyrate", "green"], ["hexen-1-yl acetate", "green"], ["hexen-1-yl acetate", "green"], ["hexen-1-yl benzoate", "green"], ["hexen-1-yl formate", "green"], ["hexen-1-yl methyl carbonate", "green"], ["hexen-1-yl phenyl acetate", "green"], ["hexen-1-yl pyruvate", "green"], ["hexen-1-yl tiglate", "green"], ["hexenal", "green"], ["hexenal", "green"], ["hexenol", "green"], ["hexoxyacetaldehyde dimethyl acetal", "green"], ["hexyl 2-methyl butyrate", "green"], ["hexyl heptanoate", "green"], ["hexyl hexanoate", "green"], ["hexyl phenyl acetate", "green"], ["hexyl tiglate", "green"], ["ivy carbaldehyde", "green"], ["ivy carbaldehyde / methyl anthranilate schiff's base", "green"], ["lawsonia inermis leaf oil CO2 extract", "green"], ["manzanate (Givaudan)", "green"], ["marigold pot absolute", "green"], ["melon acetal", "green"], ["melon nonenoate", "green"], ["methyl heptine carbonate", "green"], ["methyl octine carbonate", "green"], ["nerol oxide", "green"], ["nonadien-1-ol", "green"], ["nonadien-1-ol", "green"], ["nonadien-1-ol", "green"], ["nonadien-1-ol", "green"], ["nonadien-1-yl acetate", "green"], ["nonadien-1-yl acetate", "green"], ["nonadien-1-yl acetate", "green"], ["nonen-1-ol", "green"], ["nonen-1-ol", "green"], ["nonen-1-ol", "green"], ["octen-1-ol", "green"], ["octen-1-ol", "green"], ["octen-1-yl propionate", "green"], ["octyl formate", "green"], ["penten-3-ol", "green"], ["pentenal", "green"], ["phenoxyethyl isobutyrate", "green"], ["phenyl acetaldehyde dimethyl acetal", "green"], ["phenyl propionaldehyde", "green"], ["propyl phenyl propionaldehyde", "green"], ["rosa damascena leaf absolute", "green"], ["rosacyanthin", "green"], ["rose leaf absolute (rosa centifolia)", "green"], ["styralyl acetate", "green"], ["terpinyl propionate", "green"], ["violet leaf absolute", "green"], ["violet leaf absolute egypt", "green"], ["violet leaf oil (viola odorata)", "green"], ["methyl phenoxyacetaldehyde", "hay"], ["basil absolute", "herbal"], ["clary sage oil france", "herbal"], ["herbal heptane", "herbal"], ["linalyl acetate", "herbal"], ["lovage tincture", "herbal"], ["pentyl acetate", "herbal"], ["marine pyridine", "marine"], ["melon carboxaldehyde", "melon"], ["melon heptenal", "melon"], ["nonen-1-ol", "melon"], ["nonen-1-yl acetate", "melon"], ["nonenal", "melon"], ["watermelon ketone", "melon"], ["peppermint absolute", "minty"], ["propyl tiglate", "minty"], ["pulegyl formate", "minty"], ["veramoss (IFF)", "mossy"], ["octen-2-ol", "mushroom"], ["hazelnut pyrazine", "musty"], ["acetyl-3-methyl pyrazine", "nutty"], ["dimethyl-2-ethyl-3-thiazoline", "nutty"], ["methyl thio-3,5 or 6-methyl pyrazine", "nutty"], ["methyl-3-(methyl thio) pyrazine", "nutty"], ["vinyl sulfurol", "nutty"], ["hydroxyacetophenone", "phenolic"], ["anisyl acetate", "powdery"], ["anisyl alcohol", "powdery"], ["cinnamyl isovalerate", "spicy"], ["myrcene", "spicy"], ["dimethyl disulfide", "sulfurous"], ["dimethyl sulfide", "sulfurous"], ["grapefruit menthane", "sulfurous"], ["lychee mercaptan acetate", "sulfurous"], ["methoxy-2-methyl butane thiol", "sulfurous"], ["methyl 3-(methyl thio) propionate", "sulfurous"], ["methyl thio) hexanol", "sulfurous"], ["passiflora acetate", "sulfurous"], ["camellia oleifera leaf extract", "tea"], ["terpineol", "terpenic"], ["galbanum oxathiane", "tropical"], ["hexyl 2-methyl-3-pentenoate", "tropical"], ["passiflora edulis fruit extract", "tropical"], ["psidium guajava fruit extract", "tropical"], ["furfuryl pyrrole", "vegetable"], ["mesityl oxide", "vegetable"], ["methional", "vegetable"], ["tetrahydrofurfuryl alcohol", "vegetable"], ["ethyl decanoate", "waxy"], ["ethyl myristate", "waxy"], ["ethyl nonanoate", "waxy"], ["ethyl octanoate", "waxy"], ["ethyl palmitate", "waxy"], ["heptyl octanoate", "waxy"], ["methyl octanoate", "waxy"], ["nonadien-1-ol", "waxy"], ["nonen-1-ol", "waxy"], ["nonyl acetate", "waxy"], ["octyl 2-methyl butyrate", "waxy"], ["octyl isobutyrate", "waxy"], ["orris rhizome oil CO2 extract", "waxy"], ["santall", "woody"], ["woody amylene", "woody"], ["acetaldehyde di-(Z)-3-hexen-1-yl acetal", "No flavor group found for these"], ["allyl anthranilate", "No flavor group found for these"], ["butyl)-4,5-dimethyl-3-thiazoline", "No flavor group found for these"], ["costus root absolute", "No flavor group found for these"], ["costus root resinoid", "No flavor group found for these"], ["diisopropyl sulfide", "No flavor group found for these"], ["ethyl-4,5-dimethyl oxazole", "No flavor group found for these"], ["heptyl cinnamate", "No flavor group found for these"], ["hexen-1-yl (E)-crotonate", "No flavor group found for these"], ["hexenal", "No flavor group found for these"], ["hexenal", "No flavor group found for these"], ["hexyl heptanoate", "No flavor group found for these"], ["methyl thiazole", "No flavor group found for these"], ["methyl thio) butanol", "No flavor group found for these"], ["methyl-3-(methyl thio) pyrazine", "No flavor group found for these"], ["methyl-3-heptanone", "No flavor group found for these"], ["methyl-3-pentanol", "No flavor group found for these"], ["methyl-5-methoxythiazole", "No flavor group found for these"], ["nonen-1-ol", "No flavor group found for these"], ["octadien-3-ol", "No flavor group found for these"], ["propyl nonanoate", "No flavor group found for these"], ["propyl-3-(methyl thio) pyrazine", "No flavor group found for these"], ["pulegyl formate", "No flavor group found for these"], ["ethyl butyric acid", "acidic"], ["nonanal (aldehyde C-9)", "aldehydic"], ["cyclopentyl mercaptan", "alliaceous"], ["methyl thioacetaldehyde", "alliaceous"], ["tetrahydrothiophenone", "alliaceous"], ["tropical thiazole", "alliaceous"], ["nonadien-1-ol", "apple"], ["benzyl benzoate", "balsamic"], ["benzyl salicylate", "balsamic"], ["ethyl cinnamate", "balsamic"], ["heliotropyl acetone", "berry"], ["raspberry ketone methyl ether", "berry"], ["bergamot oil", "citrus"], ["linalool", "citrus"], ["linalool", "citrus"], ["nerol", "citrus"], ["orange oil italy", "citrus"], ["styralyl propionate", "citrus"], ["terpineol", "citrus"], ["methyl furfuryl disulfide", "coffee"], ["manzanate (Givaudan)", "cooling"], ["octyl isobutyrate", "creamy"], ["undecalactone (aldehyde C-14 (so-called))", "creamy"], ["methyl butyl phenyl acetate", "dairy"], ["pentyl acetate", "dairy"], ["ethyl acetoacetate", "estery"], ["hexen-3-one", "ethereal"], ["methyl-5-hexen-2-one", "ethereal"], ["decadien-1-ol", "fatty"], ["decadienal", "fatty"], ["heptadienal", "fatty"], ["hexen-1-yl benzoate", "fatty"], ["nonadien-1-ol", "fatty"], ["nonen-1-ol", "fatty"], ["octen-1-ol", "fatty"], ["octen-1-ol", "fatty"], ["octenoic acid", "fatty"], ["bois de rose oil brazil", "floral"], ["citronellol", "floral"], ["citronellyl acetate", "floral"], ["geraniol", "floral"], ["geranyl acetone", "floral"], ["linalyl acetate", "floral"], ["methyl dihydrojasmonate", "floral"], ["neryl acetate", "floral"], ["ocean propanal", "floral"], ["rhodinol", "floral"], ["tetrahydrolinalool", "floral"], ["tuberose absolute (from pommade)", "floral"], ["allyl cyclohexyl propionate", "fruity"], ["amyl acetate", "fruity"], ["amyl octanoate", "fruity"], ["anisyl acetate", "fruity"], ["anisyl alcohol", "fruity"], ["benzyl acetate", "fruity"], ["benzyl alcohol", "fruity"], ["benzyl butyrate", "fruity"], ["benzyl isobutyrate", "fruity"], ["benzyl propionate", "fruity"], ["benzyl-4-heptanone", "fruity"], ["butyl isobutyrate", "fruity"], ["cinnamyl isovalerate", "fruity"], ["citronellyl butyrate", "fruity"], ["citronellyl isobutyrate", "fruity"], ["currant bud concrete", "fruity"], ["decyl butyrate", "fruity"], ["diethyl sebacate", "fruity"], ["ethyl (E)-2-decenoate", "fruity"], ["ethyl (E)-2-hexenoate", "fruity"], ["ethyl heptanoate", "fruity"], ["ethyl hexanoate", "fruity"], ["ethyl levulinate", "fruity"], ["fruit flavor", "fruity"], ["hexadien-1-ol", "fruity"], ["hexanal propylene glycol acetal", "fruity"], ["hexanone", "fruity"], ["hexen-1-ol", "fruity"], ["hexyl 2-methyl-3-pentenoate", "fruity"], ["hexyl acetate", "fruity"], ["hexyl hexanoate", "fruity"], ["hexyl phenyl acetate", "fruity"], ["kiwi flavor", "fruity"], ["linalyl cinnamate", "fruity"], ["lychee flavor", "fruity"], ["mercapto-4-heptanol", "fruity"], ["mercaptohexyl hexanoate", "fruity"], ["methoxymelonal", "fruity"], ["methyl (E)-3-nonenoate", "fruity"], ["methyl 2-methyl valerate", "fruity"], ["methyl 3-nonenoate", "fruity"], ["octen-1-yl propionate", "fruity"], ["papaya guava flavor", "fruity"], ["passion fruit distillates", "fruity"], ["propyl isobutyrate", "fruity"], ["rose butanoate", "fruity"], ["styralyl acetate", "fruity"], ["acetaldehyde dipropyl acetal", "green"], ["acetaldehyde ethyl phenethyl acetal", "green"], ["amyl isovalerate", "green"], ["amyl salicylate", "green"], ["cortex pyridine", "green"], ["cyclamen aldehyde", "green"], ["cyclohexyl ethyl alcohol", "green"], ["dihydroxyacetophenone (mixed isomers)", "green"], ["dodecadienal", "green"], ["ethyl (E,Z)-2,4-decadienoate", "green"], ["ethyl-5-methyl thiophene", "green"], ["galbanum oxathiane", "green"], ["geranium thiazole", "green"], ["geranyl acetate", "green"], ["green note propionate", "green"], ["hepten-1-ol", "green"], ["heptenal", "green"], ["heptenal", "green"], ["hexadienal", "green"], ["hexen-1-ol", "green"], ["hexen-1-ol", "green"], ["hexen-1-ol", "green"], ["hexen-1-yl (Z)-3-hexenoate", "green"], ["hexen-1-yl 2-methyl butyrate", "green"], ["hexen-1-yl acetate", "green"], ["hexen-1-yl acetate", "green"], ["hexen-1-yl formate", "green"], ["hexen-1-yl methyl carbonate", "green"], ["hexen-1-yl phenyl acetate", "green"], ["hexen-1-yl pyruvate", "green"], ["hexen-1-yl salicylate", "green"], ["hexen-1-yl tiglate", "green"], ["hexenal", "green"], ["hexenal", "green"], ["hexyl 2-furoate", "green"], ["hexyl 2-methyl butyrate", "green"], ["hexyl tiglate", "green"], ["ivy carbaldehyde", "green"], ["linalool oxide", "green"], ["marigold pot absolute", "green"], ["melon acetal", "green"], ["melon heptenal", "green"], ["melon nonenoate", "green"], ["methyl heptenone", "green"], ["methyl heptine carbonate", "green"], ["methyl octanoate", "green"], ["methyl octine carbonate", "green"], ["methyl-2-furyl) butanal", "green"], ["nerol oxide", "green"], ["nerolidol", "green"], ["nonadien-1-ol", "green"], ["nonadien-1-ol", "green"], ["nonadien-1-yl acetate", "green"], ["nonadien-1-yl acetate", "green"], ["nonadien-1-yl acetate", "green"], ["nonadienal", "green"], ["nonen-1-ol", "green"], ["nonen-1-yl acetate", "green"], ["nonenal", "green"], ["octadienal", "green"], ["octadienal", "green"], ["octen-1-ol", "green"], ["octen-1-yl propionate", "green"], ["penten-1-yl acetate", "green"], ["penten-3-ol", "green"], ["pentenal", "green"], ["pentyl furan", "green"], ["phenoxyethyl isobutyrate", "green"], ["phenyl acetaldehyde dimethyl acetal", "green"], ["phenyl propionaldehyde", "green"], ["propyl pyrazine", "green"], ["propyl tiglate", "green"], ["propylene glycol acetone ketal", "green"], ["rose leaf absolute (rosa centifolia)", "green"], ["terpinyl propionate", "green"], ["violet leaf absolute", "green"], ["violet leaf absolute egypt", "green"], ["violet leaf oil (viola odorata)", "green"], ["basil absolute", "herbal"], ["clary sage oil france", "herbal"], ["coriander seed oil", "herbal"], ["lovage tincture", "herbal"], ["petitgrain oil paraguay", "herbal"], ["phenethyl acetate", "honey"], ["lychee mercaptan acetate", "juicy"], ["yeast thiazoline", "malty"], ["mercapto-3-methyl butanol", "meaty"], ["dimethyl benzyl carbinol", "medicinal"], ["propyl 2,4-decadienoate", "melon"], ["hexenol", "metallic"], ["methyl thio) hexanol", "metallic"], ["peppermint absolute", "minty"], ["octen-2-ol", "mushroom"], ["octen-3-ol", "mushroom"], ["ethoxythiazole", "musty"], ["hazelnut pyrazine", "musty"], ["octanol", "musty"], ["hydroxyacetophenone", "naphthyl"], ["acetyl-3-methyl pyrazine", "nutty"], ["diethyl-2-methyl pyrazine", "nutty"], ["dimethyl-2-ethyl-3-thiazoline", "nutty"], ["methyl thio-3,5 or 6-methyl pyrazine", "nutty"], ["tetrahydrofurfuryl alcohol", "nutty"], ["trimethyl thiazole", "nutty"], ["vinyl sulfurol", "nutty"], ["methyl-1,3-dithiolane", "onion"], ["propyl thioacetate", "onion"], ["costus root oil", "orris"], ["mesityl oxide", "potato"], ["ethyl 3-(furfuryl thio) propionate", "roasted"], ["ethyl pyruvate", "rummy"], ["decanoic acid", "soapy"], ["heptanol", "solvent"], ["jalapeno oleoresin", "spicy"], ["methyl cinnamate", "spicy"], ["dimethyl disulfide", "sulfurous"], ["dimethyl sulfide", "sulfurous"], ["furfuryl methyl sulfide", "sulfurous"], ["grapefruit menthane", "sulfurous"], ["methoxy-2-methyl butane thiol", "sulfurous"], ["methyl 2-methyl-3-furyl disulfide", "sulfurous"], ["methyl benzyl disulfide", "sulfurous"], ["methyl thio-2-propanone", "sulfurous"], ["methyl thiomethyl butyrate", "sulfurous"], ["potato butanone", "sulfurous"], ["camellia oleifera leaf extract", "tea"], ["methional", "tomato"], ["mercaptohexyl butyrate", "tropical"], ["passiflora acetate", "tropical"], ["passiflora edulis fruit extract", "tropical"], ["psidium guajava fruit", "tropical"], ["psidium guajava fruit extract", "tropical"], ["furfuryl pyrrole", "vegetable"], ["methyl 3-(methyl thio) propionate", "vegetable"], ["radish isothiocyanate", "vegetable"], ["amyl butyrate", "waxy"], ["decanal (aldehyde C-10)", "waxy"], ["ethyl decanoate", "waxy"], ["ethyl myristate", "waxy"], ["ethyl nonanoate", "waxy"], ["ethyl octanoate", "waxy"], ["ethyl palmitate", "waxy"], ["furfuryl octanoate", "waxy"], ["geranyl propionate", "waxy"], ["heptyl octanoate", "waxy"], ["hexyl cinnamaldehyde", "waxy"], ["mimosa absolute france", "waxy"], ["nonadien-1-ol", "waxy"], ["nonanol", "waxy"], ["nonen-1-ol", "waxy"], ["nonen-1-ol", "waxy"], ["nonyl acetate", "waxy"], ["octyl 2-methyl butyrate", "waxy"], ["octyl butyrate", "waxy"], ["octyl formate", "waxy"], ["propyl heptanoate", "waxy"], ["tetradecenal", "waxy"], ["undecanone", "waxy"], ["amyris wood oil", "woody"], ["orris rhizome oil CO2 extract", "woody"]]}