{"name": "methyl butyl sulfide", "cas": "628-29-5", "smiles": "CCCCSC", "notes": ["sulfurous", "garlic", "onion", "vegetable"], "blenders": [["methyl furfuryl disulfide", "alliaceous"], ["ethyl vinyl ketone", "spicy"], ["ferula assa-foetida absolute", "sulfurous"], ["methyl 5-(methyl thio) furan", "sulfurous"], ["methyl thio) phenol", "sulfurous"], ["onion oil", "sulfurous"], ["tropical oxathiane", "sulfurous"], ["allyl methyl trisulfide", "No flavor group found for these"], ["allyl propyl disulfide", "No flavor group found for these"], ["allyl propyl trisulfide", "No flavor group found for these"], ["diethyl trisulfide", "No flavor group found for these"], ["dimethyl tetrasulfide", "No flavor group found for these"], ["dipropyl sulfide", "No flavor group found for these"], ["heptane thiol", "No flavor group found for these"], ["methyl thio) butanol", "No flavor group found for these"], ["allyl mercaptan", "alliaceous"], ["allyl thiopropionate", "alliaceous"], ["benzyl mercaptan", "alliaceous"], ["cyclopentyl mercaptan", "alliaceous"], ["methyl thioacetaldehyde", "alliaceous"], ["methyl furfuryl disulfide", "coffee"], ["tropical oxathiane", "fruity"], ["allyl methyl sulfide", "garlic"], ["garlic oleoresin", "garlic"], ["mercapto-3-butanol", "meaty"], ["methyl thio) phenol", "meaty"], ["thiocresol", "meaty"], ["methyl 5-(methyl thio) furan", "musty"], ["methyl propyl trisulfide", "onion"], ["ethyl 3-(furfuryl thio) propionate", "roasted"], ["dithiane", "seafood"], ["ethyl vinyl ketone", "spicy"], ["allyl sulfide", "sulfurous"], ["diallyl polysulfides", "sulfurous"], ["diallyl tetrasulfide", "sulfurous"], ["ethyl methyl sulfide", "sulfurous"], ["ethyl thioacetate", "sulfurous"], ["ferula assa-foetida absolute", "sulfurous"], ["furfuryl methyl sulfide", "sulfurous"], ["furfuryl thiopropionate", "sulfurous"], ["methyl 2-methyl-3-furyl disulfide", "sulfurous"], ["methyl 4-(methyl thio) butyrate", "sulfurous"], ["onion oil", "sulfurous"]]}