{"name": "herbal norbornane", "cas": "66062-78-0", "smiles": "CC(C1C2CCC(C2)C1(C)C)O", "notes": ["sweet", "fresh", "woody", "earthy", "patchouli", "vetiver", "herbal"], "blenders": [["bornyl formate", "balsamic"], ["bornyl formate", "balsamic"], ["bornyl isobutyrate", "balsamic"], ["fenchone", "balsamic"], ["fir needle oil siberia", "balsamic"], ["fenchol", "camphoreous"], ["fenchone", "camphoreous"], ["dimethyl-3,7-nonadien-2-yl acetate", "citrus"], ["ethyl hexyl acetate", "earthy"], ["octen-1-ol", "earthy"], ["patchouli cyclohexanol", "earthy"], ["pogostemon cablin leaf extract", "earthy"], ["bois de rose oil terpeneless", "floral"], ["dihydro-alpha-ionone", "floral"], ["linalool oxide", "floral"], ["nonanone", "fruity"], ["cyclocitral (IFF)", "green"], ["galbanum absolute", "green"], ["galbanum oil", "green"], ["lawsonia inermis leaf oil CO2 extract", "green"], ["oakmoss oil", "green"], ["allyl-2,2,7,7-tetramethyl cycloheptanol", "herbal"], ["arnica flower absolute", "herbal"], ["dimethyl cyclormol (IFF)", "herbal"], ["guava leaf oil cuba", "herbal"], ["herbal ketone", "herbal"], ["hydroxydihydrotheaspirane (mixture of isomers)", "herbal"], ["oakmoss absolute", "mossy"], ["carvomenthenol", "spicy"], ["ginger root oil china", "spicy"], ["cypress leaf oil", "terpenic"], ["patchwood", "tropical"], ["cadinene", "woody"], ["cyperus root oil (cyperus scariosus)", "woody"], ["cypriol oil (cyperus scariosus)", "woody"], ["dihydro-beta-ionone", "woody"], ["dihydro-gamma-ionone", "woody"], ["dryopteris filix-mas oleoresin", "woody"], ["orris hexanone", "woody"], ["patchouli alcohol", "woody"], ["patchouli oil", "woody"], ["patchouli oil china", "woody"], ["pelargonium radula oil", "woody"], ["pinacol", "woody"], ["pogostemon cablin leaf oil", "woody"], ["terpineol", "woody"], ["trimethyl octahydro-4,7-methanoinden-5-ol", "woody"], ["undecatetraene", "woody"], ["vetiver oil CO2 extract", "woody"], ["vetiver oil fractions", "woody"], ["vetiver oil haiti", "woody"], ["vetiveria zizanioides root oil", "woody"], ["bornyl formate", "No flavor group found for these"], ["dihydro-gamma-ionone", "No flavor group found for these"], ["dimethyl-3,7-nonadien-2-yl acetate", "No flavor group found for these"], ["ethyl hexyl acetate", "No flavor group found for these"], ["octadien-3-ol", "No flavor group found for these"], ["octen-1-ol", "No flavor group found for these"], ["terpineol", "No flavor group found for these"], ["undecatetraene", "No flavor group found for these"], ["bornyl isobutyrate", "balsamic"], ["fir needle oil siberia", "balsamic"], ["dihydro-alpha-ionone", "berry"], ["fenchol", "camphoreous"], ["fenchone", "camphoreous"], ["hydroxydihydrotheaspirane (mixture of isomers)", "camphoreous"], ["nonanone", "cheesy"], ["carvomenthenol", "cooling"], ["fenchone", "cooling"], ["bois de rose oil terpeneless", "floral"], ["cyclocitral (IFF)", "green"], ["galbanum absolute", "green"], ["galbanum oil", "green"], ["linalool oxide", "green"], ["oakmoss absolute", "green"], ["ginger root oil china", "spicy"], ["bornyl formate", "woody"], ["cadinene", "woody"], ["dihydro-beta-ionone", "woody"], ["patchouli oil", "woody"], ["patchouli oil china", "woody"], ["vetiver oil CO2 extract", "woody"], ["vetiver oil haiti", "woody"], ["vetiveria zizanioides root oil", "woody"]]}