{"name": "allyl amyl glycolate", "cas": "67634-00-8", "smiles": "CC(C)CCOCC(=O)OCC=C", "notes": ["fruity", "green", "galbanum", "pineapple", "fusel"], "blenders": [["dodecanal (aldehyde C-12 lauric)", "aldehydic"], ["methyl undecanal (aldehyde C-12 mna)", "aldehydic"], ["methyl (E)-2-octenoate", "animal"], ["anisaldehyde", "anisic"], ["amyl benzoate", "balsamic"], ["benzoin resinoid", "balsamic"], ["cotinus coggygria branch/leaf oil", "balsamic"], ["ethyl cinnamate", "balsamic"], ["fir carboxylate", "balsamic"], ["hexyl cinnamate", "balsamic"], ["raspberry ketone acetate", "berry"], ["bergamot oil bergaptene reduced italy", "citrus"], ["citral", "citrus"], ["citronellyl nitrile", "citrus"], ["citrus specialty", "citrus"], ["dihydromyrcenol", "citrus"], ["heptanol", "citrus"], ["orange oil italy", "citrus"], ["orange peel oil c.p. brazil", "citrus"], ["cyclohexyl formate", "ethereal"], ["decanol", "fatty"], ["decen-2-one", "fatty"], ["hexyl pivalate", "fatty"], ["methyl (E)-2-hexenoate", "fatty"], ["methyl 2-hexenoate", "fatty"], ["amyl cinnamaldehyde", "floral"], ["amyl cinnamaldehyde diethyl acetal", "floral"], ["benzyl acetate", "floral"], ["boronia absolute", "floral"], ["cassis cyclohexene", "floral"], ["coriander seed oil", "floral"], ["cyclamen aldehyde", "floral"], ["damascone", "floral"], ["dihydrocarvyl acetate", "floral"], ["dihydrofarnesol", "floral"], ["dihydrojasmone", "floral"], ["dimethyl anthranilate", "floral"], ["dimethyl benzyl carbinyl acetate", "floral"], ["dimethyl benzyl carbinyl butyrate", "floral"], ["dimethyl-2-nonanol", "floral"], ["floral pyranol", "floral"], ["geraniol", "floral"], ["geranyl acetone", "floral"], ["geranyl formate", "floral"], ["geranyl isobutyrate", "floral"], ["heliotropyl acetone", "floral"], ["hexen-1-yl salicylate", "floral"], ["hexyl cinnamaldehyde", "floral"], ["hexyl lactate", "floral"], ["hexyl nonanoate", "floral"], ["jasmin cyclopentanol", "floral"], ["jasmone", "floral"], ["leerall", "floral"], ["linalool", "floral"], ["linalool", "floral"], ["linalool oxide", "floral"], ["methoxy-1-methyl propyl) benzene", "floral"], ["methyl benzyl acetate", "floral"], ["methyl dihydrojasmonate", "floral"], ["nerolidol", "floral"], ["nonanol", "floral"], ["ocean propanal", "floral"], ["papaya isobutyrate", "floral"], ["phenethyl isovalerate", "floral"], ["phenethyl propionate", "floral"], ["rose butanoate", "floral"], ["tetrahydrolinalool", "floral"], ["tilia cordata flower oil CO2 extract", "floral"], ["ylang ylang flower oil", "floral"], ["allyl butyrate", "fruity"], ["allyl oxy-1,4-dimethyl bicyclo(3.2.1)octane", "fruity"], ["amyl butyrate", "fruity"], ["amyl isovalerate", "fruity"], ["butyl bicyclo[3.2.1]-6-octen-2-one", "fruity"], ["butyl octanoate", "fruity"], ["butyl propionate", "fruity"], ["cherry pentenoate", "fruity"], ["cinnamyl hexanoate", "fruity"], ["cyclopentyl cyclopentanone", "fruity"], ["decalactone", "fruity"], ["dibutyl-6,8-dioxabicyclo(3.2.1)octane", "fruity"], ["diethyl malonate", "fruity"], ["dimethyl succinate", "fruity"], ["ethyl (E)-3-hexenoate", "fruity"], ["ethyl 2-cyclohexyl propionate", "fruity"], ["ethyl 2-hexenoate", "fruity"], ["ethyl 2-octenoate", "fruity"], ["ethyl acetoacetate", "fruity"], ["ethyl bicyclo(2.2.1)-5-heptene-2-carboxylate", "fruity"], ["ethyl bicyclo(2.2.1)-5-heptene-2-carboxylate", "fruity"], ["ethyl heptanoate", "fruity"], ["ethyl levulinate", "fruity"], ["ethyl methyl-para-tolyl glycidate", "fruity"], ["ethyl sorbate", "fruity"], ["fig crotonate", "fruity"], ["fruity butanate", "fruity"], ["geranyl ethyl ether", "fruity"], ["geranyl isovalerate", "fruity"], ["green acetate", "fruity"], ["heptyl butyrate", "fruity"], ["heptyl isobutyrate", "fruity"], ["heptyl valerate", "fruity"], ["hexen-1-ol", "fruity"], ["hexen-1-yl acetate", "fruity"], ["hexen-1-yl anthranilate", "fruity"], ["hexen-1-yl isobutyrate", "fruity"], ["hexyl (E)-tiglate", "fruity"], ["hexyl acetate", "fruity"], ["hexyl isovalerate", "fruity"], ["hexyl propionate", "fruity"], ["hexyl valerate", "fruity"], ["methyl heptanoate", "fruity"], ["methyl octadienoate", "fruity"], ["methyl valerate", "fruity"], ["methyl-2-butenal", "fruity"], ["nerolidyl isobutyrate", "fruity"], ["nonenal dimethyl acetal", "fruity"], ["octen-1-yl cyclopentanone", "fruity"], ["octyl butyrate", "fruity"], ["osmanthus flower absolute", "fruity"], ["pentyl furan", "fruity"], ["phenyl propyl hexanoate", "fruity"], ["phenyl-2-butyl acetate", "fruity"], ["pineapple pentenoate", "fruity"], ["prenyl hexanoate", "fruity"], ["rhubarb undecane", "fruity"], ["sorbyl butyrate", "fruity"], ["sorbyl butyrate", "fruity"], ["tetrahydrofurfuryl butyrate", "fruity"], ["tolualdehyde", "fruity"], ["tropical specialty", "fruity"], ["tropical thiazole", "fruity"], ["tropical trithiane", "fruity"], ["undecalactone (aldehyde C-14 (so-called))", "fruity"], ["acetaldehyde benzyl 2-methoxyethyl acetal", "green"], ["actinidia chinensis fruit extract", "green"], ["actinidia chinensis fruit water", "green"], ["allyl phenethyl ether", "green"], ["butyl thioisovalerate", "green"], ["currant bud absolute replacer", "green"], ["decalactone", "green"], ["ethyl (E)-2-hexenoate", "green"], ["ethyl (E)-4-decenoate", "green"], ["galbanum oil", "green"], ["galbanum oxyacetate", "green"], ["galbanum specialty", "green"], ["galbascone (IFF)", "green"], ["green dioxolane", "green"], ["green note propionate", "green"], ["herbal cyclohexane", "green"], ["hexen-1-ol", "green"], ["hexen-1-yl (E)-2-hexenoate", "green"], ["hexen-1-yl 2-methyl butyrate", "green"], ["hexen-1-yl acetate", "green"], ["hexen-1-yl hexanoate", "green"], ["hexen-1-yl isovalerate", "green"], ["hexen-1-yl propionate", "green"], ["hexen-1-yl valerate", "green"], ["hexen-1-yl valerate", "green"], ["hexenal propylene glycol acetal", "green"], ["hexenyl acetate", "green"], ["hexenyl methyl ether", "green"], ["hexyl 2-methyl butyrate", "green"], ["hexyl isobutyrate", "green"], ["hexyl octanoate", "green"], ["ivy carbaldehyde", "green"], ["leafy oxime", "green"], ["manzanate (Givaudan)", "green"], ["methyl (E)-3-hexenoate", "green"], ["neogall", "green"], ["nonadien-1-ol", "green"], ["pentenal", "green"], ["propyl 3-methyl thiocrotonate", "green"], ["propyl thioisovalerate", "green"], ["propylene acetal", "green"], ["sorbyl isobutyrate", "green"], ["sorbyl isobutyrate", "green"], ["spirogalbanone (Givaudan)", "green"], ["styralyl acetate", "green"], ["tetrahydro-1H-inden-6-yl]ethanone", "green"], ["thiogeraniol", "green"], ["violet dienyne", "green"], ["violet leaf absolute", "green"], ["methoxy-2,6-dimethyl octanal", "herbal"], ["myrtenyl acetate", "herbal"], ["pentyl acetate", "herbal"], ["tagete oil india", "herbal"], ["terpinyl acetate", "herbal"], ["tricyclodecyl acetate", "herbal"], ["viridiflorol", "herbal"], ["melon heptenal", "melon"], ["watermelon ketone", "melon"], ["carvyl acetate", "minty"], ["naphthyl ethyl ether", "naphthyl"], ["cinnamyl propionate", "spicy"], ["dimethyl bicyclo(3.2.1)-2-octen-3-yl acetate + 1,4-dimethyl bicyclo(3.2.1)-2-octen-3-yl acetate", "spicy"], ["elettaria cardamomum seed oil", "spicy"], ["methyl 4-mercaptopentan-2-one 1% solution", "sulfurous"], ["terpineol", "terpenic"], ["galbanum oxathiane", "tropical"], ["tropical oxathiane", "tropical"], ["methyl geranate", "waxy"], ["octyl 2-methyl butyrate", "waxy"], ["methyl 3-acetoxyoctanoate", "winey"], ["santall", "woody"], ["verdoxan", "woody"], ["acetaldehyde benzyl 2-methoxyethyl acetal", "No flavor group found for these"], ["butyl octanoate", "No flavor group found for these"], ["butyl thioisovalerate", "No flavor group found for these"], ["cinnamyl hexanoate", "No flavor group found for these"], ["cotinus coggygria branch/leaf oil", "No flavor group found for these"], ["cyclopentyl cyclopentanone", "No flavor group found for these"], ["decalactone", "No flavor group found for these"], ["ethyl 2-hexenoate", "No flavor group found for these"], ["ethyl bicyclo(2.2.1)-5-heptene-2-carboxylate", "No flavor group found for these"], ["geranyl ethyl ether", "No flavor group found for these"], ["heptyl butyrate", "No flavor group found for these"], ["hexenal propylene glycol acetal", "No flavor group found for these"], ["hexenyl acetate", "No flavor group found for these"], ["hexyl nonanoate", "No flavor group found for these"], ["hexyl propionate", "No flavor group found for these"], ["hexyl valerate", "No flavor group found for these"], ["methyl (E)-2-hexenoate", "No flavor group found for these"], ["methyl 2-hexenoate", "No flavor group found for these"], ["methyl 3-acetoxyoctanoate", "No flavor group found for these"], ["methyl 4-mercaptopentan-2-one 1% solution", "No flavor group found for these"], ["methyl geranate", "No flavor group found for these"], ["methyl octadienoate", "No flavor group found for these"], ["phenyl-2-butyl acetate", "No flavor group found for these"], ["prenyl hexanoate", "No flavor group found for these"], ["propyl 3-methyl thiocrotonate", "No flavor group found for these"], ["propyl thioisovalerate", "No flavor group found for these"], ["propylene acetal", "No flavor group found for these"], ["sorbyl butyrate", "No flavor group found for these"], ["sorbyl isobutyrate", "No flavor group found for these"], ["viridiflorol", "No flavor group found for these"], ["sorbyl isobutyrate", ""], ["tropical thiazole", "alliaceous"], ["nonadien-1-ol", "apple"], ["benzoin resinoid", "balsamic"], ["ethyl cinnamate", "balsamic"], ["heliotropyl acetone", "berry"], ["heptyl isobutyrate", "berry"], ["raspberry ketone acetate", "berry"], ["caramel furanone", "caramellic"], ["bergamot oil bergaptene reduced italy", "citrus"], ["citral", "citrus"], ["linalool", "citrus"], ["linalool", "citrus"], ["orange oil italy", "citrus"], ["orange peel oil c.p. brazil", "citrus"], ["terpineol", "citrus"], ["manzanate (Givaudan)", "cooling"], ["anisaldehyde", "creamy"], ["undecalactone (aldehyde C-14 (so-called))", "creamy"], ["pentyl acetate", "dairy"], ["ethyl acetoacetate", "estery"], ["ethyl (E)-4-decenoate", "fatty"], ["cinnamyl propionate", "floral"], ["dihydrocarvyl acetate", "floral"], ["dihydrofarnesol", "floral"], ["dihydrojasmone", "floral"], ["dimethyl benzyl carbinyl acetate", "floral"], ["dimethyl benzyl carbinyl butyrate", "floral"], ["geraniol", "floral"], ["geranyl acetone", "floral"], ["geranyl isobutyrate", "floral"], ["hexen-1-yl anthranilate", "floral"], ["methyl dihydrojasmonate", "floral"], ["ocean propanal", "floral"], ["phenethyl propionate", "floral"], ["tetrahydrolinalool", "floral"], ["ylang ylang flower oil", "floral"], ["amyl benzoate", "fruity"], ["benzyl acetate", "fruity"], ["boronia absolute", "fruity"], ["butyl propionate", "fruity"], ["cherry pentenoate", "fruity"], ["currant bud absolute replacer", "fruity"], ["decalactone", "fruity"], ["diethyl malonate", "fruity"], ["dimethyl anthranilate", "fruity"], ["dimethyl succinate", "fruity"], ["ethyl (E)-2-hexenoate", "fruity"], ["ethyl (E)-3-hexenoate", "fruity"], ["ethyl 2-octenoate", "fruity"], ["ethyl heptanoate", "fruity"], ["ethyl levulinate", "fruity"], ["ethyl methyl-para-tolyl glycidate", "fruity"], ["ethyl sorbate", "fruity"], ["heptanol", "fruity"], ["hexen-1-ol", "fruity"], ["hexen-1-yl (E)-2-hexenoate", "fruity"], ["hexen-1-yl acetate", "fruity"], ["hexen-1-yl isobutyrate", "fruity"], ["hexyl acetate", "fruity"], ["hexyl lactate", "fruity"], ["methyl (E)-2-octenoate", "fruity"], ["methyl benzyl acetate", "fruity"], ["methyl heptanoate", "fruity"], ["methyl valerate", "fruity"], ["methyl-2-butenal", "fruity"], ["octen-1-yl cyclopentanone", "fruity"], ["osmanthus flower absolute", "fruity"], ["phenethyl isovalerate", "fruity"], ["phenyl propyl hexanoate", "fruity"], ["pineapple pentenoate", "fruity"], ["rose butanoate", "fruity"], ["sorbyl butyrate", "fruity"], ["styralyl acetate", "fruity"], ["tetrahydrofurfuryl butyrate", "fruity"], ["tropical trithiane", "fruity"], ["actinidia chinensis fruit extract", "green"], ["allyl butyrate", "green"], ["amyl isovalerate", "green"], ["cyclamen aldehyde", "green"], ["cyclohexyl formate", "green"], ["decen-2-one", "green"], ["dihydromyrcenol", "green"], ["galbanum oil", "green"], ["galbanum oxathiane", "green"], ["geranyl formate", "green"], ["geranyl isovalerate", "green"], ["green note propionate", "green"], ["hexen-1-ol", "green"], ["hexen-1-yl 2-methyl butyrate", "green"], ["hexen-1-yl acetate", "green"], ["hexen-1-yl hexanoate", "green"], ["hexen-1-yl isovalerate", "green"], ["hexen-1-yl propionate", "green"], ["hexen-1-yl salicylate", "green"], ["hexen-1-yl valerate", "green"], ["hexen-1-yl valerate", "green"], ["hexyl (E)-tiglate", "green"], ["hexyl 2-methyl butyrate", "green"], ["hexyl isobutyrate", "green"], ["hexyl isovalerate", "green"], ["hexyl octanoate", "green"], ["ivy carbaldehyde", "green"], ["linalool oxide", "green"], ["melon heptenal", "green"], ["methyl (E)-3-hexenoate", "green"], ["nerolidol", "green"], ["papaya isobutyrate", "green"], ["pentenal", "green"], ["pentyl furan", "green"], ["thiogeraniol", "green"], ["violet leaf absolute", "green"], ["coriander seed oil", "herbal"], ["tagete oil india", "herbal"], ["carvyl acetate", "minty"], ["naphthyl ethyl ether", "powdery"], ["dodecanal (aldehyde C-12 lauric)", "soapy"], ["elettaria cardamomum seed oil", "spicy"], ["tolualdehyde", "spicy"], ["amyl cinnamaldehyde", "tropical"], ["tropical oxathiane", "tropical"], ["amyl butyrate", "waxy"], ["decanol", "waxy"], ["hexyl cinnamaldehyde", "waxy"], ["methyl undecanal (aldehyde C-12 mna)", "waxy"], ["nonanol", "waxy"], ["octyl 2-methyl butyrate", "waxy"], ["octyl butyrate", "waxy"], ["jasmone", "woody"], ["myrtenyl acetate", "woody"], ["terpinyl acetate", "woody"]]}