{"name": "grapefruit acetal", "cas": "67674-46-8", "smiles": "CC(=CCC(C)(C)C(OC)OC)C", "notes": ["fresh", "citrus", "grapefruit peel", "soapy", "woody", "green", "violet"], "blenders": [["agrumen nitrile", "aldehydic"], ["citrus carbaldehyde", "aldehydic"], ["decanal (aldehyde C-10)", "aldehydic"], ["methyl undecanal (aldehyde C-12 mna)", "aldehydic"], ["nonanal (aldehyde C-9)", "aldehydic"], ["octanal (aldehyde C-8)", "aldehydic"], ["anise seed oil", "anise"], ["fennel seed oil", "anise"], ["amyl benzoate", "balsamic"], ["amyris wood oil", "balsamic"], ["benzoin resinoid", "balsamic"], ["benzophenone", "balsamic"], ["benzyl cinnamate", "balsamic"], ["benzyl salicylate", "balsamic"], ["betula pubescens bud oil", "balsamic"], ["bornyl acetate", "balsamic"], ["cinnamyl alcohol", "balsamic"], ["clover nitrile", "balsamic"], ["ethyl cinnamate", "balsamic"], ["fir balsam absolute", "balsamic"], ["fir balsam concrete", "balsamic"], ["fir needle oil siberia", "balsamic"], ["methyl (E)-cinnamate", "balsamic"], ["phenyl propyl alcohol", "balsamic"], ["raspberry ketone methyl ether", "berry"], ["strawberry furanone", "caramellic"], ["bergamot oil bergaptene reduced italy", "citrus"], ["citral", "citrus"], ["citronellyl nitrile", "citrus"], ["dihydromyrcenol", "citrus"], ["grapefruit nitrile", "citrus"], ["grapefruit pentanol", "citrus"], ["lemon oil c.p. california", "citrus"], ["lemon oil residues", "citrus"], ["lemongrass oil", "citrus"], ["lime oil distilled mexico", "citrus"], ["lime oil fractions", "citrus"], ["litsea cubeba fruit oil", "citrus"], ["mandarin oil (citrus reticulata var. ponkan)", "citrus"], ["methyl heptenone", "citrus"], ["methylene citronellal", "citrus"], ["neroli ketone", "citrus"], ["nootkatone", "citrus"], ["orange oil italy", "citrus"], ["orange peel oil brazil", "citrus"], ["orange peel oil c.p. brazil", "citrus"], ["philodendron solimoesense specialty", "citrus"], ["rhubafuran", "citrus"], ["tangerine oil america", "citrus"], ["terpinyl methyl ether", "citrus"], ["tetrahydromyrcenol", "citrus"], ["decanol", "fatty"], ["amyl cinnamaldehyde", "floral"], ["amyl salicylate", "floral"], ["benzyl acetate", "floral"], ["benzyl alcohol", "floral"], ["benzyl isobutyrate", "floral"], ["bois de rose oil brazil", "floral"], ["citronellyl acetate", "floral"], ["coriander seed oil", "floral"], ["cyclamen aldehyde", "floral"], ["cyclohexyl ethyl alcohol", "floral"], ["dimethyl anthranilate", "floral"], ["ethyl phenyl acetate", "floral"], ["floral pyranol", "floral"], ["geraniol", "floral"], ["geranium oil bourbon", "floral"], ["geranyl acetate", "floral"], ["geranyl acetone", "floral"], ["glycoacetal", "floral"], ["hexyl cinnamaldehyde", "floral"], ["ho leaf oil", "floral"], ["karo karounde absolute", "floral"], ["leerall", "floral"], ["linalool", "floral"], ["linalool", "floral"], ["linalool oxide", "floral"], ["melaleuca ericifolia leaf oil", "floral"], ["methyl dihydrojasmonate", "floral"], ["mimosa absolute france", "floral"], ["muguet octadienol", "floral"], ["nerol", "floral"], ["neroli oil bigarde", "floral"], ["neryl acetate", "floral"], ["nonanol", "floral"], ["ocean propanal", "floral"], ["orange leaf absolute", "floral"], ["orangeflower absolute morocco", "floral"], ["orris pyridine 25% IPM", "floral"], ["petitgrain oil paraguay", "floral"], ["phenethyl acetate", "floral"], ["phenethyl isobutyrate", "floral"], ["phenethyl propionate", "floral"], ["tetrahydrolinalool", "floral"], ["violet methyl carbonate", "floral"], ["ylang ylang flower oil", "floral"], ["allyl amyl glycolate", "fruity"], ["allyl cyclohexyl propionate", "fruity"], ["allyl hexanoate", "fruity"], ["amyl acetate", "fruity"], ["amyl butyrate", "fruity"], ["benzyl propionate", "fruity"], ["cyclohexyl crotonate", "fruity"], ["damascone", "fruity"], ["decalactone", "fruity"], ["dibutyl-6,8-dioxabicyclo(3.2.1)octane", "fruity"], ["diethyl malonate", "fruity"], ["diisopropyl-6,8-dioxabicyclo(3.2.1)octane", "fruity"], ["ethyl acetoacetate", "fruity"], ["ethyl butyrate", "fruity"], ["ethyl heptanoate", "fruity"], ["green acetate", "fruity"], ["hexyl acetate", "fruity"], ["hexyl isovalerate", "fruity"], ["methyl 2-methyl valerate", "fruity"], ["undecalactone (aldehyde C-14 (so-called))", "fruity"], ["bergoxane", "green"], ["citral / diisotridecyl acetal", "green"], ["cortex pyridine", "green"], ["ethyl (E,Z)-2,4-decadienoate", "green"], ["fresh nitrile", "green"], ["galbanum oil", "green"], ["galbanum oleoresin", "green"], ["galbanum resinoid", "green"], ["hexen-1-ol", "green"], ["hexen-1-yl acetate", "green"], ["hexen-1-yl propionate", "green"], ["hexen-1-yl tiglate", "green"], ["hexyl 2-methyl butyrate", "green"], ["ivy carbaldehyde", "green"], ["leaf acetal", "green"], ["melon nonenoate", "green"], ["methoxy-1-methyl butyl) benzene", "green"], ["phenyl acetaldehyde dimethyl acetal", "green"], ["styralyl acetate", "green"], ["beeswax absolute", "hay"], ["campholenic aldehyde", "herbal"], ["canarium luzonicum oil", "herbal"], ["carum carvi fruit oil", "herbal"], ["clary sage oil france", "herbal"], ["dihydrolavandulal", "herbal"], ["lavender absolute bulgaria", "herbal"], ["linalyl acetate", "herbal"], ["nonisyl formate", "herbal"], ["terpinyl acetate", "herbal"], ["tricyclo(5.2.1.02,6)dec-3-enyl acetate", "herbal"], ["anethol", "licorice"], ["melon heptenal", "melon"], ["watermelon ketone", "melon"], ["pulegol", "minty"], ["pulegol", "minty"], ["tetramethyl cyclohexa-2,5-diene-1-one", "minty"], ["veramoss (IFF)", "mossy"], ["naphthyl ethyl ether", "naphthyl"], ["pine oil 85", "pine"], ["anisyl acetate", "powdery"], ["anisyl alcohol", "powdery"], ["cassia bark oil china", "spicy"], ["currant bud absolute", "spicy"], ["dimethyl bicyclo(3.2.1)-2-octen-3-yl acetate + 1,4-dimethyl bicyclo(3.2.1)-2-octen-3-yl acetate", "spicy"], ["elettaria cardamomum seed oil", "spicy"], ["octanol", "spicy"], ["pepper oil CO2 extract", "spicy"], ["mercapto-5-methyl-3-hexanone", "sulfurous"], ["juniper branch oil", "terpenic"], ["juniperus communis fruit oil", "terpenic"], ["phellandrene", "terpenic"], ["terpineol", "terpenic"], ["tonka bean absolute", "tonka"], ["ethyl vanillin", "vanilla"], ["vanilla bean absolute (vanilla planifolia)", "vanilla"], ["vanillin", "vanilla"], ["vanillyl acetate", "vanilla"], ["bruyere root absolute", "woody"], ["farnesene", "woody"], ["farnesene isomer", "woody"], ["gurjun balsam oil", "woody"], ["humulus lupulus extract", "woody"], ["moss naphthaleneol", "woody"], ["patchouli ethanone", "woody"], ["santall", "woody"], ["tetrahydronootkatone", "woody"], ["woody amylene", "woody"], ["xanthoxylum alatum roxb. oil", "woody"], ["betula pubescens bud oil", "No flavor group found for these"], ["lemon oil residues", "No flavor group found for these"], ["methyl (E)-cinnamate", "No flavor group found for these"], ["tetrahydronootkatone", "No flavor group found for these"], ["nonanal (aldehyde C-9)", "aldehydic"], ["octanal (aldehyde C-8)", "aldehydic"], ["anethol", "anise"], ["anise seed oil", "anise"], ["fennel seed oil", "anise"], ["benzoin resinoid", "balsamic"], ["benzyl salicylate", "balsamic"], ["ethyl cinnamate", "balsamic"], ["fir needle oil siberia", "balsamic"], ["raspberry ketone methyl ether", "berry"], ["beeswax absolute", "brown"], ["strawberry furanone", "caramellic"], ["bergamot oil bergaptene reduced italy", "citrus"], ["citral", "citrus"], ["lemon oil c.p. california", "citrus"], ["lemongrass oil", "citrus"], ["lime oil distilled mexico", "citrus"], ["linalool", "citrus"], ["linalool", "citrus"], ["litsea cubeba fruit oil", "citrus"], ["mandarin oil (citrus reticulata var. ponkan)", "citrus"], ["nerol", "citrus"], ["nootkatone", "citrus"], ["orange oil italy", "citrus"], ["orange peel oil c.p. brazil", "citrus"], ["tangerine oil america", "citrus"], ["terpineol", "citrus"], ["undecalactone (aldehyde C-14 (so-called))", "creamy"], ["ethyl acetoacetate", "estery"], ["bois de rose oil brazil", "floral"], ["citronellyl acetate", "floral"], ["geraniol", "floral"], ["geranium oil bourbon", "floral"], ["geranyl acetone", "floral"], ["linalyl acetate", "floral"], ["methyl dihydrojasmonate", "floral"], ["neroli oil bigarde", "floral"], ["neryl acetate", "floral"], ["ocean propanal", "floral"], ["orange leaf absolute", "floral"], ["orangeflower absolute morocco", "floral"], ["phenethyl propionate", "floral"], ["tetrahydrolinalool", "floral"], ["ylang ylang flower oil", "floral"], ["allyl cyclohexyl propionate", "fruity"], ["allyl hexanoate", "fruity"], ["amyl acetate", "fruity"], ["amyl benzoate", "fruity"], ["anisyl acetate", "fruity"], ["anisyl alcohol", "fruity"], ["benzyl acetate", "fruity"], ["benzyl alcohol", "fruity"], ["benzyl isobutyrate", "fruity"], ["benzyl propionate", "fruity"], ["damascone", "fruity"], ["decalactone", "fruity"], ["diethyl malonate", "fruity"], ["dimethyl anthranilate", "fruity"], ["ethyl butyrate", "fruity"], ["ethyl heptanoate", "fruity"], ["hexyl acetate", "fruity"], ["methyl 2-methyl valerate", "fruity"], ["orange peel oil brazil", "fruity"], ["styralyl acetate", "fruity"], ["amyl salicylate", "green"], ["campholenic aldehyde", "green"], ["canarium luzonicum oil", "green"], ["cinnamyl alcohol", "green"], ["cortex pyridine", "green"], ["cyclamen aldehyde", "green"], ["cyclohexyl ethyl alcohol", "green"], ["dihydromyrcenol", "green"], ["ethyl (E,Z)-2,4-decadienoate", "green"], ["farnesene", "green"], ["farnesene isomer", "green"], ["galbanum oil", "green"], ["galbanum oleoresin", "green"], ["galbanum resinoid", "green"], ["geranyl acetate", "green"], ["hexen-1-ol", "green"], ["hexen-1-yl acetate", "green"], ["hexen-1-yl propionate", "green"], ["hexen-1-yl tiglate", "green"], ["hexyl 2-methyl butyrate", "green"], ["hexyl isovalerate", "green"], ["ivy carbaldehyde", "green"], ["leaf acetal", "green"], ["linalool oxide", "green"], ["melon heptenal", "green"], ["melon nonenoate", "green"], ["methyl heptenone", "green"], ["phenyl acetaldehyde dimethyl acetal", "green"], ["carum carvi fruit oil", "herbal"], ["clary sage oil france", "herbal"], ["coriander seed oil", "herbal"], ["dihydrolavandulal", "herbal"], ["lavender absolute bulgaria", "herbal"], ["petitgrain oil paraguay", "herbal"], ["ethyl phenyl acetate", "honey"], ["phenethyl acetate", "honey"], ["phenethyl isobutyrate", "honey"], ["pulegol", "minty"], ["pulegol", "minty"], ["naphthyl ethyl ether", "powdery"], ["benzyl cinnamate", "spicy"], ["cassia bark oil china", "spicy"], ["currant bud absolute", "spicy"], ["elettaria cardamomum seed oil", "spicy"], ["octanol", "spicy"], ["pepper oil CO2 extract", "spicy"], ["phenyl propyl alcohol", "spicy"], ["mercapto-5-methyl-3-hexanone", "sulfurous"], ["juniperus communis fruit oil", "terpenic"], ["phellandrene", "terpenic"], ["amyl cinnamaldehyde", "tropical"], ["ethyl vanillin", "vanilla"], ["vanilla bean absolute (vanilla planifolia)", "vanilla"], ["vanillin", "vanilla"], ["vanillyl acetate", "vanilla"], ["amyl butyrate", "waxy"], ["decanal (aldehyde C-10)", "waxy"], ["decanol", "waxy"], ["hexyl cinnamaldehyde", "waxy"], ["methyl undecanal (aldehyde C-12 mna)", "waxy"], ["mimosa absolute france", "waxy"], ["nonanol", "waxy"], ["amyris wood oil", "woody"], ["bornyl acetate", "woody"], ["humulus lupulus extract", "woody"], ["terpinyl acetate", "woody"], ["terpinyl methyl ether", "woody"]]}