{"name": "ambroxan", "cas": "6790-58-5", "smiles": "CC1(CCC[C@]2([C@H]1CC[C@@]3([C@@H]2CCO3)C)C)C", "notes": ["ambergris", "sweet", "labdanum", "dry", "woody", "pine", "cedar", "green", "seedy", "tea"], "blenders": [["dodecanal (aldehyde C-12 lauric)", "aldehydic"], ["methyl undecanal (aldehyde C-12 mna)", "aldehydic"], ["undecenal (aldehyde C-11 undecylenic)", "aldehydic"], ["abienol", "amber"], ["acetoxymethyl isolongifolene", "amber"], ["amber acetate", "amber"], ["amber butanol", "amber"], ["amber carane", "amber"], ["amber cyclohexanol", "amber"], ["amber specialty", "amber"], ["ambergris tincture", "amber"], ["ambermax 50 (Givaudan)", "amber"], ["ambroxide", "amber"], ["angelica root oil", "amber"], ["cistus ladaniferus resin", "amber"], ["cistus ladaniferus resinoid", "amber"], ["formoxymethyl isolongifolene", "amber"], ["hydroxymethyl isolongifolene 50% in dpg", "amber"], ["labdanum absolute", "amber"], ["animal carbolactone", "animal"], ["costus valerolactone", "animal"], ["indole", "animal"], ["abies alba needle oil", "balsamic"], ["amyris wood oil", "balsamic"], ["benzoin resinoid", "balsamic"], ["fir balsam absolute", "balsamic"], ["fir carboxylate", "balsamic"], ["mastic gum resin", "balsamic"], ["methyl hydrogenated rosinate", "balsamic"], ["opoponax resin (commiphora erythraea var. glabrescens engler)", "balsamic"], ["opoponax resinoid replacer", "balsamic"], ["oriental specialty", "balsamic"], ["sclareol", "balsamic"], ["styrax resin (liquidambar styraciflua)", "balsamic"], ["styrax resinoid (liquidambar styraciflua)", "balsamic"], ["raspberry ketone", "berry"], ["ethyl maltol", "caramellic"], ["immortelle absolute", "caramellic"], ["maltol", "caramellic"], ["nonalactone (aldehyde C-18 (so-called))", "coconut"], ["octalactone", "coconut"], ["woody furan", "dusty"], ["decanol", "fatty"], ["acetophenone", "floral"], ["amyl salicylate", "floral"], ["bois de rose oil brazil", "floral"], ["butyl salicylate", "floral"], ["cyclamen aldehyde", "floral"], ["dihydrojasmone", "floral"], ["floral pyranol", "floral"], ["heliotropyl acetone", "floral"], ["hexyl cinnamaldehyde", "floral"], ["lilyall", "floral"], ["linalool", "floral"], ["methyl dihydrojasmonate", "floral"], ["methyl ionone", "floral"], ["nerolidol", "floral"], ["nonanol", "floral"], ["ocean propanal", "floral"], ["orris pyridine 25% IPM", "floral"], ["phenethyl phenyl acetate", "floral"], ["balsam specialty", "fruity"], ["decalactone", "fruity"], ["undecalactone (aldehyde C-14 (so-called))", "fruity"], ["diphenyl oxide", "green"], ["galbanum oil", "green"], ["methyl heptine carbonate", "green"], ["nonadien-1-ol", "green"], ["violet leaf absolute", "green"], ["beeswax absolute", "hay"], ["campholenic aldehyde", "herbal"], ["daucus carota fruit oil", "herbal"], ["dehydroxylinalool oxide", "herbal"], ["hyssop oil", "herbal"], ["pinene", "herbal"], ["pinene", "herbal"], ["pinocarveol", "herbal"], ["romanal", "herbal"], ["melon heptenal", "melon"], ["nonenal", "melon"], ["watermelon ketone", "melon"], ["moss specialty", "mossy"], ["veramoss (IFF)", "mossy"], ["musk dimethyl indane", "musk"], ["mcp acetate", "oily"], ["midnight passion fragrance", "powdery"], ["angelica seed absolute", "spicy"], ["cassia bark oil china", "spicy"], ["currant bud absolute", "spicy"], ["eugenyl acetate", "spicy"], ["methoxy-4-vinyl phenol", "spicy"], ["angelica seed oil", "terpenic"], ["frankincense oil", "terpenic"], ["tonka bean absolute", "tonka"], ["dodecanol", "waxy"], ["ethyl laurate", "waxy"], ["acetyl cedrene", "woody"], ["amber carbinol", "woody"], ["amber dioxane", "woody"], ["amber formate", "woody"], ["amber pentadecane", "woody"], ["camphene", "woody"], ["cedarwood oil texas fractions", "woody"], ["cedrene epoxide", "woody"], ["cedryl formate", "woody"], ["cedryl methyl ether", "woody"], ["cistus twig/leaf oil", "woody"], ["dragons blood fragrance", "woody"], ["frankincense resinoid replacer", "woody"], ["georgywood", "woody"], ["guaiacwood oil", "woody"], ["gurjun balsam oil", "woody"], ["hydroxyambran", "woody"], ["methyl 2,6,10-trimethyl cyclododeca-2,5,9-trienyl ketone", "woody"], ["methyl cedryl ketone", "woody"], ["octahydro-2,2,5,8,8,9a-hexamethyl-4h-4a,9-methanoazuleno(5,6-d)-1,3-dioxole", "woody"], ["patchouli ethanone", "woody"], ["patchouli oil", "woody"], ["patchouli woody amber fragrance", "woody"], ["santall", "woody"], ["sclareolide", "woody"], ["spruce needle oil canada", "woody"], ["terpinene", "woody"], ["tetramethyl-4-methylene-2-heptanol", "woody"], ["tobacarol (IFF)", "woody"], ["vetiver specialty", "woody"], ["woody acetate", "woody"], ["woody dioxolane", "woody"], ["woody nonane (ethoxy)", "woody"], ["ambergris tincture", "No flavor group found for these"], ["ambroxide", "No flavor group found for these"], ["camphene", "No flavor group found for these"], ["cistus ladaniferus resinoid", "No flavor group found for these"], ["methyl ionone", "No flavor group found for these"], ["angelica seed oil", "amber"], ["labdanum absolute", "amber"], ["indole", "animal"], ["nonadien-1-ol", "apple"], ["benzoin resinoid", "balsamic"], ["opoponax resin (commiphora erythraea var. glabrescens engler)", "balsamic"], ["styrax resin (liquidambar styraciflua)", "balsamic"], ["styrax resinoid (liquidambar styraciflua)", "balsamic"], ["heliotropyl acetone", "berry"], ["raspberry ketone", "berry"], ["beeswax absolute", "brown"], ["pinocarveol", "camphoreous"], ["caramel furanone", "caramellic"], ["ethyl maltol", "caramellic"], ["maltol", "caramellic"], ["linalool", "citrus"], ["nonalactone (aldehyde C-18 (so-called))", "coconut"], ["butyl salicylate", "cooling"], ["undecalactone (aldehyde C-14 (so-called))", "creamy"], ["undecenal (aldehyde C-11 undecylenic)", "fatty"], ["bois de rose oil brazil", "floral"], ["dihydrojasmone", "floral"], ["methyl dihydrojasmonate", "floral"], ["ocean propanal", "floral"], ["decalactone", "fruity"], ["amyl salicylate", "green"], ["angelica root oil", "green"], ["campholenic aldehyde", "green"], ["cyclamen aldehyde", "green"], ["diphenyl oxide", "green"], ["galbanum oil", "green"], ["immortelle absolute", "green"], ["melon heptenal", "green"], ["methyl heptine carbonate", "green"], ["nerolidol", "green"], ["nonenal", "green"], ["violet leaf absolute", "green"], ["daucus carota fruit oil", "herbal"], ["hyssop oil", "herbal"], ["phenethyl phenyl acetate", "honey"], ["octalactone", "lactonic"], ["musk dimethyl indane", "musk"], ["pinene", "pine"], ["acetophenone", "powdery"], ["dodecanal (aldehyde C-12 lauric)", "soapy"], ["dodecanol", "soapy"], ["angelica seed absolute", "spicy"], ["cassia bark oil china", "spicy"], ["currant bud absolute", "spicy"], ["eugenyl acetate", "spicy"], ["methoxy-4-vinyl phenol", "spicy"], ["abies alba needle oil", "terpenic"], ["terpinene", "terpenic"], ["decanol", "waxy"], ["ethyl laurate", "waxy"], ["hexyl cinnamaldehyde", "waxy"], ["methyl undecanal (aldehyde C-12 mna)", "waxy"], ["nonanol", "waxy"], ["abienol", "woody"], ["amyris wood oil", "woody"], ["cistus twig/leaf oil", "woody"], ["dehydroxylinalool oxide", "woody"], ["frankincense oil", "woody"], ["guaiacwood oil", "woody"], ["methyl cedryl ketone", "woody"], ["patchouli oil", "woody"], ["pinene", "woody"], ["sclareol", "woody"], ["sclareolide", "woody"], ["spruce needle oil canada", "woody"]]}