{"name": "isofreshal", "cas": "68259-31-4", "smiles": "CC1=C2CC(C(C1)C(C2)C(C)C)C=O", "notes": ["aldehydic", "fatty", "green", "metallic"], "blenders": [["fresh carbaldehyde", "aldehydic"], ["methyl-4-(3-methly-3-methoxybutyl oxy) butyraldehyde", "aldehydic"], ["methyl-4-octyl oxybutyraldehyde", "aldehydic"], ["octanal (aldehyde C-8)", "aldehydic"], ["octane nitrile", "aldehydic"], ["guaiyl acetate", "balsamic"], ["decenal", "citrus"], ["lime oil fractions", "citrus"], ["octanal glycol acetal", "citrus"], ["tetradecenal", "citrus"], ["decen-2-one", "fatty"], ["dodecadienal", "fatty"], ["methyl 2-hexenoate", "fatty"], ["methyl-5-hepten-2-one propylene glycol acetal", "fatty"], ["nonenal", "fatty"], ["nonenal", "fatty"], ["octenal", "fatty"], ["undecalactone", "fatty"], ["cyclohexyl salicylate", "floral"], ["floral pyran", "floral"], ["hyacinth ether", "floral"], ["phenethyl butyl ether", "floral"], ["amyl octanoate", "fruity"], ["ethyl 3-hexenoate", "fruity"], ["methyl 2-methyl butyrate", "fruity"], ["methyl 3-nonenoate", "fruity"], ["octen-1-yl cyclopentanone", "fruity"], ["undecenal", "fruity"], ["cilantro leaf oil", "green"], ["cucumber fragrance", "green"], ["green ether", "green"], ["heptanal (aldehyde C-7)", "green"], ["hepten-3-ol", "green"], ["heptenal", "green"], ["heptyl furan", "green"], ["hexanal (aldehyde C-6)", "green"], ["hexenal", "green"], ["hexenal", "green"], ["hexyl cinnamaldehyde dimethyl acetal", "green"], ["nonadien-1-ol", "green"], ["nonen-1-ol", "green"], ["nonen-1-ol", "green"], ["nonene nitrile", "green"], ["olive oil absolute", "green"], ["propyl quinoline", "green"], ["allyl benzo[b][1,4]dioxepin-3-one", "herbal"], ["octyl acetate", "herbal"], ["butyl 1-(3-methoxy-2-propen-1-yl) benzene", "muguet"], ["ethyl 1-(3-methoxy-2-propen-1-yl) benzene", "muguet"], ["methyl 1-(3-methoxy-2-propen-1-yl) benzene", "muguet"], ["propyl 1-(3-methoxy-2-propen-1-yl) benzene", "muguet"], ["methyl anthranilate / hexyl cinnamaldehyde schiff's base", "soapy"], ["allspice oleoresin", "spicy"], ["crocus sativus stigma tincture", "spicy"], ["cumin seed absolute", "spicy"], ["cassis pentanone", "sulfurous"], ["methyl thio) hexanol", "sulfurous"], ["cyclododecyl acetate", "waxy"], ["decenoic acid", "waxy"], ["heptyl octanoate", "waxy"], ["nonadien-1-ol", "waxy"], ["propyl decanoate", "waxy"], ["decenal", "No flavor group found for these"], ["guaiyl acetate", "No flavor group found for these"], ["methyl 2-hexenoate", "No flavor group found for these"], ["methyl-5-hepten-2-one propylene glycol acetal", "No flavor group found for these"], ["octenal", "No flavor group found for these"], ["propyl decanoate", "No flavor group found for these"], ["propyl quinoline", "No flavor group found for these"], ["tetradecenal", "No flavor group found for these"], ["undecalactone", "No flavor group found for these"], ["octanal (aldehyde C-8)", "aldehydic"], ["cilantro leaf oil", "citrus"], ["heptyl furan", "fatty"], ["nonadien-1-ol", "fatty"], ["nonen-1-ol", "fatty"], ["nonenal", "fatty"], ["amyl octanoate", "fruity"], ["ethyl 3-hexenoate", "fruity"], ["methyl 2-methyl butyrate", "fruity"], ["methyl 3-nonenoate", "fruity"], ["octen-1-yl cyclopentanone", "fruity"], ["cassis pentanone", "green"], ["decen-2-one", "green"], ["dodecadienal", "green"], ["green ether", "green"], ["heptanal (aldehyde C-7)", "green"], ["hepten-3-ol", "green"], ["heptenal", "green"], ["hexanal (aldehyde C-6)", "green"], ["hexenal", "green"], ["hexenal", "green"], ["nonadien-1-ol", "green"], ["nonen-1-ol", "green"], ["nonenal", "green"], ["octyl acetate", "green"], ["methyl thio) hexanol", "metallic"], ["olive oil absolute", "oily"], ["allspice oleoresin", "spicy"], ["cumin seed absolute", "spicy"], ["decenoic acid", "waxy"], ["heptyl octanoate", "waxy"], ["undecenal", "waxy"]]}