{"name": "hydroxycitronellal nitrile", "cas": "68797-68-2", "smiles": "CC(CCCC(C)(C)O)CC#N", "notes": ["lily", "muguet", "woody", "fresh"], "blenders": [["benzyl anthranilate", "citrus"], ["tetrahydromyrcenol", "citrus"], ["cumin carbinol", "floral"], ["cyclamen homoaldehyde", "floral"], ["farnesol", "floral"], ["floral specialty", "floral"], ["hepten-2-yl salicylate", "floral"], ["hydroxycitronellal diethyl acetal", "floral"], ["hydroxycitronellal distillation residue distillates", "floral"], ["hydroxycitronellal propylene glycol acetal", "floral"], ["hydroxycitronellal residue", "floral"], ["lily fragrance", "floral"], ["lily of the valley specialty", "floral"], ["linalyl benzoate", "floral"], ["magnolia cyclohexanol", "floral"], ["magnolia decadienal", "floral"], ["methyl octanal", "floral"], ["methyl-3-(2-methyl propyl) cyclohexanol", "floral"], ["methyl-6-ethyl-5-octen-1-ol", "floral"], ["muguet butanal", "floral"], ["muguet octadienol", "floral"], ["muguet specialty", "floral"], ["octahydro-4,7-methano-1H-indene-5-acetaldehyde", "floral"], ["phenyl acetaldehyde diethyl acetal", "green"], ["dimethyl benzyl carbinyl formate", "herbal"], ["hydroxycitronellal diisotridecyl acetal", "woody"], ["dimethyl benzyl carbinyl formate", "No flavor group found for these"], ["farnesol", "No flavor group found for these"], ["hydroxycitronellal propylene glycol acetal", "No flavor group found for these"], ["methyl octanal", "No flavor group found for these"], ["phenyl acetaldehyde diethyl acetal", "No flavor group found for these"], ["linalyl benzoate", "fruity"], ["hydroxycitronellal diethyl acetal", "melon"]]}