{"name": "maltose", "cas": "69-79-4", "smiles": "C([C@@H]1[C@H]([C@@H]([C@H]([C@H](O1)O[C@@H]2[C@H](O[C@H]([C@@H]([C@H]2O)O)O)CO)O)O)O)O", "notes": [], "blenders": [["fusel oil", "alcoholic"], ["methyl (E)-2-octenoate", "animal"], ["anise seed oil terpeneless", "anise"], ["acetanisole", "anisic"], ["ethyl para-anisate", "anisic"], ["benzyl salicylate", "balsamic"], ["ethyl cinnamate", "balsamic"], ["fenchone", "balsamic"], ["guaiacyl phenyl acetate", "balsamic"], ["hexyl benzoate", "balsamic"], ["furfural", "bready"], ["acetoin", "buttery"], ["caramel furanone solution", "caramellic"], ["caramel pentadione", "caramellic"], ["coffee dione", "caramellic"], ["cyclotene", "caramellic"], ["cyclotene hydrate", "caramellic"], ["ethyl cyclopentenolone", "caramellic"], ["ethyl furaneol", "caramellic"], ["ethyl maltol", "caramellic"], ["levulinic acid", "caramellic"], ["maltol", "caramellic"], ["maltyl isobutyrate", "caramellic"], ["maltyl propionate", "caramellic"], ["maple furanone", "caramellic"], ["methyl furfural", "caramellic"], ["shoyu furanone", "caramellic"], ["strawberry furanone", "caramellic"], ["strawberry furanone acetate", "caramellic"], ["strawberry furanone solution", "caramellic"], ["valeric acid", "cheesy"], ["butyl formate", "chemical"], ["propyl propionate", "chemical"], ["amyl phenyl acetate", "chocolate"], ["cocoa pentenal", "chocolate"], ["ethyl-1-hexanol", "citrus"], ["lime essence oil", "citrus"], ["limonene", "citrus"], ["terpinyl methyl ether", "citrus"], ["octalactone", "coconut"], ["heptyl dihydro-5-methyl-2(3H)-furanone", "creamy"], ["vanillic acid", "creamy"], ["vanillyl alcohol", "creamy"], ["veratraldehyde", "creamy"], ["xylenol", "dry"], ["methyl 3-hexenoate", "earthy"], ["ethyl acetate", "ethereal"], ["ethyl formate", "ethereal"], ["ethyl pyruvate", "ethereal"], ["propyl formate", "ethereal"], ["octenal", "fatty"], ["tridecatrienal", "fatty"], ["acetophenone", "floral"], ["benzyl acetate", "floral"], ["benzyl isobutyrate", "floral"], ["citronellyl anthranilate", "floral"], ["citronellyl phenyl acetate", "floral"], ["ethyl phenyl acetate", "floral"], ["geranyl isobutyrate", "floral"], ["heliotropyl acetone", "floral"], ["hexen-1-yl salicylate", "floral"], ["hexyl cinnamaldehyde", "floral"], ["hexyl lactate", "floral"], ["hydroxycitronellal", "floral"], ["hydroxycitronellol", "floral"], ["ionol", "floral"], ["methyl acetophenone", "floral"], ["naphthyl methyl ketone", "floral"], ["nonanol", "floral"], ["phenethyl alcohol", "floral"], ["phenethyl propionate", "floral"], ["phenyl-3-buten-2-ol", "floral"], ["propyl phenyl acetate", "floral"], ["rhodinyl phenyl acetate", "floral"], ["rose butanoate", "floral"], ["rose oil (rosa damascena) russia", "floral"], ["rose oil (rosa damascena) turkey", "floral"], ["terpinyl valerate", "floral"], ["tuberose absolute (from pommade)", "floral"], ["allyl hexanoate", "fruity"], ["butyl 2-butenoate", "fruity"], ["butyl acetoacetate", "fruity"], ["butyl anthranilate", "fruity"], ["butyl butyrate", "fruity"], ["butyl butyrate", "fruity"], ["butyl isovalerate", "fruity"], ["butyl isovalerate", "fruity"], ["ethyl 3-(2-furyl) propanoate", "fruity"], ["ethyl 3-hexenoate", "fruity"], ["ethyl 3-hydroxyhexanoate", "fruity"], ["ethyl benzoyl acetate", "fruity"], ["ethyl butyrate", "fruity"], ["ethyl isovalerate", "fruity"], ["ethyl lactate", "fruity"], ["ethyl methyl-para-tolyl glycidate", "fruity"], ["ethyl propionate", "fruity"], ["ethyl sorbate", "fruity"], ["ethyl valerate", "fruity"], ["hexen-1-ol", "fruity"], ["hexyl acetate", "fruity"], ["linalyl isobutyrate", "fruity"], ["menthyl isovalerate", "fruity"], ["methyl 3-nonenoate", "fruity"], ["methyl anthranilate", "fruity"], ["methyl butyl acetate", "fruity"], ["methyl heptanoate", "fruity"], ["methyl isobutyrate", "fruity"], ["methyl valerate", "fruity"], ["neryl isobutyrate", "fruity"], ["octyl butyrate", "fruity"], ["octyl propionate", "fruity"], ["pentanone", "fruity"], ["pineapple hydroxyhexanoate", "fruity"], ["prenyl acetate", "fruity"], ["propyl 2-methyl butyrate", "fruity"], ["propyl butyrate", "fruity"], ["propyl butyrate", "fruity"], ["propyl heptanoate", "fruity"], ["propyl hexanoate", "fruity"], ["propyl isobutyrate", "fruity"], ["propyl octanoate", "fruity"], ["strawberry glycidate 1 (aldehyde C-16 (so-called))", "fruity"], ["strawberry glycidate 2", "fruity"], ["tetrahydrofurfuryl acetate", "fruity"], ["tolualdehyde", "fruity"], ["tolualdehydes (mixed o,m,p)", "fruity"], ["tropical ionone", "fruity"], ["vanilla carboxylate", "fruity"], ["cucumber essence", "green"], ["hepten-1-ol", "green"], ["hexyl isobutyrate", "green"], ["hexyl phenyl acetate", "green"], ["nonadien-1-yl acetate", "green"], ["octen-1-ol", "green"], ["octen-1-ol", "green"], ["phenethyl tiglate", "green"], ["terpinyl propionate", "green"], ["anethum graveolens herb tincture", "herbal"], ["clary sage absolute", "herbal"], ["linalyl isovalerate", "herbal"], ["linalyl octanoate", "herbal"], ["lovage tincture", "herbal"], ["perillaldehyde", "herbal"], ["propylidene phthalide", "herbal"], ["methyl phenyl acetate", "honey"], ["propyl phenyl acetate", "honey"], ["anethol", "licorice"], ["xylenol", "medicinal"], ["ethyl benzoate", "minty"], ["ethyl salicylate", "minty"], ["methyl salicylate", "minty"], ["peppermint oil america", "minty"], ["peppermint oil idaho", "minty"], ["ethylene brassylate", "musk"], ["phorone", "musty"], ["butyl angelate", "spicy"], ["ethyl guaiacol", "spicy"], ["eugenol", "spicy"], ["eugenol", "spicy"], ["eugenyl acetate", "spicy"], ["eugenyl phenyl acetate", "spicy"], ["methoxycinnamaldehyde", "spicy"], ["methyl cinnamaldehyde", "spicy"], ["methyl heptadienone", "spicy"], ["methyl-(E)-cinnamaldehyde", "spicy"], ["propyl 2-furan acrylate", "spicy"], ["tiglic acid", "spicy"], ["vanilla bean absolute (vanilla spp.)", "sweet"], ["vanilla oleoresin bali", "sweet"], ["vanilla resinoid", "sweet"], ["vanilla tahitensis fruit extract", "sweet"], ["mint lactone", "tonka"], ["octahydrocoumarin", "tonka"], ["genet absolute", "tropical"], ["ethyl vanillin", "vanilla"], ["ethyl vanillin propylene glycol acetal", "vanilla"], ["propenyl guaethol", "vanilla"], ["vanilla aromatica fruit extract", "vanilla"], ["vanilla bean absolute (vanilla planifolia)", "vanilla"], ["vanilla oleoresin bourbon", "vanilla"], ["vanillin", "vanilla"], ["vanillin propylene glycol acetal", "vanilla"], ["vanillyl acetate", "vanilla"], ["vanillyl isobutyrate", "vanilla"], ["vanillylidene acetone", "vanilla"], ["ethyl decanoate", "waxy"], ["ethyl myristate", "waxy"], ["ethyl octanoate", "waxy"], ["nonanoic acid", "waxy"], ["undecanol", "waxy"], ["methoxy-4-vinyl phenol", "woody"], ["hexenoic acid", "acidic"], ["levulinic acid", "acidic"], ["undecanol", "aldehydic"], ["anethol", "anise"], ["anise seed oil terpeneless", "anise"], ["ethyl para-anisate", "anise"], ["acetanisole", "anisic"], ["benzyl salicylate", "balsamic"], ["ethyl cinnamate", "balsamic"], ["vanillylidene acetone", "balsamic"], ["heliotropyl acetone", "berry"], ["tridecatrienal", "bitter"], ["furfural", "brown"], ["methyl furfural", "brown"], ["tetrahydrofurfuryl acetate", "brown"], ["tiglic acid", "brown"], ["furfuryl alcohol", "burnt"], ["xylenol", "burnt"], ["caramel dione", "caramellic"], ["caramel furanone", "caramellic"], ["caramel furanone solution", "caramellic"], ["caramel pentadione", "caramellic"], ["cyclotene", "caramellic"], ["cyclotene hydrate", "caramellic"], ["ethyl furaneol", "caramellic"], ["ethyl maltol", "caramellic"], ["lucuma flavor", "caramellic"], ["maltol", "caramellic"], ["maltyl propionate", "caramellic"], ["maple distillates", "caramellic"], ["maple furanone", "caramellic"], ["methyl butyl 2-furyl butyrate", "caramellic"], ["pyruvaldehyde", "caramellic"], ["shoyu furanone", "caramellic"], ["strawberry furanone", "caramellic"], ["strawberry furanone acetate", "caramellic"], ["strawberry furanone solution", "caramellic"], ["ammonium isovalerate 30% in pg", "cheesy"], ["valeric acid", "cheesy"], ["methoxycinnamaldehyde", "cherry"], ["chocolate flavor", "chocolate"], ["lime essence oil", "citrus"], ["limonene", "citrus"], ["phorone", "citrus"], ["massoia bark oil CO2 extract", "coconut"], ["octahydrocoumarin", "coconut"], ["octalactone", "coconut"], ["coffee dione", "coffee"], ["fenchone", "cooling"], ["peppermint oil america", "cooling"], ["acetoin", "creamy"], ["divanillin", "creamy"], ["methyl acetophenone", "creamy"], ["mint lactone", "creamy"], ["vanillic acid", "creamy"], ["vanillyl alcohol", "creamy"], ["veratraldehyde", "creamy"], ["octyl propionate", "estery"], ["ethyl acetate", "ethereal"], ["ethyl formate", "ethereal"], ["methyl isobutyrate", "ethereal"], ["ethyl-1-hexanol", "fatty"], ["nonanoic acid", "fatty"], ["octen-1-ol", "fatty"], ["octen-1-ol", "fatty"], ["octenal", "fatty"], ["acetyl-5-methyl thiophene", "floral"], ["amyl phenyl acetate", "floral"], ["citronellyl phenyl acetate", "floral"], ["cocoa pentenal", "floral"], ["geranyl isobutyrate", "floral"], ["linalyl isobutyrate", "floral"], ["methyl phenyl acetate", "floral"], ["naphthyl methyl ketone", "floral"], ["phenethyl alcohol", "floral"], ["phenethyl propionate", "floral"], ["rose oil (rosa damascena) russia", "floral"], ["rose oil (rosa damascena) turkey", "floral"], ["tropical ionone", "floral"], ["tuberose absolute (from pommade)", "floral"], ["allyl hexanoate", "fruity"], ["benzyl acetate", "fruity"], ["benzyl isobutyrate", "fruity"], ["butyl acetoacetate", "fruity"], ["butyl anthranilate", "fruity"], ["butyl butyrate", "fruity"], ["butyl butyrate", "fruity"], ["butyl isovalerate", "fruity"], ["citronellyl anthranilate", "fruity"], ["decenoic acid", "fruity"], ["ethyl 3-(2-furyl) propanoate", "fruity"], ["ethyl 3-hexenoate", "fruity"], ["ethyl 3-hydroxyhexanoate", "fruity"], ["ethyl 3-oxohexanoate", "fruity"], ["ethyl benzoyl acetate", "fruity"], ["ethyl butyrate", "fruity"], ["ethyl isovalerate", "fruity"], ["ethyl lactate", "fruity"], ["ethyl methyl-para-tolyl glycidate", "fruity"], ["ethyl propionate", "fruity"], ["ethyl sorbate", "fruity"], ["ethyl valerate", "fruity"], ["furfuryl valerate", "fruity"], ["furyl pentyl ketone", "fruity"], ["fusel oil", "fruity"], ["heptyl dihydro-5-methyl-2(3H)-furanone", "fruity"], ["hexen-1-ol", "fruity"], ["hexyl acetate", "fruity"], ["hexyl lactate", "fruity"], ["hexyl phenyl acetate", "fruity"], ["linalyl isovalerate", "fruity"], ["linalyl octanoate", "fruity"], ["menthyl isovalerate", "fruity"], ["methyl (E)-2-octenoate", "fruity"], ["methyl (E)-3-nonenoate", "fruity"], ["methyl 3-hexenoate", "fruity"], ["methyl 3-nonenoate", "fruity"], ["methyl anthranilate", "fruity"], ["methyl butyl acetate", "fruity"], ["methyl heptanoate", "fruity"], ["methyl sorbate", "fruity"], ["methyl valerate", "fruity"], ["neryl isobutyrate", "fruity"], ["pentanone", "fruity"], ["pineapple hydroxyhexanoate", "fruity"], ["prenyl acetate", "fruity"], ["propyl 2-furan acrylate", "fruity"], ["propyl 2-methyl butyrate", "fruity"], ["propyl butyrate", "fruity"], ["propyl butyrate", "fruity"], ["propyl formate", "fruity"], ["propyl hexanoate", "fruity"], ["propyl isobutyrate", "fruity"], ["propyl octanoate", "fruity"], ["rose butanoate", "fruity"], ["strawberry glycidate 1 (aldehyde C-16 (so-called))", "fruity"], ["strawberry glycidate 2", "fruity"], ["terpinyl valerate", "fruity"], ["tolualdehydes (mixed o,m,p)", "fruity"], ["vanilla carboxylate", "fruity"], ["anethum graveolens herb tincture", "green"], ["butyl 2-butenoate", "green"], ["butyl angelate", "green"], ["butyl isovalerate", "green"], ["cucumber essence", "green"], ["ethyl butyraldehyde", "green"], ["hepten-1-ol", "green"], ["heptenal", "green"], ["hexen-1-yl salicylate", "green"], ["hexyl benzoate", "green"], ["hexyl isobutyrate", "green"], ["methyl heptadienone", "green"], ["nonadien-1-yl acetate", "green"], ["phenethyl tiglate", "green"], ["propylidene phthalide", "green"], ["terpinyl propionate", "green"], ["genet absolute", "hay"], ["clary sage absolute", "herbal"], ["lovage tincture", "herbal"], ["ethyl phenyl acetate", "honey"], ["honey", "honey"], ["honey flavor", "honey"], ["propyl phenyl acetate", "honey"], ["propyl phenyl acetate", "honey"], ["ethyl cyclopentenolone", "jammy"], ["maltyl isobutyrate", "jammy"], ["ethyl benzoate", "medicinal"], ["ethyl salicylate", "minty"], ["methyl salicylate", "minty"], ["peppermint oil idaho", "minty"], ["molasses blackstrap", "molasses"], ["methional diethyl acetal", "mushroom"], ["ethylene brassylate", "musk"], ["guaiacyl phenyl acetate", "phenolic"], ["potato flavor", "potato"], ["acetophenone", "powdery"], ["hydroxycitronellol", "powdery"], ["praline flavor", "praline"], ["butyl formate", "rummy"], ["ethyl pyruvate", "rummy"], ["hydroxy-4-methoxyphenyl)-3-(pyridin-2-yl)propan-1-one", "salty"], ["methoxy-4-vinyl phenol", "smoky"], ["xylenol", "smoky"], ["eugenol", "spicy"], ["eugenol", "spicy"], ["eugenyl acetate", "spicy"], ["eugenyl phenyl acetate", "spicy"], ["methyl cinnamaldehyde", "spicy"], ["methyl-(E)-cinnamaldehyde", "spicy"], ["perillaldehyde", "spicy"], ["tolualdehyde", "spicy"], ["ethyl thioacetate", "sulfurous"], ["acesulfame potassium", "sweet"], ["acetone alcohol", "sweet"], ["advantame", "sweet"], ["agave flavor", "sweet"], ["alitame anhydrous", "sweet"], ["aspartame", "sweet"], ["aspartame-acesulfame salt", "sweet"], ["corn syrup high fructose", "sweet"], ["corn syrups", "sweet"], ["dextrose monohydrate", "sweet"], ["dihydroxy-4'-methoxyflavan", "sweet"], ["ethyl 3-(2-hydroxyphenyl) propionate", "sweet"], ["glucosyl steviol glycosides", "sweet"], ["glycyrrhizic acid", "sweet"], ["honey enhancer", "sweet"], ["levulose", "sweet"], ["luo han fruit concentrate", "sweet"], ["maltitol", "sweet"], ["maltulose", "sweet"], ["molasses", "sweet"], ["molasses concentrate", "sweet"], ["molasses distillates", "sweet"], ["molasses flavor", "sweet"], ["ornithine hydrochloride", "sweet"], ["rebaudioside C", "sweet"], ["rebaudioside C 30%", "sweet"], ["rubus suavissimus extract, 60% glucosylated rubusoside glycosides", "sweet"], ["sodium 2-(4-methoxyphenoxy) propionate", "sweet"], ["sorbitol", "sweet"], ["stevia rebaudiana extract, rebaudioside A 22%", "sweet"], ["stevia rebaudiana extract, rebaudioside A 60%", "sweet"], ["stevia rebaudiana extract, rebaudioside A 80%", "sweet"], ["steviol", "sweet"], ["steviol glycoside extract, rebaudioside C 22%", "sweet"], ["steviol glycosides", "sweet"], ["stevioside", "sweet"], ["sucralose", "sweet"], ["sugar", "sweet"], ["sugar", "sweet"], ["sugar cane distillate", "sweet"], ["sugar extenders", "sweet"], ["sugar flavor", "sweet"], ["sugar flavor", "sweet"], ["sugar flavor", "sweet"], ["sugar replacers", "sweet"], ["sweet & sour candy flavor", "sweet"], ["sweet flavor", "sweet"], ["thaumatin b-recombinant", "sweet"], ["vanilla bean absolute (vanilla spp.)", "sweet"], ["vanilla concentrate", "sweet"], ["vanilla oleoresin bali", "sweet"], ["vanilla resinoid", "sweet"], ["vanilla tahitensis fruit extract", "sweet"], ["xylose", "sweet"], ["propyl propionate", "tropical"], ["ethyl vanillin", "vanilla"], ["ethyl vanillin propylene glycol acetal", "vanilla"], ["propenyl guaethol", "vanilla"], ["vanilla aromatica fruit extract", "vanilla"], ["vanilla bean absolute (vanilla planifolia)", "vanilla"], ["vanilla oleoresin bourbon", "vanilla"], ["vanillin", "vanilla"], ["vanillin propylene glycol acetal", "vanilla"], ["vanillyl acetate", "vanilla"], ["vanillyl isobutyrate", "vanilla"], ["tyramine", "vegetable"], ["ethyl decanoate", "waxy"], ["ethyl myristate", "waxy"], ["ethyl octanoate", "waxy"], ["hexyl cinnamaldehyde", "waxy"], ["hydroxycitronellal", "waxy"], ["nonanol", "waxy"], ["octyl butyrate", "waxy"], ["phenyl-3-buten-2-ol", "waxy"], ["propyl heptanoate", "waxy"], ["rhodinyl phenyl acetate", "waxy"], ["ethyl guaiacol", "woody"], ["ionol", "woody"], ["terpinyl methyl ether", "woody"]]}