{"name": "(E)-3-hexenal", "cas": "69112-21-6", "smiles": "CC/C=C/CC=O", "notes": ["natural", "green", "fruity", "apple"], "blenders": [["tiglaldehyde", "No odor group found for these"], ["cresyl isobutyrate", "animal"], ["methyl (E)-2-octenoate", "animal"], ["amyl benzoate", "balsamic"], ["heptanol", "citrus"], ["cyclohexyl formate", "ethereal"], ["methyl valeraldehyde", "ethereal"], ["decen-2-one", "fatty"], ["methyl (E)-2-hexenoate", "fatty"], ["methyl 2-hexenoate", "fatty"], ["hexanal diethyl acetal", "fermented"], ["methyl-1-pentanol", "fermented"], ["boronia absolute", "floral"], ["citronellyl propionate", "floral"], ["damascone", "floral"], ["damascone", "floral"], ["dihydrocarvyl acetate", "floral"], ["dihydrofarnesol", "floral"], ["geranyl acetone", "floral"], ["geranyl formate", "floral"], ["geranyl isobutyrate", "floral"], ["hexyl lactate", "floral"], ["hexyl nonanoate", "floral"], ["jasmone", "floral"], ["methyl benzyl acetate", "floral"], ["methyl citronellate", "floral"], ["papaya isobutyrate", "floral"], ["acetaldehyde dihexyl acetal", "fruity"], ["acetaldehyde hexyl isoamyl acetal", "fruity"], ["allyl butyrate", "fruity"], ["amyl 2-methyl butyrate", "fruity"], ["amyl butyrate", "fruity"], ["amyl hexanoate", "fruity"], ["amyl isobutyrate", "fruity"], ["amyl isovalerate", "fruity"], ["amyl isovalerate", "fruity"], ["amyl octanoate", "fruity"], ["apple ketal", "fruity"], ["benzyl isovalerate", "fruity"], ["berry pentadienoate", "fruity"], ["butyl 2-methyl butyrate", "fruity"], ["butyl isobutyrate", "fruity"], ["butyl isovalerate", "fruity"], ["butyl octanoate", "fruity"], ["butyl propionate", "fruity"], ["cherry pentenoate", "fruity"], ["cinnamyl hexanoate", "fruity"], ["cyclohexyl butyrate", "fruity"], ["cyclopentyl cyclopentanone", "fruity"], ["damascone", "fruity"], ["diethyl malonate", "fruity"], ["dimethyl succinate", "fruity"], ["ethyl (E)-3-hexenoate", "fruity"], ["ethyl 2-hexenoate", "fruity"], ["ethyl 2-octenoate", "fruity"], ["ethyl 3-acetoxyhexanoate", "fruity"], ["ethyl acetoacetate", "fruity"], ["ethyl bicyclo(2.2.1)-5-heptene-2-carboxylate", "fruity"], ["ethyl isovalerate", "fruity"], ["ethyl levulinate", "fruity"], ["ethyl methyl-para-tolyl glycidate", "fruity"], ["ethyl sorbate", "fruity"], ["ethyl valerate", "fruity"], ["fruity ketal", "fruity"], ["geranyl 2-methyl butyrate", "fruity"], ["geranyl ethyl ether", "fruity"], ["geranyl isovalerate", "fruity"], ["heptyl butyrate", "fruity"], ["heptyl isobutyrate", "fruity"], ["hexanal propylene glycol acetal", "fruity"], ["hexen-1-ol", "fruity"], ["hexen-1-yl acetate", "fruity"], ["hexen-1-yl anthranilate", "fruity"], ["hexen-1-yl isobutyrate", "fruity"], ["hexyl (E)-tiglate", "fruity"], ["hexyl acetate", "fruity"], ["hexyl isovalerate", "fruity"], ["hexyl propionate", "fruity"], ["hexyl valerate", "fruity"], ["linalyl hexanoate", "fruity"], ["methyl 3-nonenoate", "fruity"], ["methyl butyl butyrate", "fruity"], ["methyl heptanoate", "fruity"], ["methyl isovalerate", "fruity"], ["methyl octadienoate", "fruity"], ["methyl valerate", "fruity"], ["methyl-2-butenal", "fruity"], ["nonyl isovalerate", "fruity"], ["octen-1-yl cyclopentanone", "fruity"], ["octyl butyrate", "fruity"], ["pentyl furan", "fruity"], ["phenyl propyl hexanoate", "fruity"], ["phenyl-2-butyl acetate", "fruity"], ["pineapple pentenoate", "fruity"], ["prenyl hexanoate", "fruity"], ["propyl 2-methyl butyrate", "fruity"], ["propyl 2-methyl butyrate", "fruity"], ["propyl heptanoate", "fruity"], ["propyl isovalerate", "fruity"], ["propyl isovalerate", "fruity"], ["sorbyl butyrate", "fruity"], ["sorbyl butyrate", "fruity"], ["tetrahydrofurfuryl butyrate", "fruity"], ["tropical thiazole", "fruity"], ["tropical trithiane", "fruity"], ["acetaldehyde benzyl 2-methoxyethyl acetal", "green"], ["actinidia chinensis fruit extract", "green"], ["butyl heptanoate", "green"], ["cognac heptanone", "green"], ["currant bud absolute replacer", "green"], ["decalactone", "green"], ["ethyl (E,Z)-2,4-decadienoate", "green"], ["ethyl (E)-2-hexenoate", "green"], ["ethyl (E)-4-decenoate", "green"], ["green note propionate", "green"], ["hexen-1-yl (E)-2-hexenoate", "green"], ["hexen-1-yl 2-methyl butyrate", "green"], ["hexen-1-yl acetate", "green"], ["hexen-1-yl acetate", "green"], ["hexen-1-yl butyrate", "green"], ["hexen-1-yl formate", "green"], ["hexen-1-yl hexanoate", "green"], ["hexen-1-yl hexanoate", "green"], ["hexen-1-yl isovalerate", "green"], ["hexen-1-yl propionate", "green"], ["hexen-1-yl valerate", "green"], ["hexen-1-yl valerate", "green"], ["hexenal", "green"], ["hexenal propylene glycol acetal", "green"], ["hexenyl acetate", "green"], ["hexenyl acetate", "green"], ["hexyl 2-methyl butyrate", "green"], ["hexyl butyrate", "green"], ["hexyl isobutyrate", "green"], ["hexyl octanoate", "green"], ["manzanate (Givaudan)", "green"], ["methyl (E)-3-hexenoate", "green"], ["octyl formate", "green"], ["pentenal", "green"], ["phenoxyethyl isobutyrate", "green"], ["propyl phenyl acetaldehyde", "green"], ["propyl tiglate", "green"], ["propylene acetal", "green"], ["sorbyl isobutyrate", "green"], ["sorbyl isobutyrate", "green"], ["thiogeraniol", "green"], ["myrtenyl acetate", "herbal"], ["pentyl acetate", "herbal"], ["tagete oil india", "herbal"], ["viridiflorol", "herbal"], ["carvyl acetate", "minty"], ["cinnamyl propionate", "spicy"], ["buchu mercaptan", "sulfurous"], ["methyl 4-mercaptopentan-2-one 1% solution", "sulfurous"], ["cyclocitral", "tropical"], ["decenoic acid", "waxy"], ["ethyl decanoate", "waxy"], ["methyl geranate", "waxy"], ["octyl 2-methyl butyrate", "waxy"], ["methyl 3-acetoxyoctanoate", "winey"], ["acetaldehyde benzyl 2-methoxyethyl acetal", "No flavor group found for these"], ["acetaldehyde hexyl isoamyl acetal", "No flavor group found for these"], ["actinidia chinensis fruit juice", "No flavor group found for these"], ["allyl levulinate", "No flavor group found for these"], ["allyl tiglate", "No flavor group found for these"], ["amyl 2-methyl butyrate", "No flavor group found for these"], ["amyl isobutyrate", "No flavor group found for these"], ["amyl isovalerate", "No flavor group found for these"], ["butyl octanoate", "No flavor group found for these"], ["cinnamyl hexanoate", "No flavor group found for these"], ["cyclohexyl butyrate", "No flavor group found for these"], ["cyclopentyl cyclopentanone", "No flavor group found for these"], ["damascone", "No flavor group found for these"], ["decalactone", "No flavor group found for these"], ["diethyl-4-propyl thiazole", "No flavor group found for these"], ["ethyl 2-(methyl thio) acetate", "No flavor group found for these"], ["ethyl 2-hexenoate", "No flavor group found for these"], ["ethyl 3-acetoxyhexanoate", "No flavor group found for these"], ["ethyl bicyclo(2.2.1)-5-heptene-2-carboxylate", "No flavor group found for these"], ["geranyl 2-methyl butyrate", "No flavor group found for these"], ["geranyl ethyl ether", "No flavor group found for these"], ["heptadien-1-ol", "No flavor group found for these"], ["heptyl butyrate", "No flavor group found for these"], ["hexanal diethyl acetal", "No flavor group found for these"], ["hexenal", "No flavor group found for these"], ["hexenal diethyl acetal", "No flavor group found for these"], ["hexenal propylene glycol acetal", "No flavor group found for these"], ["hexenyl acetate", "No flavor group found for these"], ["hexenyl acetate", "No flavor group found for these"], ["hexyl (E)-2-hexenoate", "No flavor group found for these"], ["hexyl acetate", "No flavor group found for these"], ["hexyl nonanoate", "No flavor group found for these"], ["hexyl propionate", "No flavor group found for these"], ["hexyl valerate", "No flavor group found for these"], ["linalyl hexanoate", "No flavor group found for these"], ["methyl (E)-2-hexenoate", "No flavor group found for these"], ["methyl 2-hexenoate", "No flavor group found for these"], ["methyl 3-acetoxyoctanoate", "No flavor group found for these"], ["methyl 3-hydroxybutyrate", "No flavor group found for these"], ["methyl 4-mercaptopentan-2-one 1% solution", "No flavor group found for these"], ["methyl 4-pentenoate", "No flavor group found for these"], ["methyl geranate", "No flavor group found for these"], ["methyl octadienoate", "No flavor group found for these"], ["methyl-2-octenal", "No flavor group found for these"], ["methyl-2-octenal", "No flavor group found for these"], ["methyl-3-heptanone", "No flavor group found for these"], ["methyl-3-pentanol", "No flavor group found for these"], ["nonyl isovalerate", "No flavor group found for these"], ["octadien-2-one", "No flavor group found for these"], ["octyl butyrate", "No flavor group found for these"], ["phenyl-2-butyl acetate", "No flavor group found for these"], ["prenyl hexanoate", "No flavor group found for these"], ["propyl 2-methyl butyrate", "No flavor group found for these"], ["propyl isovalerate", "No flavor group found for these"], ["propyl isovalerate", "No flavor group found for these"], ["propyl phenyl acetaldehyde", "No flavor group found for these"], ["propyl tiglate", "No flavor group found for these"], ["propylene acetal", "No flavor group found for these"], ["sorbyl butyrate", "No flavor group found for these"], ["sorbyl isobutyrate", "No flavor group found for these"], ["tiglaldehyde", "No flavor group found for these"], ["viridiflorol", "No flavor group found for these"], ["sorbyl isobutyrate", ""], ["tropical thiazole", "alliaceous"], ["cresyl isobutyrate", "aromatic"], ["heptyl isobutyrate", "berry"], ["cognac heptanone", "citrus"], ["manzanate (Givaudan)", "cooling"], ["heptadienal", "creamy"], ["pentyl acetate", "dairy"], ["hexen-3-yl acetate", "earthy"], ["ethyl acetoacetate", "estery"], ["ethyl (E)-4-decenoate", "fatty"], ["cinnamyl propionate", "floral"], ["citronellyl propionate", "floral"], ["dihydrocarvyl acetate", "floral"], ["dihydrofarnesol", "floral"], ["geranyl acetone", "floral"], ["geranyl isobutyrate", "floral"], ["hexen-1-yl anthranilate", "floral"], ["methyl citronellate", "floral"], ["amyl benzoate", "fruity"], ["amyl hexanoate", "fruity"], ["amyl octanoate", "fruity"], ["apple ketal", "fruity"], ["benzyl isovalerate", "fruity"], ["berry pentadienoate", "fruity"], ["boronia absolute", "fruity"], ["butyl 2-methyl butyrate", "fruity"], ["butyl heptanoate", "fruity"], ["butyl isobutyrate", "fruity"], ["butyl isovalerate", "fruity"], ["butyl propionate", "fruity"], ["cherry pentenoate", "fruity"], ["currant bud absolute replacer", "fruity"], ["damascone", "fruity"], ["damascone", "fruity"], ["diethyl malonate", "fruity"], ["dimethyl succinate", "fruity"], ["ethyl (E)-2-hexenoate", "fruity"], ["ethyl (E)-2-octenoate", "fruity"], ["ethyl (E)-3-hexenoate", "fruity"], ["ethyl 2-octenoate", "fruity"], ["ethyl isovalerate", "fruity"], ["ethyl levulinate", "fruity"], ["ethyl methyl-para-tolyl glycidate", "fruity"], ["ethyl sorbate", "fruity"], ["ethyl valerate", "fruity"], ["fruity ketal", "fruity"], ["furfuryl propionate", "fruity"], ["heptanol", "fruity"], ["hexanal propylene glycol acetal", "fruity"], ["hexen-1-ol", "fruity"], ["hexen-1-yl (E)-2-hexenoate", "fruity"], ["hexen-1-yl acetate", "fruity"], ["hexen-1-yl isobutyrate", "fruity"], ["hexyl acetate", "fruity"], ["hexyl lactate", "fruity"], ["kiwi distillates", "fruity"], ["methyl (E)-2-octenoate", "fruity"], ["methyl (E)-3-nonenoate", "fruity"], ["methyl 3-nonenoate", "fruity"], ["methyl benzyl acetate", "fruity"], ["methyl butyl butyrate", "fruity"], ["methyl heptanoate", "fruity"], ["methyl isovalerate", "fruity"], ["methyl valerate", "fruity"], ["methyl-2-butenal", "fruity"], ["nonen-1-yl acetate", "fruity"], ["octen-1-yl acetate", "fruity"], ["octen-1-yl cyclopentanone", "fruity"], ["phenyl propyl hexanoate", "fruity"], ["pineapple pentenoate", "fruity"], ["propyl 2-methyl butyrate", "fruity"], ["sorbyl butyrate", "fruity"], ["tetrahydrofurfuryl butyrate", "fruity"], ["tropical trithiane", "fruity"], ["acetaldehyde dihexyl acetal", "green"], ["actinidia chinensis fruit extract", "green"], ["allyl butyrate", "green"], ["amyl isovalerate", "green"], ["cyclohexyl formate", "green"], ["decen-2-one", "green"], ["ethyl (E,Z)-2,4-decadienoate", "green"], ["geranyl formate", "green"], ["geranyl isovalerate", "green"], ["green note propionate", "green"], ["hexadienal", "green"], ["hexen-1-yl 2-methyl butyrate", "green"], ["hexen-1-yl acetate", "green"], ["hexen-1-yl acetate", "green"], ["hexen-1-yl butyrate", "green"], ["hexen-1-yl hexanoate", "green"], ["hexen-1-yl hexanoate", "green"], ["hexen-1-yl isovalerate", "green"], ["hexen-1-yl propionate", "green"], ["hexen-1-yl valerate", "green"], ["hexen-1-yl valerate", "green"], ["hexenal", "green"], ["hexenal diethyl acetal", "green"], ["hexyl (E)-tiglate", "green"], ["hexyl 2-methyl butyrate", "green"], ["hexyl butyrate", "green"], ["hexyl isobutyrate", "green"], ["hexyl isovalerate", "green"], ["hexyl octanoate", "green"], ["methyl (E)-3-hexenoate", "green"], ["methyl 2-undecynoate", "green"], ["papaya isobutyrate", "green"], ["pentenal", "green"], ["pentyl furan", "green"], ["phenoxyethyl isobutyrate", "green"], ["thiogeraniol", "green"], ["tagete oil india", "herbal"], ["carvyl acetate", "minty"], ["acetaldehyde", "pungent"], ["hexen-1-yl formate", "rummy"], ["methyl valeric acid", "sour"], ["buchu mercaptan", "sulfurous"], ["cyclocitral", "tropical"], ["methyl valeraldehyde", "vegetable"], ["amyl butyrate", "waxy"], ["decenoic acid", "waxy"], ["ethyl decanoate", "waxy"], ["octyl 2-methyl butyrate", "waxy"], ["octyl butyrate", "waxy"], ["octyl formate", "waxy"], ["propyl heptanoate", "waxy"], ["methyl-1-pentanol", "whiskey"], ["jasmone", "woody"], ["myrtenyl acetate", "woody"]]}