{"name": "decyl methyl ether", "cas": "7289-52-3", "smiles": "CCCCCCCCCCOC", "notes": ["clean", "marine", "cloth laundered cloth", "sweet"], "blenders": [["verbenol", "No odor group found for these"], ["verbenol", "No odor group found for these"], ["aldehydic specialty", "aldehydic"], ["citrus carbaldehyde", "aldehydic"], ["geranyl oxyacetaldehyde", "aldehydic"], ["octane nitrile", "aldehydic"], ["tridecanal", "aldehydic"], ["tridecanal", "aldehydic"], ["undecenal mixture (aldehyde C-11 mixed)", "aldehydic"], ["verbenol", "balsamic"], ["decenal", "citrus"], ["dimyrcetol (IFF)", "citrus"], ["marine decadienal", "citrus"], ["marine nitrile", "citrus"], ["myrmac aldehyde", "citrus"], ["octanal glycol acetal", "citrus"], ["orange nitrile", "citrus"], ["undecen-1-ol", "citrus"], ["cotton fragrance", "clean"], ["cyclododecyl formate", "clean"], ["cotton fragrance", "floral"], ["cyclamen homoaldehyde", "floral"], ["decen-1-ol", "floral"], ["muguet carboxaldehyde", "floral"], ["ocean propanal", "floral"], ["ocean propanal / methyl anthranilate schiff's base", "floral"], ["decyl vinyl ether", "fresh"], ["undecen-1-yl acetate", "fresh"], ["fresh nitrile", "green"], ["green heptenal", "green"], ["heptanal (aldehyde C-7)", "green"], ["hexanal (aldehyde C-6)", "green"], ["hexen-1-yl oxyacetaldehyde", "green"], ["hexenal", "green"], ["octen-1-yl acetate", "green"], ["phenoxyacetaldehyde 50% in benzyl alcohol", "green"], ["methyl phenoxyacetaldehyde", "hay"], ["cyclohexyl cyclohexanone", "herbal"], ["floral nitrile", "herbal"], ["savin wood oil (juniperus phoenicea)", "herbal"], ["algae absolute", "marine"], ["marine carbonitrile", "marine"], ["marine hexane", "marine"], ["marine pyridine", "marine"], ["ocean carboxaldehyde", "marine"], ["ozone propanal", "marine"], ["melon heptenal", "melon"], ["watermelon ketone", "melon"], ["decyl acetate", "waxy"], ["dodecyl acetate", "waxy"], ["geranyl oxyacetaldehyde", "waxy"], ["octanol", "waxy"], ["octyl isobutyrate", "waxy"], ["undecanol", "waxy"], ["undecanol", "waxy"], ["marine formate", "woody"], ["woody heptene", "woody"], ["algae absolute", "No flavor group found for these"], ["decenal", "No flavor group found for these"], ["savin wood oil (juniperus phoenicea)", "No flavor group found for these"], ["undecen-1-ol", "No flavor group found for these"], ["undecenal mixture (aldehyde C-11 mixed)", "No flavor group found for these"], ["verbenol", "No flavor group found for these"], ["verbenol", "No flavor group found for these"], ["undecanol", "aldehydic"], ["octyl isobutyrate", "creamy"], ["ocean propanal", "floral"], ["undecen-1-yl acetate", "greasy"], ["heptanal (aldehyde C-7)", "green"], ["hexanal (aldehyde C-6)", "green"], ["hexenal", "green"], ["melon heptenal", "green"], ["octen-1-yl acetate", "green"], ["verbenol", "herbal"], ["decen-1-ol", "waxy"], ["decyl acetate", "waxy"], ["dodecyl acetate", "waxy"], ["octanol", "waxy"], ["tridecanal", "waxy"], ["undecanol", "waxy"]]}