{"name": "allyl cyclohexyl valerate", "cas": "7493-68-7", "smiles": "C=CCOC(=O)CCCCC1CCCCC1", "notes": ["fruity", "pineapple", "peach", "apricot", "apple"], "blenders": [["valeraldehyde", "aldehydic"], ["heptanoic acid", "cheesy"], ["propyl propionate", "chemical"], ["decalactone", "coconut"], ["undecalactone", "coconut"], ["octyl phenyl acetate", "earthy"], ["propyl valerate", "ethereal"], ["allyl decanoate", "fatty"], ["allyl octanoate", "fatty"], ["decen-2-one", "fatty"], ["methyl 2-hexenoate", "fatty"], ["benzyl isobutyrate", "floral"], ["bois de rose oil brazil", "floral"], ["cassis buteneone", "floral"], ["citronellyl acetate", "floral"], ["citronellyl formate", "floral"], ["coranol (Firmenich)", "floral"], ["damascenone", "floral"], ["damascone", "floral"], ["damascone", "floral"], ["damascone", "floral"], ["dihydrolinalool", "floral"], ["dimethyl benzyl carbinyl acetate", "floral"], ["dimethyl-3-octanol", "floral"], ["ethyl linalool", "floral"], ["ethyl linalyl acetal", "floral"], ["ethyl linalyl acetate", "floral"], ["ethyl linalyl ether", "floral"], ["geraniol", "floral"], ["geranyl isobutyrate", "floral"], ["geranyl propionate", "floral"], ["geranyl valerate", "floral"], ["linalool", "floral"], ["linalool", "floral"], ["linalool", "floral"], ["linalool oxide", "floral"], ["linalyl anthranilate", "floral"], ["methyl citronellate", "floral"], ["phenethyl isobutyrate", "floral"], ["phenethyl isovalerate", "floral"], ["phenethyl valerate", "floral"], ["rhodinyl butyrate", "floral"], ["tetrahydrolinalool", "floral"], ["allyl (E)-cinnamate", "fruity"], ["allyl 2-ethyl butyrate", "fruity"], ["allyl 3,5,5-trimethyl hexanoate", "fruity"], ["allyl cinnamate", "fruity"], ["allyl cyclohexyl acetate", "fruity"], ["allyl cyclohexyl butyrate", "fruity"], ["allyl heptanoate", "fruity"], ["allyl isononylate", "fruity"], ["allyl propionate", "fruity"], ["amyl 2-methyl butyrate", "fruity"], ["amyl isobutyrate", "fruity"], ["amyl isovalerate", "fruity"], ["amyl propionate", "fruity"], ["amyl valerate", "fruity"], ["apple ketal", "fruity"], ["apricot isobutyrate", "fruity"], ["benzyl ethyl ether", "fruity"], ["benzyl heptanoate", "fruity"], ["benzyl isovalerate", "fruity"], ["benzyl propionate", "fruity"], ["butanol", "fruity"], ["butyl 2-decenoate", "fruity"], ["butyl butyrate", "fruity"], ["butyl hexanoate", "fruity"], ["butyl isovalerate", "fruity"], ["butyl isovalerate", "fruity"], ["butyl valerate", "fruity"], ["cyclohexyl butyrate", "fruity"], ["cyclohexyl cinnamate", "fruity"], ["cyclohexyl isovalerate", "fruity"], ["decen-1-yl cyclopentanone", "fruity"], ["dimethyl benzyl isobutyrate", "fruity"], ["dodecalactone", "fruity"], ["ethyl 3-(2-furyl) propanoate", "fruity"], ["ethyl 3-hexenoate", "fruity"], ["ethyl 3-methyl valerate", "fruity"], ["ethyl 5-hydroxyoctanoate", "fruity"], ["ethyl butyrate", "fruity"], ["ethyl cyclohexane propionate", "fruity"], ["ethyl heptanoate", "fruity"], ["ethyl hexanoate", "fruity"], ["ethyl isovalerate", "fruity"], ["ethyl tiglate", "fruity"], ["ethyl valerate", "fruity"], ["fleuramone (IFF)", "fruity"], ["fruity butanate", "fruity"], ["fruity cyclopentanone", "fruity"], ["fruity ketal", "fruity"], ["geranyl 2-methyl butyrate", "fruity"], ["geranyl butyrate", "fruity"], ["geranyl isovalerate", "fruity"], ["hexen-1-yl isobutyrate", "fruity"], ["hexyl formate", "fruity"], ["methyl butyl butyrate", "fruity"], ["methyl butyrate", "fruity"], ["methyl hexanoate", "fruity"], ["methyl isovalerate", "fruity"], ["methyl valerate", "fruity"], ["nonyl isovalerate", "fruity"], ["octyl formate", "fruity"], ["peach cyclopentanone", "fruity"], ["peach pivalate", "fruity"], ["phenyl propyl hexanoate", "fruity"], ["propyl butyrate", "fruity"], ["propyl heptanoate", "fruity"], ["propyl hexanoate", "fruity"], ["propyl isobutyrate", "fruity"], ["propyl isovalerate", "fruity"], ["propyl isovalerate", "fruity"], ["undecalactone (aldehyde C-14 (so-called))", "fruity"], ["butyl heptanoate", "green"], ["hexen-1-yl acetate", "green"], ["hexen-1-yl butyrate", "green"], ["hexen-1-yl propionate", "green"], ["hexen-1-yl valerate", "green"], ["hexen-1-yl valerate", "green"], ["hexenal diethyl acetal", "green"], ["hexenyl 2-methyl butyrate", "green"], ["hexyl 2-methyl butyrate", "green"], ["hexyl butyrate", "green"], ["hexyl isobutyrate", "green"], ["hexyl phenyl acetate", "green"], ["pentenal", "green"], ["benzyl octanoate", "herbal"], ["linalyl formate", "herbal"], ["linalyl isovalerate", "herbal"], ["methyl-3-ethoxypyrazine", "nutty"], ["ethyl methyl mercaptopropionate", "sulfurous"], ["glyceryl 5-hydroxydecanoate", "tropical"], ["glyceryl 5-hydroxydodecanoate", "tropical"], ["tropical 3-thiobutyrate", "tropical"], ["ethyl decanoate", "waxy"], ["ethyl nonanoate", "waxy"], ["ethyl octanoate", "waxy"], ["butyl angelate", "winey"], ["marine formate", "woody"], ["santalyl butyrate", "woody"], ["allyl (E)-cinnamate", "No flavor group found for these"], ["allyl 3,5,5-trimethyl hexanoate", "No flavor group found for these"], ["allyl cinnamate", "No flavor group found for these"], ["allyl cyclohexyl butyrate", "No flavor group found for these"], ["amyl 2-methyl butyrate", "No flavor group found for these"], ["amyl isobutyrate", "No flavor group found for these"], ["amyl isovalerate", "No flavor group found for these"], ["amyl propionate", "No flavor group found for these"], ["benzyl ethyl ether", "No flavor group found for these"], ["benzyl heptanoate", "No flavor group found for these"], ["benzyl octanoate", "No flavor group found for these"], ["butanol", "No flavor group found for these"], ["butyl angelate", "No flavor group found for these"], ["cyclohexyl butyrate", "No flavor group found for these"], ["decen-2-one", "No flavor group found for these"], ["dodecalactone", "No flavor group found for these"], ["ethyl 3-methyl valerate", "No flavor group found for these"], ["ethyl 5-hydroxyoctanoate", "No flavor group found for these"], ["ethyl cyclohexane propionate", "No flavor group found for these"], ["ethyl cyclohexyl carboxylate", "No flavor group found for these"], ["ethyl linalyl ether", "No flavor group found for these"], ["geranyl 2-methyl butyrate", "No flavor group found for these"], ["geranyl valerate", "No flavor group found for these"], ["heptyl 2-methyl butyrate", "No flavor group found for these"], ["hexenal diethyl acetal", "No flavor group found for these"], ["hexenal dimethyl acetal", "No flavor group found for these"], ["linalool", "No flavor group found for these"], ["methyl 2-hexenoate", "No flavor group found for these"], ["methyl-3-ethoxypyrazine", "No flavor group found for these"], ["nonyl isovalerate", "No flavor group found for these"], ["octyl phenyl acetate", "No flavor group found for these"], ["phenethyl valerate", "No flavor group found for these"], ["propyl hexanoate", "No flavor group found for these"], ["propyl isobutyrate", "No flavor group found for these"], ["propyl isovalerate", "No flavor group found for these"], ["propyl isovalerate", "No flavor group found for these"], ["propyl valerate", "No flavor group found for these"], ["santalyl butyrate", "No flavor group found for these"], ["allyl propionate", "alliaceous"], ["linalool", "citrus"], ["linalool", "citrus"], ["decalactone", "coconut"], ["glyceryl 5-hydroxydecanoate", "creamy"], ["glyceryl 5-hydroxydodecanoate", "creamy"], ["massoia lactone", "creamy"], ["undecalactone", "creamy"], ["undecalactone (aldehyde C-14 (so-called))", "creamy"], ["allyl 2-ethyl butyrate", "ethereal"], ["allyl octanoate", "fatty"], ["bois de rose oil brazil", "floral"], ["citronellyl acetate", "floral"], ["dihydrolinalool", "floral"], ["dimethyl benzyl carbinyl acetate", "floral"], ["geraniol", "floral"], ["geranyl isobutyrate", "floral"], ["linalyl anthranilate", "floral"], ["methyl citronellate", "floral"], ["rhodinyl butyrate", "floral"], ["tetrahydrolinalool", "floral"], ["allyl cyclohexyl acetate", "fruity"], ["allyl decanoate", "fruity"], ["allyl heptanoate", "fruity"], ["amyl valerate", "fruity"], ["apple ketal", "fruity"], ["benzyl isobutyrate", "fruity"], ["benzyl isovalerate", "fruity"], ["benzyl propionate", "fruity"], ["butyl 2-decenoate", "fruity"], ["butyl butyrate", "fruity"], ["butyl heptanoate", "fruity"], ["butyl hexanoate", "fruity"], ["butyl isovalerate", "fruity"], ["butyl valerate", "fruity"], ["citronellyl formate", "fruity"], ["cyclohexyl cinnamate", "fruity"], ["cyclohexyl isovalerate", "fruity"], ["damascone", "fruity"], ["decen-1-yl cyclopentanone", "fruity"], ["dimethyl benzyl isobutyrate", "fruity"], ["ethyl 3-(2-furyl) propanoate", "fruity"], ["ethyl 3-hexenoate", "fruity"], ["ethyl butyrate", "fruity"], ["ethyl heptanoate", "fruity"], ["ethyl hexanoate", "fruity"], ["ethyl isovalerate", "fruity"], ["ethyl tiglate", "fruity"], ["ethyl valerate", "fruity"], ["fruity ketal", "fruity"], ["furyl pentyl ketone", "fruity"], ["geranyl butyrate", "fruity"], ["hexen-1-yl isobutyrate", "fruity"], ["hexyl phenyl acetate", "fruity"], ["linalyl isovalerate", "fruity"], ["methionyl butyrate", "fruity"], ["methyl butyl butyrate", "fruity"], ["methyl hexanoate", "fruity"], ["methyl isovalerate", "fruity"], ["methyl thio) methyl hexanoate", "fruity"], ["methyl valerate", "fruity"], ["phenethyl isovalerate", "fruity"], ["phenyl propyl hexanoate", "fruity"], ["propyl butyrate", "fruity"], ["valeraldehyde", "fruity"], ["methyl butyrate", "fusel"], ["butyl isovalerate", "green"], ["decen-2-one", "green"], ["geranyl isovalerate", "green"], ["hexen-1-yl acetate", "green"], ["hexen-1-yl butyrate", "green"], ["hexen-1-yl propionate", "green"], ["hexen-1-yl valerate", "green"], ["hexen-1-yl valerate", "green"], ["hexenyl 2-methyl butyrate", "green"], ["hexyl 2-methyl butyrate", "green"], ["hexyl butyrate", "green"], ["hexyl formate", "green"], ["hexyl isobutyrate", "green"], ["linalool oxide", "green"], ["octyl formate", "green"], ["pentenal", "green"], ["dimethyl-3-octanol", "herbal"], ["linalyl formate", "herbal"], ["phenethyl isobutyrate", "honey"], ["ethyl methyl mercaptopropionate", "sulfurous"], ["tropical 3-thiobutyrate", "sulfurous"], ["propyl propionate", "tropical"], ["ethyl decanoate", "waxy"], ["ethyl nonanoate", "waxy"], ["ethyl octanoate", "waxy"], ["geranyl propionate", "waxy"], ["heptanoic acid", "waxy"], ["propyl heptanoate", "waxy"], ["damascenone", "woody"], ["damascone", "woody"]]}