{"name": "allyl 10-undecenoate", "cas": "7493-76-7", "smiles": "C=CCCCCCCCCC(=O)OCC=C", "notes": ["fruity", "pineapple", "waxy"], "blenders": [["undecanal", "aldehydic"], ["methyl (E)-2-octenoate", "animal"], ["herbal ethanone", "camphoreous"], ["maltyl propionate", "caramellic"], ["propyl propionate", "chemical"], ["methyl heptenone", "citrus"], ["methyl butyl phenyl acetate", "dairy"], ["octyl phenyl acetate", "earthy"], ["allyl octanoate", "fatty"], ["butyl undecylenate", "fatty"], ["decen-2-one", "fatty"], ["ethyl undecylenate", "fatty"], ["methyl 2-hexenoate", "fatty"], ["hexanal diethyl acetal", "fermented"], ["bois de rose oil brazil", "floral"], ["citronellyl isovalerate", "floral"], ["citronellyl propionate", "floral"], ["coranol (Firmenich)", "floral"], ["damascone", "floral"], ["damascone", "floral"], ["damascone", "floral"], ["dihydrolinalool", "floral"], ["dimethyl-3-octanol", "floral"], ["ethyl linalool", "floral"], ["ethyl linalyl acetal", "floral"], ["ethyl linalyl acetate", "floral"], ["ethyl linalyl ether", "floral"], ["ethyl safranate", "floral"], ["gelsone (IFF)", "floral"], ["geranyl acetone", "floral"], ["geranyl hexanoate", "floral"], ["hexyl 2-furoate", "floral"], ["ho leaf oil", "floral"], ["ho wood oil", "floral"], ["jasmin absolute egypt (from concrete)", "floral"], ["linalool", "floral"], ["linalool", "floral"], ["linalool", "floral"], ["linalool oxide", "floral"], ["linalyl anthranilate", "floral"], ["methyl citronellate", "floral"], ["octyl acetate", "floral"], ["phenethyl hexanoate", "floral"], ["phenyl propyl isobutyrate", "floral"], ["rose butanoate", "floral"], ["tetrahydrolinalool", "floral"], ["allyl 3,5,5-trimethyl hexanoate", "fruity"], ["allyl amyl glycolate", "fruity"], ["allyl butyrate", "fruity"], ["allyl cinnamate", "fruity"], ["allyl cyclohexyl acetate", "fruity"], ["allyl cyclohexyl butyrate", "fruity"], ["allyl cyclohexyl propionate", "fruity"], ["allyl heptanoate", "fruity"], ["allyl hexanoate", "fruity"], ["allyl isovalerate", "fruity"], ["allyl phenoxyacetate", "fruity"], ["allyl propionate", "fruity"], ["allyl salicylate", "fruity"], ["allyl sorbate", "fruity"], ["amyl 2-methyl butyrate", "fruity"], ["amyl 2-methyl butyrate", "fruity"], ["amyl butyrate", "fruity"], ["amyl hexanoate", "fruity"], ["amyl hexanoate", "fruity"], ["amyl isobutyrate", "fruity"], ["amyl isobutyrate", "fruity"], ["amyl isovalerate", "fruity"], ["amyl isovalerate", "fruity"], ["amyl octanoate", "fruity"], ["amyl propionate", "fruity"], ["amyl propionate", "fruity"], ["amyl valerate", "fruity"], ["amyl valerate", "fruity"], ["apple crotonate", "fruity"], ["apple ketal", "fruity"], ["benzyl ethyl ether", "fruity"], ["benzyl isovalerate", "fruity"], ["benzyl propionate", "fruity"], ["butyl 2-butenoate", "fruity"], ["butyl acetate", "fruity"], ["butyl butyrate", "fruity"], ["butyl butyrate", "fruity"], ["butyl furyl propionate", "fruity"], ["butyl hexanoate", "fruity"], ["butyl hexanoate", "fruity"], ["butyl isobutyrate", "fruity"], ["butyl isobutyrate", "fruity"], ["butyl isovalerate", "fruity"], ["butyl isovalerate", "fruity"], ["butyl valerate", "fruity"], ["cherry pentenoate", "fruity"], ["cinnamyl isobutyrate", "fruity"], ["cyclohexyl butyrate", "fruity"], ["cyclohexyl hexanoate", "fruity"], ["cyclohexyl isovalerate", "fruity"], ["damascone", "fruity"], ["decyl butyrate", "fruity"], ["diethyl malonate", "fruity"], ["ethyl (Z)-4-octenoate", "fruity"], ["ethyl 2-methyl butyrate", "fruity"], ["ethyl 2-octenoate", "fruity"], ["ethyl 3-(2-furyl) propanoate", "fruity"], ["ethyl 3-hexenoate", "fruity"], ["ethyl 3-hydroxyhexanoate", "fruity"], ["ethyl 3-methyl valerate", "fruity"], ["ethyl 3,5,5-trimethyl hexanoate", "fruity"], ["ethyl acetoacetate", "fruity"], ["ethyl butyrate", "fruity"], ["ethyl cyclohexane propionate", "fruity"], ["ethyl heptanoate", "fruity"], ["ethyl hexanoate", "fruity"], ["ethyl isovalerate", "fruity"], ["ethyl levulinate", "fruity"], ["ethyl propionate", "fruity"], ["ethyl valerate", "fruity"], ["fruity ketal", "fruity"], ["geranyl 2-methyl butyrate", "fruity"], ["geranyl acetoacetate", "fruity"], ["geranyl isovalerate", "fruity"], ["grape butyrate", "fruity"], ["green acetate", "fruity"], ["heptanone", "fruity"], ["heptyl isobutyrate", "fruity"], ["hexanone", "fruity"], ["hexen-1-yl 2-methyl-2-pentenoate", "fruity"], ["hexen-1-yl isobutyrate", "fruity"], ["hexyl (E)-tiglate", "fruity"], ["hexyl acetate", "fruity"], ["hexyl formate", "fruity"], ["linalyl hexanoate", "fruity"], ["methyl (E,Z)-2,4-decadienoate", "fruity"], ["methyl (Z)-4-octenoate", "fruity"], ["methyl 2-methyl butyrate", "fruity"], ["methyl 2-methyl valerate", "fruity"], ["methyl 4-methyl valerate", "fruity"], ["methyl butyl isovalerate", "fruity"], ["methyl butyrate", "fruity"], ["methyl hexanoate", "fruity"], ["methyl isobutyrate", "fruity"], ["methyl isovalerate", "fruity"], ["methyl nonanoate", "fruity"], ["methyl propionate", "fruity"], ["methyl valerate", "fruity"], ["nonen-1-yl acetate", "fruity"], ["nonyl isovalerate", "fruity"], ["octyl butyrate", "fruity"], ["pineapple hydroxyhexanoate", "fruity"], ["pineapple pentenoate", "fruity"], ["propyl 2-methyl butyrate", "fruity"], ["propyl butyrate", "fruity"], ["propyl butyrate", "fruity"], ["propyl heptanoate", "fruity"], ["propyl hexanoate", "fruity"], ["propyl hexanoate", "fruity"], ["propyl isobutyrate", "fruity"], ["propyl isovalerate", "fruity"], ["propyl isovalerate", "fruity"], ["propyl propionate", "fruity"], ["tetrahydrofurfuryl butyrate", "fruity"], ["tropical ionone", "fruity"], ["undecanone", "fruity"], ["vanilla carboxylate", "fruity"], ["amyl 3-(2-furan) propionate", "green"], ["butyl heptanoate", "green"], ["cognac heptanone", "green"], ["ethyl (E,Z)-2,4-decadienoate", "green"], ["ethyl (E)-2-decenoate", "green"], ["ethyl (E)-4-decenoate", "green"], ["galbanum oxyacetate", "green"], ["galbascone (IFF)", "green"], ["heptyl formate", "green"], ["hexen-1-yl 2-methyl butyrate", "green"], ["hexen-1-yl acetate", "green"], ["hexen-1-yl acetate", "green"], ["hexen-1-yl butyrate", "green"], ["hexen-1-yl butyrate", "green"], ["hexen-1-yl hexanoate", "green"], ["hexen-1-yl isovalerate", "green"], ["hexen-1-yl isovalerate", "green"], ["hexen-1-yl methyl carbonate", "green"], ["hexen-1-yl propionate", "green"], ["hexen-1-yl propionate", "green"], ["hexen-1-yl valerate", "green"], ["hexen-1-yl valerate", "green"], ["hexenal", "green"], ["hexenal", "green"], ["hexenal diethyl acetal", "green"], ["hexenyl 2-methyl butyrate", "green"], ["hexyl 2-methyl butyrate", "green"], ["hexyl butyrate", "green"], ["hexyl isobutyrate", "green"], ["hexyl octanoate", "green"], ["hexyl phenyl acetate", "green"], ["manzanate (Givaudan)", "green"], ["octen-1-yl acetate", "green"], ["octen-1-yl propionate", "green"], ["pentenal", "green"], ["phenoxyethyl isobutyrate", "green"], ["pineapple heptadienone 10%", "green"], ["propyl tiglate", "green"], ["sorbyl isobutyrate", "green"], ["benzyl octanoate", "herbal"], ["butyl levulinate", "herbal"], ["octyl acetate", "herbal"], ["ambrettolide", "musk"], ["methyl-3-ethoxypyrazine", "nutty"], ["benzyl laurate", "soapy"], ["cinnamyl isovalerate", "spicy"], ["cubeb oil", "spicy"], ["ethyl methyl mercaptopropionate", "sulfurous"], ["ethyl (Z)-3-hexenoate", "tropical"], ["galbanum oxathiane", "tropical"], ["tropical 3-thiobutyrate", "tropical"], ["tropical oxathiane", "tropical"], ["furfuryl pyrrole", "vegetable"], ["allyl nonanoate", "waxy"], ["butyl laurate", "waxy"], ["decanone", "waxy"], ["decen-1-ol", "waxy"], ["dihydrocitronellyl acetate", "waxy"], ["ethyl decanoate", "waxy"], ["ethyl palmitate", "waxy"], ["heptyl octanoate", "waxy"], ["methyl laurate", "waxy"], ["methyl undecanoate", "waxy"], ["octen-1-yl butyrate", "waxy"], ["octyl 2-methyl butyrate", "waxy"], ["phytyl acetate", "waxy"], ["propyl decanoate", "waxy"], ["tridecen-1-yl acetate", "waxy"], ["bornyl isovalerate", "woody"], ["marine formate", "woody"], ["allyl 3,5,5-trimethyl hexanoate", "No flavor group found for these"], ["allyl cinnamate", "No flavor group found for these"], ["allyl cyclohexyl butyrate", "No flavor group found for these"], ["allyl cyclohexyl valerate", "No flavor group found for these"], ["allyl sorbate", "No flavor group found for these"], ["amyl 2-methyl butyrate", "No flavor group found for these"], ["amyl 3-methyl thiopropionate", "No flavor group found for these"], ["amyl isobutyrate", "No flavor group found for these"], ["amyl isovalerate", "No flavor group found for these"], ["amyl propionate", "No flavor group found for these"], ["amyl valerate", "No flavor group found for these"], ["benzyl ethyl ether", "No flavor group found for these"], ["benzyl octanoate", "No flavor group found for these"], ["butyl undecylenate", "No flavor group found for these"], ["citronellyl isovalerate", "No flavor group found for these"], ["cyclohexyl butyrate", "No flavor group found for these"], ["cyclohexyl hexanoate", "No flavor group found for these"], ["damascone", "No flavor group found for these"], ["decanone", "No flavor group found for these"], ["decen-1-ol", "No flavor group found for these"], ["dihydrocitronellyl acetate", "No flavor group found for these"], ["ethyl (Z)-3-hexenoate", "No flavor group found for these"], ["ethyl 3-methyl valerate", "No flavor group found for these"], ["ethyl cyclohexane propionate", "No flavor group found for these"], ["ethyl linalyl ether", "No flavor group found for these"], ["geranyl 2-methyl butyrate", "No flavor group found for these"], ["geranyl acetoacetate", "No flavor group found for these"], ["heptyl 2-methyl butyrate", "No flavor group found for these"], ["hexanal diethyl acetal", "No flavor group found for these"], ["hexenal", "No flavor group found for these"], ["hexenal diethyl acetal", "No flavor group found for these"], ["hexenal diethyl acetal", "No flavor group found for these"], ["hexenal dimethyl acetal", "No flavor group found for these"], ["linalool", "No flavor group found for these"], ["linalyl hexanoate", "No flavor group found for these"], ["methyl (E,Z)-2,4-decadienoate", "No flavor group found for these"], ["methyl (Z)-4-octenoate", "No flavor group found for these"], ["methyl 2-hexenoate", "No flavor group found for these"], ["methyl pentyl 4-methyl valerate", "No flavor group found for these"], ["methyl-3-ethoxypyrazine", "No flavor group found for these"], ["nonyl isovalerate", "No flavor group found for these"], ["octen-1-yl butyrate", "No flavor group found for these"], ["octyl phenyl acetate", "No flavor group found for these"], ["phenyl propyl isobutyrate", "No flavor group found for these"], ["propyl decanoate", "No flavor group found for these"], ["propyl hexanoate", "No flavor group found for these"], ["propyl isobutyrate", "No flavor group found for these"], ["propyl isovalerate", "No flavor group found for these"], ["propyl isovalerate", "No flavor group found for these"], ["propyl tiglate", "No flavor group found for these"], ["sorbyl propionate", "No flavor group found for these"], ["tridecen-1-yl acetate", "No flavor group found for these"], ["amyl 3-(2-furan) propionate", ""], ["butyl furyl propionate", ""], ["sorbyl isobutyrate", ""], ["allyl propionate", "alliaceous"], ["heptyl isobutyrate", "berry"], ["maltyl propionate", "caramellic"], ["cognac heptanone", "citrus"], ["linalool", "citrus"], ["linalool", "citrus"], ["massoia lactone", "coconut"], ["manzanate (Givaudan)", "cooling"], ["methyl butyl phenyl acetate", "dairy"], ["ethyl acetoacetate", "estery"], ["benzyl laurate", "ethereal"], ["methyl isobutyrate", "ethereal"], ["allyl octanoate", "fatty"], ["ethyl (E)-4-decenoate", "fatty"], ["ethyl undecylenate", "fatty"], ["heptyl formate", "fatty"], ["bois de rose oil brazil", "floral"], ["citronellyl propionate", "floral"], ["dihydrolinalool", "floral"], ["geranyl acetone", "floral"], ["jasmin absolute egypt (from concrete)", "floral"], ["linalyl anthranilate", "floral"], ["methyl citronellate", "floral"], ["tetrahydrolinalool", "floral"], ["tropical ionone", "floral"], ["allyl cyclohexyl acetate", "fruity"], ["allyl cyclohexyl propionate", "fruity"], ["allyl heptanoate", "fruity"], ["allyl hexanoate", "fruity"], ["allyl isovalerate", "fruity"], ["allyl phenoxyacetate", "fruity"], ["amyl 2-methyl butyrate", "fruity"], ["amyl butyrate", "fruity"], ["amyl hexanoate", "fruity"], ["amyl hexanoate", "fruity"], ["amyl isobutyrate", "fruity"], ["amyl octanoate", "fruity"], ["amyl propionate", "fruity"], ["amyl valerate", "fruity"], ["apple ketal", "fruity"], ["benzyl isovalerate", "fruity"], ["benzyl propionate", "fruity"], ["butyl acetate", "fruity"], ["butyl butyrate", "fruity"], ["butyl butyrate", "fruity"], ["butyl heptanoate", "fruity"], ["butyl hexanoate", "fruity"], ["butyl hexanoate", "fruity"], ["butyl isobutyrate", "fruity"], ["butyl isobutyrate", "fruity"], ["butyl isovalerate", "fruity"], ["butyl valerate", "fruity"], ["cherry pentenoate", "fruity"], ["cinnamyl isobutyrate", "fruity"], ["cinnamyl isovalerate", "fruity"], ["cyclohexyl isovalerate", "fruity"], ["damascone", "fruity"], ["damascone", "fruity"], ["decyl butyrate", "fruity"], ["diethyl malonate", "fruity"], ["ethyl (E)-2-decenoate", "fruity"], ["ethyl (E)-2-octenoate", "fruity"], ["ethyl (Z)-4-octenoate", "fruity"], ["ethyl 2-methyl butyrate", "fruity"], ["ethyl 2-octenoate", "fruity"], ["ethyl 3-(2-furyl) propanoate", "fruity"], ["ethyl 3-hexenoate", "fruity"], ["ethyl 3-hydroxyhexanoate", "fruity"], ["ethyl butyrate", "fruity"], ["ethyl heptanoate", "fruity"], ["ethyl hexanoate", "fruity"], ["ethyl isovalerate", "fruity"], ["ethyl levulinate", "fruity"], ["ethyl propionate", "fruity"], ["ethyl valerate", "fruity"], ["fruity ketal", "fruity"], ["furfuryl valerate", "fruity"], ["geranyl hexanoate", "fruity"], ["heptanone", "fruity"], ["hexanone", "fruity"], ["hexen-1-yl isobutyrate", "fruity"], ["hexyl acetate", "fruity"], ["hexyl phenyl acetate", "fruity"], ["methyl (E)-2-octenoate", "fruity"], ["methyl 2-methyl butyrate", "fruity"], ["methyl 2-methyl valerate", "fruity"], ["methyl 4-methyl valerate", "fruity"], ["methyl butyl isovalerate", "fruity"], ["methyl hexanoate", "fruity"], ["methyl isovalerate", "fruity"], ["methyl propionate", "fruity"], ["methyl valerate", "fruity"], ["pineapple hydroxyhexanoate", "fruity"], ["pineapple pentenoate", "fruity"], ["propyl 2-methyl butyrate", "fruity"], ["propyl butyrate", "fruity"], ["propyl butyrate", "fruity"], ["propyl hexanoate", "fruity"], ["propyl propionate", "fruity"], ["rose butanoate", "fruity"], ["tetrahydrofurfuryl butyrate", "fruity"], ["vanilla carboxylate", "fruity"], ["methyl butyrate", "fusel"], ["allyl butyrate", "green"], ["amyl isovalerate", "green"], ["butyl 2-butenoate", "green"], ["butyl isovalerate", "green"], ["decen-2-one", "green"], ["ethyl (E,Z)-2,4-decadienoate", "green"], ["galbanum oxathiane", "green"], ["gelsone (IFF)", "green"], ["geranyl isovalerate", "green"], ["grape butyrate", "green"], ["hexen-1-yl 2-methyl butyrate", "green"], ["hexen-1-yl acetate", "green"], ["hexen-1-yl acetate", "green"], ["hexen-1-yl butyrate", "green"], ["hexen-1-yl butyrate", "green"], ["hexen-1-yl hexanoate", "green"], ["hexen-1-yl isovalerate", "green"], ["hexen-1-yl isovalerate", "green"], ["hexen-1-yl methyl carbonate", "green"], ["hexen-1-yl propionate", "green"], ["hexen-1-yl propionate", "green"], ["hexen-1-yl valerate", "green"], ["hexen-1-yl valerate", "green"], ["hexenal", "green"], ["hexenal", "green"], ["hexenal diethyl acetal", "green"], ["hexenoic acid", "green"], ["hexenyl 2-methyl butyrate", "green"], ["hexyl (E)-tiglate", "green"], ["hexyl 2-furoate", "green"], ["hexyl 2-methyl butyrate", "green"], ["hexyl butyrate", "green"], ["hexyl formate", "green"], ["hexyl isobutyrate", "green"], ["hexyl octanoate", "green"], ["linalool oxide", "green"], ["methyl 2-undecynoate", "green"], ["methyl heptenone", "green"], ["methyl-2-pentenal", "green"], ["octen-1-yl acetate", "green"], ["octen-1-yl propionate", "green"], ["octyl acetate", "green"], ["pentenal", "green"], ["phenoxyethyl isobutyrate", "green"], ["butyl levulinate", "herbal"], ["dimethyl-3-octanol", "herbal"], ["ambrettolide", "musk"], ["phytyl acetate", "nutty"], ["cubeb oil", "spicy"], ["ethyl methyl mercaptopropionate", "sulfurous"], ["methyl 4-(methyl thio) butyrate", "sulfurous"], ["tropical 3-thiobutyrate", "sulfurous"], ["propyl propionate", "tropical"], ["tropical oxathiane", "tropical"], ["furfuryl pyrrole", "vegetable"], ["allyl nonanoate", "waxy"], ["butyl laurate", "waxy"], ["ethyl decanoate", "waxy"], ["ethyl palmitate", "waxy"], ["heptyl octanoate", "waxy"], ["methyl laurate", "waxy"], ["nonen-1-yl acetate", "waxy"], ["octyl 2-methyl butyrate", "waxy"], ["octyl acetate", "waxy"], ["octyl butyrate", "waxy"], ["phenethyl hexanoate", "waxy"], ["propyl heptanoate", "waxy"], ["undecanal", "waxy"], ["undecanone", "waxy"], ["methyl nonanoate", "winey"], ["bornyl isovalerate", "woody"]]}