{"name": "ammonium isovalerate 30% in pg", "cas": "7563-33-9", "smiles": "CC(C)CC(=O)O.N", "notes": ["rancid", "fruity", "sharp", "cheesy"], "blenders": [["butyric acid", "acidic"], ["cyclohexyl acetic acid", "acidic"], ["ethyl butyric acid", "acidic"], ["methyl butyric acid", "acidic"], ["acetyl propionyl", "buttery"], ["butyl butyryl lactate", "buttery"], ["heptane dione", "buttery"], ["butyric acid", "cheesy"], ["heptanone", "cheesy"], ["methyl hexanoic acid", "cheesy"], ["methyl thio) butyrate", "cheesy"], ["methyl valeric acid", "cheesy"], ["methyl-2-hexenoic acid", "cheesy"], ["dodecyl butyrate", "fatty"], ["hexanoic acid", "fatty"], ["cyclohexyl carboxylic acid", "fruity"], ["filbert hexenone", "fruity"], ["heptanone", "fruity"], ["methyl 4-methyl valerate", "fruity"], ["methyl butyl isovalerate", "fruity"], ["prenyl hexanoate", "fruity"], ["propenyl acetate", "fruity"], ["sorbyl butyrate", "fruity"], ["hexenal", "green"], ["tagete oil egypt", "herbal"], ["tagete oil rwanda", "herbal"], ["dimethyl hydroquinone", "medicinal"], ["nutty quinoxaline", "nutty"], ["methyl heptanoic acid", "waxy"], ["nonanoic acid", "waxy"], ["nonanol", "waxy"], ["undecanoic acid", "waxy"], ["butyl amine", "No flavor group found for these"], ["dodecyl butyrate", "No flavor group found for these"], ["ethyl cyclohexyl carboxylate", "No flavor group found for these"], ["heptadien-1-ol", "No flavor group found for these"], ["hexenoic acid", "No flavor group found for these"], ["methyl hexanoic acid", "No flavor group found for these"], ["methyl valeric acid", "No flavor group found for these"], ["prenyl hexanoate", "No flavor group found for these"], ["butyric acid", "acidic"], ["ethyl butyric acid", "acidic"], ["heptane dione", "buttery"], ["methyl valeric acid", "buttery"], ["pentenoic acid", "buttery"], ["heptanone", "cheesy"], ["hexanoic acid", "cheesy"], ["dimethyl hydroquinone", "chemical"], ["acetoin butyrate", "creamy"], ["butyl butyryl lactate", "creamy"], ["methyl-4-pentenoic acid", "creamy"], ["pentenoic acid", "dairy"], ["propenyl acetate", "ethereal"], ["dimethyl sulfoxide", "fatty"], ["nonanoic acid", "fatty"], ["octenoic acid", "fatty"], ["methyl thio isovalerate", "fermented"], ["cyclohexyl carboxylic acid", "fruity"], ["filbert hexenone", "fruity"], ["heptanone", "fruity"], ["methyl 4-methyl valerate", "fruity"], ["methyl butyl isovalerate", "fruity"], ["methyl butyric acid", "fruity"], ["sorbyl butyrate", "fruity"], ["tagete oil rwanda", "fruity"], ["hexenal", "green"], ["tagete oil egypt", "herbal"], ["methyl 3-(methyl thio) furan", "meaty"], ["methyl thio) butyrate", "musty"], ["nutty quinoxaline", "nutty"], ["methyl hexanoic acid", "oily"], ["butyric acid", "sour"], ["dimethyl-2-pentenoic acid", "sour"], ["methyl valeric acid", "sour"], ["methyl 4-(methyl thio) butyrate", "sulfurous"], ["cyclohexyl acetic acid", "sweet"], ["acetyl propionyl", "toasted"], ["methyl heptanoic acid", "waxy"], ["nonanol", "waxy"], ["undecanoic acid", "waxy"]]}