{"name": "styralyl isobutyrate", "cas": "7775-39-5", "smiles": "CC(C)C(=O)OC(C)C1=CC=CC=C1", "notes": ["fruity", "tropical", "jasmin", "green", "mango"], "blenders": [["curcuma amada roxb. rhizome oil", "No odor group found for these"], ["methyloxacyclopentadeca-4,9-dien-2-one", "aromatic"], ["amyl benzoate", "balsamic"], ["ethyl alpha-acetyl cinnamate", "balsamic"], ["propyl cinnamate", "balsamic"], ["berry fragrance", "berry"], ["blueberry fragrance", "berry"], ["blueberry specialty", "berry"], ["maltyl isobutyrate", "caramellic"], ["strawberry furanone acetate", "caramellic"], ["grapefruit specialty", "citrus"], ["heptanol", "citrus"], ["tetrahydrojasmone", "coconut"], ["methyl valeraldehyde", "ethereal"], ["propyl formate", "ethereal"], ["valeraldehyde propylene glycol acetal", "ethereal"], ["allyl octanoate", "fatty"], ["methyl (E)-2-hexenoate", "fatty"], ["acetal 318", "floral"], ["amyl cinnamaldehyde", "floral"], ["amyl cinnamaldehyde dimethyl acetal", "floral"], ["anisyl butyrate", "floral"], ["benzyl acetate", "floral"], ["blue lagoon fragrance", "floral"], ["boronia absolute", "floral"], ["butyl cinnamaldehyde", "floral"], ["cassis specialty", "floral"], ["citronellyl acetate", "floral"], ["currant bud concrete", "floral"], ["damascate", "floral"], ["dihydroisojasmonate methyl ester", "floral"], ["dimethyl benzyl carbinyl acetate", "floral"], ["ethyl linalyl acetate", "floral"], ["eugenyl ethyl acetal", "floral"], ["frangipani specialty", "floral"], ["gardenia taitensis flower absolute", "floral"], ["gelsone (IFF)", "floral"], ["herbal pyran", "floral"], ["hexyl cinnamaldehyde", "floral"], ["hibiscus fragrance", "floral"], ["ionone", "floral"], ["iris specialty", "floral"], ["jasmin cyclopentanone", "floral"], ["methyl dihydrojasmonate", "floral"], ["nonanone", "floral"], ["ocimene", "floral"], ["orangeflower absolute morocco", "floral"], ["phenethyl acetate", "floral"], ["phenyl propyl isobutyrate", "floral"], ["phytol", "floral"], ["rhodinyl butyrate", "floral"], ["rhodinyl isobutyrate", "floral"], ["rose butanoate", "floral"], ["allyl amyl glycolate", "fruity"], ["allyl butyrate", "fruity"], ["allyl cyclohexyl propionate", "fruity"], ["almond specialty", "fruity"], ["amyl butyrate", "fruity"], ["amyl isovalerate", "fruity"], ["amyl octanoate", "fruity"], ["amyl propionate", "fruity"], ["apple pear fragrance", "fruity"], ["apricot peach fragrance", "fruity"], ["apricot specialty", "fruity"], ["benzyl butyrate", "fruity"], ["berry hexanoate", "fruity"], ["butyl isobutyrate", "fruity"], ["butyl isobutyrate", "fruity"], ["butyl propionate", "fruity"], ["cherry fragrance", "fruity"], ["cherry pentenoate", "fruity"], ["cyclopentyl cyclopentanone", "fruity"], ["diethyl malonate", "fruity"], ["dimethyl succinate", "fruity"], ["ethyl (Z)-4-heptenoate", "fruity"], ["ethyl 2-cyclohexyl propionate", "fruity"], ["ethyl 2-octenoate", "fruity"], ["ethyl 3-acetoxyhexanoate", "fruity"], ["ethyl 3,5,5-trimethyl hexanoate", "fruity"], ["ethyl acetoacetate", "fruity"], ["fruit fragrance", "fruity"], ["heptanal cyclic ethylene acetal", "fruity"], ["heptyl butyrate", "fruity"], ["hexen-1-ol", "fruity"], ["hexen-1-yl acetate", "fruity"], ["hexen-1-yl isobutyrate", "fruity"], ["hexenyl cyclopentanyl acetate", "fruity"], ["hexyl (E)-tiglate", "fruity"], ["hexyl acetate", "fruity"], ["kiwi specialty", "fruity"], ["lippia javanica leaf oil", "fruity"], ["lychee fragrance", "fruity"], ["methyl 3-nonenoate", "fruity"], ["methyl butyl 2-methyl butyrate", "fruity"], ["methyl cyclohexyl acetate", "fruity"], ["methyl heptanoate", "fruity"], ["neocaspirene", "fruity"], ["nerolidyl isobutyrate", "fruity"], ["octen-1-yl cyclopentanone", "fruity"], ["octyl butyrate", "fruity"], ["papaya fragrance", "fruity"], ["papaya specialty", "fruity"], ["passion fruit fragrance", "fruity"], ["peach cyclopentanone", "fruity"], ["pentyl furan", "fruity"], ["pineapple pentenoate", "fruity"], ["prenol", "fruity"], ["prenyl acetate", "fruity"], ["prenyl ethyl ether", "fruity"], ["prenyl hexanoate", "fruity"], ["propyl 2-methyl butyrate", "fruity"], ["propyl hexanoate", "fruity"], ["propyl isobutyrate", "fruity"], ["rhubarb undecane", "fruity"], ["strawberry furanone butyrate", "fruity"], ["tetrahydrofurfuryl butyrate", "fruity"], ["tropical fruit specialty", "fruity"], ["tropical indene", "fruity"], ["tropical ionone", "fruity"], ["tropical thiazole", "fruity"], ["amyl formate", "green"], ["decalactone", "green"], ["ethyl (E,Z)-2,4-decadienoate", "green"], ["galbanum specialty", "green"], ["heptanal dimethyl acetal", "green"], ["hexen-1-yl (E)-2-hexenoate", "green"], ["hexen-1-yl formate", "green"], ["hexen-1-yl hexanoate", "green"], ["hexen-1-yl hexanoate", "green"], ["hexen-1-yl isovalerate", "green"], ["hexen-1-yl oxypropane nitrile", "green"], ["hexyl hexanoate", "green"], ["hexyl octanoate", "green"], ["manzanate (Givaudan)", "green"], ["penten-3-ol", "green"], ["phenoxyethyl isobutyrate", "green"], ["propylene acetal", "green"], ["violet dienyne", "green"], ["acetoxydihydrotheaspirane", "herbal"], ["barosma betulina leaf oil", "herbal"], ["methyl-3-hepten-2-one", "herbal"], ["viridiflorol", "herbal"], ["bubble gum fragrance", "spicy"], ["spicy acetoacetate", "spicy"], ["buchu mercaptan", "sulfurous"], ["cassis pentanone", "sulfurous"], ["lychee mercaptan acetate", "sulfurous"], ["mango thiol", "sulfurous"], ["passiflora acetate", "sulfurous"], ["tropical 2-thiobutyrate", "sulfurous"], ["tropical oxathiane", "sulfurous"], ["cyclocitral", "tropical"], ["galbanum oxathiane", "tropical"], ["hexyl 2-methyl-3-pentenoate", "tropical"], ["nonen-4-olide", "tropical"], ["passiflora edulis fruit extract", "tropical"], ["passiflora edulis fruit water", "tropical"], ["pina colada fragrance", "tropical"], ["triflaige A (ZEON)", "tropical"], ["tropical 3-thiobutyrate", "tropical"], ["tropical oxathiane", "tropical"], ["nonyl acetate", "waxy"], ["octyl 2-methyl butyrate", "waxy"], ["verdoxan", "woody"], ["octen-4-one", "yeasty"], ["acetoxydihydrotheaspirane", "No flavor group found for these"], ["amyl 3-methyl thiopropionate", "No flavor group found for these"], ["amyl cinnamaldehyde dimethyl acetal", "No flavor group found for these"], ["cyclopentyl cyclopentanone", "No flavor group found for these"], ["decalactone", "No flavor group found for these"], ["diethyl-4-propyl thiazole", "No flavor group found for these"], ["dimethyl-3-furyl) ethane thioate", "No flavor group found for these"], ["ethyl 2-(methyl thio) acetate", "No flavor group found for these"], ["ethyl 3-acetoxyhexanoate", "No flavor group found for these"], ["ethyl 3-octenoate", "No flavor group found for these"], ["ethyl alpha-acetyl cinnamate", "No flavor group found for these"], ["hexenal", "No flavor group found for these"], ["hexenal diethyl acetal", "No flavor group found for these"], ["hexyl (E)-2-hexenoate", "No flavor group found for these"], ["methyl (E)-2-hexenoate", "No flavor group found for these"], ["methyl 2-(methyl thio) acetate", "No flavor group found for these"], ["methyl-2-octenal", "No flavor group found for these"], ["methyl-2-octenal", "No flavor group found for these"], ["methyl-3-hepten-2-one", "No flavor group found for these"], ["methyl-3-pentanol", "No flavor group found for these"], ["neocaspirene", "No flavor group found for these"], ["nonen-4-olide", "No flavor group found for these"], ["octadien-2-one", "No flavor group found for these"], ["phenyl propyl isobutyrate", "No flavor group found for these"], ["prenyl ethyl ether", "No flavor group found for these"], ["prenyl hexanoate", "No flavor group found for these"], ["prenyl thioisobutyrate", "No flavor group found for these"], ["prenyl thioisovalerate", "No flavor group found for these"], ["propylene acetal", "No flavor group found for these"], ["sorbyl propionate", "No flavor group found for these"], ["tropical 2-thiobutyrate", "No flavor group found for these"], ["viridiflorol", "No flavor group found for these"], ["allyl thiohexanoate", ""], ["butyl cinnamaldehyde", ""], ["tropical thiazole", "alliaceous"], ["anisyl butyrate", "anisic"], ["phytol", "balsamic"], ["propyl cinnamate", "balsamic"], ["strawberry furanone acetate", "caramellic"], ["methyl ketones", "cheesy"], ["manzanate (Givaudan)", "cooling"], ["triacetin", "creamy"], ["ethyl acetoacetate", "estery"], ["allyl octanoate", "fatty"], ["citronellyl acetate", "floral"], ["dimethyl benzyl carbinyl acetate", "floral"], ["ionone", "floral"], ["methyl dihydrojasmonate", "floral"], ["orangeflower absolute morocco", "floral"], ["rhodinyl butyrate", "floral"], ["rhodinyl isobutyrate", "floral"], ["tropical ionone", "floral"], ["allyl cyclohexyl propionate", "fruity"], ["amyl benzoate", "fruity"], ["amyl octanoate", "fruity"], ["amyl propionate", "fruity"], ["benzyl acetate", "fruity"], ["benzyl butyrate", "fruity"], ["boronia absolute", "fruity"], ["butyl isobutyrate", "fruity"], ["butyl isobutyrate", "fruity"], ["butyl propionate", "fruity"], ["cherry pentenoate", "fruity"], ["currant bud concrete", "fruity"], ["diethyl malonate", "fruity"], ["dimethyl succinate", "fruity"], ["dipropyl-5,6-dihydro-2H-thiopyran-3-carboxaldehyde", "fruity"], ["ethyl (E)-2-octenoate", "fruity"], ["ethyl (Z)-4-heptenoate", "fruity"], ["ethyl 2-octenoate", "fruity"], ["furfuryl propionate", "fruity"], ["heptanol", "fruity"], ["hexen-1-ol", "fruity"], ["hexen-1-yl (E)-2-hexenoate", "fruity"], ["hexen-1-yl acetate", "fruity"], ["hexen-1-yl isobutyrate", "fruity"], ["hexyl 2-methyl-3-pentenoate", "fruity"], ["hexyl acetate", "fruity"], ["hexyl hexanoate", "fruity"], ["mercaptohexyl hexanoate", "fruity"], ["methyl (E)-3-nonenoate", "fruity"], ["methyl 3-nonenoate", "fruity"], ["methyl butyl 2-methyl butyrate", "fruity"], ["methyl heptanoate", "fruity"], ["octen-1-yl cyclopentanone", "fruity"], ["passion fruit distillates", "fruity"], ["pineapple pentenoate", "fruity"], ["prenol", "fruity"], ["prenyl acetate", "fruity"], ["propyl 2-methyl butyrate", "fruity"], ["propyl formate", "fruity"], ["propyl hexanoate", "fruity"], ["propyl isobutyrate", "fruity"], ["rose butanoate", "fruity"], ["strawberry furanone butyrate", "fruity"], ["tetrahydrofurfuryl butyrate", "fruity"], ["tropical oxathiane", "fruity"], ["valeraldehyde propylene glycol acetal", "fruity"], ["allyl butyrate", "green"], ["amyl formate", "green"], ["amyl isovalerate", "green"], ["cassis pentanone", "green"], ["ethyl (E,Z)-2,4-decadienoate", "green"], ["galbanum oxathiane", "green"], ["gelsone (IFF)", "green"], ["heptanal dimethyl acetal", "green"], ["heptyl butyrate", "green"], ["hexen-1-yl hexanoate", "green"], ["hexen-1-yl hexanoate", "green"], ["hexen-1-yl isovalerate", "green"], ["hexenal diethyl acetal", "green"], ["hexyl (E)-tiglate", "green"], ["hexyl octanoate", "green"], ["methyl 2-undecynoate", "green"], ["nonanone", "green"], ["ocimene", "green"], ["penten-3-ol", "green"], ["pentyl furan", "green"], ["phenoxyethyl isobutyrate", "green"], ["barosma betulina leaf oil", "herbal"], ["buchu oil fractions", "herbal"], ["phenethyl acetate", "honey"], ["maltyl isobutyrate", "jammy"], ["lychee mercaptan acetate", "juicy"], ["hexen-1-yl formate", "rummy"], ["spicy acetoacetate", "spicy"], ["buchu mercaptan", "sulfurous"], ["mango thiol", "sulfurous"], ["methyl 2-(methyl thio) butyrate", "sulfurous"], ["methyl thiomethyl butyrate", "sulfurous"], ["tropical 3-thiobutyrate", "sulfurous"], ["amyl cinnamaldehyde", "tropical"], ["anacardium occidentale fruit puree", "tropical"], ["cyclocitral", "tropical"], ["mercaptohexyl butyrate", "tropical"], ["passiflora acetate", "tropical"], ["passiflora edulis fruit extract", "tropical"], ["passiflora edulis fruit water", "tropical"], ["tropical oxathiane", "tropical"], ["methyl valeraldehyde", "vegetable"], ["octen-4-one", "vegetable"], ["amyl butyrate", "waxy"], ["hexyl cinnamaldehyde", "waxy"], ["nonyl acetate", "waxy"], ["octyl 2-methyl butyrate", "waxy"], ["octyl butyrate", "waxy"]]}