{"name": "cuminyl acetaldehyde", "cas": "7775-00-0", "smiles": "CC(C)C1=CC=C(C=C1)CCC=O", "notes": ["fresh", "floral", "muguet", "fruity", "melon"], "blenders": [["satinaldehyde", "No odor group found for these"], ["muguet undecadienal", "aldehydic"], ["methyl (E)-2-octenoate", "animal"], ["methyl para-anisate", "anisic"], ["amyl benzoate", "balsamic"], ["cinnamyl formate", "balsamic"], ["raspberry ketone methyl ether", "berry"], ["heptyl acetate", "brown"], ["propyl propionate", "chemical"], ["citral dimethyl acetal", "citrus"], ["decenal", "citrus"], ["grapefruit pentanol", "citrus"], ["heptanol", "citrus"], ["heptyl dihydro-5-methyl-2(3H)-furanone", "creamy"], ["methyl 3-hexenoate", "earthy"], ["acetaldehyde dimethyl acetal", "ethereal"], ["cyclohexyl formate", "ethereal"], ["hexen-3-ol", "ethereal"], ["methyl ethyl ketone", "ethereal"], ["methyl valeraldehyde", "ethereal"], ["propyl formate", "ethereal"], ["valeraldehyde propylene glycol acetal", "ethereal"], ["decadien-1-ol", "fatty"], ["decadien-1-ol", "fatty"], ["decen-2-one", "fatty"], ["decenal", "fatty"], ["ethyl undecylenate", "fatty"], ["amyl benzoate", "floral"], ["anisyl propanal / methyl anthranilate schiff's base", "floral"], ["butyl cinnamaldehyde", "floral"], ["butyl cyclohexane propanal", "floral"], ["citronellol", "floral"], ["citronellyl acetate", "floral"], ["citronellyl formate", "floral"], ["citronellyl propionate", "floral"], ["corps popinal", "floral"], ["cumin carbinol", "floral"], ["cyclamen homoaldehyde", "floral"], ["damascenone", "floral"], ["dimethyl benzyl carbinol", "floral"], ["dimethyl benzyl carbinyl butyrate", "floral"], ["dimethyl-2-indan methanol", "floral"], ["dimethyl-2-nonanol", "floral"], ["ethyl 2-benzyl butyrate", "floral"], ["ethyl cyclohexane propanal", "floral"], ["farnesol", "floral"], ["farnesyl acetate", "floral"], ["floral butanal", "floral"], ["floral pyranol", "floral"], ["floral specialty", "floral"], ["gardenia absolute", "floral"], ["gardenia concrete", "floral"], ["geranium oil bourbon", "floral"], ["geranyl acetone", "floral"], ["geranyl isobutyrate", "floral"], ["hexen-1-yl salicylate", "floral"], ["hexyl cinnamaldehyde", "floral"], ["hydroxycitronellal diethyl acetal", "floral"], ["ionone", "floral"], ["jasmin cyclopentanol", "floral"], ["jasmone", "floral"], ["jasmone", "floral"], ["jonquil absolute", "floral"], ["leerall", "floral"], ["lilac pentanol", "floral"], ["lily fragrance", "floral"], ["lily of the valley specialty", "floral"], ["lilyall", "floral"], ["lilyall / methyl anthranilate schiff's base", "floral"], ["lilyall substitute", "floral"], ["magnolia cyclohexanol", "floral"], ["methoxycitronellal", "floral"], ["methyl cyclohexane propanal", "floral"], ["methyl epi-jasmonate", "floral"], ["methyl jasmonate", "floral"], ["mimosa absolute france", "floral"], ["muguet butanol", "floral"], ["muguet ethanol", "floral"], ["nerol", "floral"], ["neroli oil bigarde", "floral"], ["nerolidol", "floral"], ["neryl formate", "floral"], ["ocean propanal / methyl anthranilate schiff's base", "floral"], ["octahydro-4,7-methano-1H-indene-5-acetaldehyde", "floral"], ["octahydro-4,7-methano-1H-indene-5-acetaldehyde + 6-methyl-octahydro-4,7-methano-indene-5-carbaldehyd", "floral"], ["orange leaf absolute", "floral"], ["papaya isobutyrate", "floral"], ["phenethyl acetate", "floral"], ["phenyl acetaldehyde diisobutyl acetal", "floral"], ["phenyl propionaldehyde dimethyl acetal", "floral"], ["phenyl propionaldehyde ethylene glycol acetal", "floral"], ["propyl cyclohexane propanal", "floral"], ["rose butanoate", "floral"], ["styralyl formate", "floral"], ["styralyl propionate", "floral"], ["sweet pea absolute", "floral"], ["terpinyl isobutyrate", "floral"], ["verdyl acetate", "floral"], ["allyl butyrate", "fruity"], ["amyl butyrate", "fruity"], ["amyl formate", "fruity"], ["amyl hexanoate", "fruity"], ["amyl isobutyrate", "fruity"], ["amyl isovalerate", "fruity"], ["benzyl methyl ether", "fruity"], ["berry pentadienoate", "fruity"], ["bisabolene", "fruity"], ["butyl 2-decenoate", "fruity"], ["butyl hexanoate", "fruity"], ["butyl isovalerate", "fruity"], ["cherry pentenoate", "fruity"], ["citronellyl isobutyrate", "fruity"], ["diethyl sebacate", "fruity"], ["dimethyl succinate", "fruity"], ["ethyl 2-octenoate", "fruity"], ["ethyl 3-hexenoate", "fruity"], ["ethyl levulinate", "fruity"], ["ethyl methyl-para-tolyl glycidate", "fruity"], ["ethyl tiglate", "fruity"], ["geranyl butyrate", "fruity"], ["geranyl isovalerate", "fruity"], ["grape butyrate", "fruity"], ["hexanal propylene glycol acetal", "fruity"], ["hexen-1-ol", "fruity"], ["hexen-1-yl acetate", "fruity"], ["hexyl acetate", "fruity"], ["hexyl isovalerate", "fruity"], ["methyl heptanoate", "fruity"], ["methyl-2-butenal", "fruity"], ["neryl propionate", "fruity"], ["nonanone", "fruity"], ["octen-1-yl propionate", "fruity"], ["octyl butyrate", "fruity"], ["peach pivalate", "fruity"], ["prenol", "fruity"], ["actinidia chinensis fruit extract", "green"], ["amyl 3-(2-furan) propionate", "green"], ["butyl benzyl carbinol", "green"], ["chrysanthemum oxide", "green"], ["decanal propylene glycol acetal", "green"], ["dimethyl-6-octenoic acid", "green"], ["earthy acetal", "green"], ["ethyl (E)-2-hexenoate", "green"], ["hexen-1-ol", "green"], ["hexen-1-ol", "green"], ["hexen-1-yl (Z)-3-hexenoate", "green"], ["hexen-1-yl acetate", "green"], ["hexen-1-yl acetate", "green"], ["hexen-1-yl benzoate", "green"], ["hexen-1-yl hexanoate", "green"], ["hexen-1-yl isovalerate", "green"], ["hexen-1-yl valerate", "green"], ["hexenyl 2-methyl butyrate", "green"], ["hexenyl methyl ether", "green"], ["hexyl heptanoate", "green"], ["hexyl hexanoate", "green"], ["hyacinth absolute", "green"], ["hyacinth butanal", "green"], ["ivy carbaldehyde / methyl anthranilate schiff's base", "green"], ["ivy dioxolane", "green"], ["methyl (E)-3-hexenoate", "green"], ["methyl cyclocitrone (IFF)", "green"], ["methyl hydratropaldehyde", "green"], ["methyl octine carbonate", "green"], ["methyl-4-phenyl pentanone", "green"], ["neryl butyrate", "green"], ["nonadien-1-ol", "green"], ["nonadien-1-yl acetate", "green"], ["nonadien-1-yl acetate", "green"], ["octanal dimethyl acetal", "green"], ["octen-1-ol", "green"], ["octyl formate", "green"], ["octyl oxyacetaldehyde", "green"], ["phenoxyethyl isobutyrate", "green"], ["phenyl acetaldehyde", "green"], ["phenyl acetaldehyde dimethyl acetal", "green"], ["phenyl propionaldehyde", "green"], ["phenyl-2-pentanol", "green"], ["terpinyl propionate", "green"], ["thiogeraniol", "green"], ["tiglaldehyde", "green"], ["carrot seed oil (daucus carota ssp. gummifer hook. fil.) spain", "herbal"], ["celery ketone", "herbal"], ["clary sage absolute", "herbal"], ["hexanol", "herbal"], ["marine hexane", "marine"], ["cuminaldehyde", "spicy"], ["cassis bud oil", "terpenic"], ["psidium guajava fruit extract", "tropical"], ["decanone", "waxy"], ["methyl octanoate", "waxy"], ["nonanol", "waxy"], ["amyl benzoate", "No flavor group found for these"], ["decanal propylene glycol acetal", "No flavor group found for these"], ["decanone", "No flavor group found for these"], ["earthy acetal", "No flavor group found for these"], ["ethyl 2-benzyl butyrate", "No flavor group found for these"], ["farnesol", "No flavor group found for these"], ["hexyl heptanoate", "No flavor group found for these"], ["hyacinth absolute", "No flavor group found for these"], ["methyl para-anisate", "No flavor group found for these"], ["styralyl formate", "No flavor group found for these"], ["terpinyl isobutyrate", "No flavor group found for these"], ["amyl 3-(2-furan) propionate", ""], ["butyl cinnamaldehyde", ""], ["butyl benzyl carbinol", "amber"], ["raspberry ketone methyl ether", "berry"], ["nonanone", "cheesy"], ["methyl ethyl ketone", "chemical"], ["bisabolene", "citrus"], ["citral dimethyl acetal", "citrus"], ["nerol", "citrus"], ["styralyl propionate", "citrus"], ["massoia lactone", "coconut"], ["massoia lactone", "creamy"], ["ethyl octine carbonate", "cucumber"], ["acetaldehyde dimethyl acetal", "ethereal"], ["decadien-1-ol", "fatty"], ["decadien-1-ol", "fatty"], ["decenal", "fatty"], ["ethyl undecylenate", "fatty"], ["heptyl acetate", "fatty"], ["hexen-1-yl benzoate", "fatty"], ["citronellol", "floral"], ["citronellyl acetate", "floral"], ["citronellyl propionate", "floral"], ["dimethyl benzyl carbinyl butyrate", "floral"], ["dimethyl-6-octenoic acid", "floral"], ["farnesyl acetate", "floral"], ["geranium oil bourbon", "floral"], ["geranyl acetone", "floral"], ["geranyl isobutyrate", "floral"], ["methyl epi-jasmonate", "floral"], ["methyl jasmonate", "floral"], ["neroli oil bigarde", "floral"], ["orange leaf absolute", "floral"], ["satinaldehyde", "floral"], ["amyl benzoate", "fruity"], ["amyl formate", "fruity"], ["amyl hexanoate", "fruity"], ["amyl isobutyrate", "fruity"], ["benzyl methyl ether", "fruity"], ["berry pentadienoate", "fruity"], ["butyl 2-decenoate", "fruity"], ["butyl hexanoate", "fruity"], ["cassis bud oil", "fruity"], ["cherry pentenoate", "fruity"], ["citronellyl formate", "fruity"], ["citronellyl isobutyrate", "fruity"], ["diethyl sebacate", "fruity"], ["dimethyl succinate", "fruity"], ["ethyl (E)-2-hexenoate", "fruity"], ["ethyl (E)-2-octenoate", "fruity"], ["ethyl 2-octenoate", "fruity"], ["ethyl 3-hexenoate", "fruity"], ["ethyl levulinate", "fruity"], ["ethyl methyl-para-tolyl glycidate", "fruity"], ["ethyl tiglate", "fruity"], ["furyl pentyl ketone", "fruity"], ["geranyl butyrate", "fruity"], ["heptanol", "fruity"], ["heptyl dihydro-5-methyl-2(3H)-furanone", "fruity"], ["hexanal propylene glycol acetal", "fruity"], ["hexen-1-ol", "fruity"], ["hexen-1-yl acetate", "fruity"], ["hexyl acetate", "fruity"], ["hexyl hexanoate", "fruity"], ["kiwi distillates", "fruity"], ["lilac pentanol", "fruity"], ["methyl (E)-2-octenoate", "fruity"], ["methyl 3-hexenoate", "fruity"], ["methyl heptanoate", "fruity"], ["methyl-2-butenal", "fruity"], ["neryl formate", "fruity"], ["nonen-1-yl acetate", "fruity"], ["octen-1-yl acetate", "fruity"], ["octen-1-yl propionate", "fruity"], ["phenyl propionaldehyde dimethyl acetal", "fruity"], ["phenyl-2-pentanol", "fruity"], ["prenol", "fruity"], ["propyl formate", "fruity"], ["rose butanoate", "fruity"], ["tiglaldehyde", "fruity"], ["valeraldehyde propylene glycol acetal", "fruity"], ["watermelon distillates", "fruity"], ["actinidia chinensis fruit extract", "green"], ["allyl butyrate", "green"], ["amyl isovalerate", "green"], ["butyl isovalerate", "green"], ["celery ketone", "green"], ["chrysanthemum oxide", "green"], ["cyclohexyl formate", "green"], ["decen-2-one", "green"], ["decenal", "green"], ["ethyl butyraldehyde", "green"], ["geranyl isovalerate", "green"], ["grape butyrate", "green"], ["hexanol", "green"], ["hexen-1-ol", "green"], ["hexen-1-ol", "green"], ["hexen-1-yl (Z)-3-hexenoate", "green"], ["hexen-1-yl acetate", "green"], ["hexen-1-yl acetate", "green"], ["hexen-1-yl hexanoate", "green"], ["hexen-1-yl isovalerate", "green"], ["hexen-1-yl salicylate", "green"], ["hexen-1-yl valerate", "green"], ["hexen-3-ol", "green"], ["hexenyl 2-methyl butyrate", "green"], ["hexyl isovalerate", "green"], ["jasmone", "green"], ["jasmone", "green"], ["methyl (E)-3-hexenoate", "green"], ["methyl 2-undecynoate", "green"], ["methyl hydratropaldehyde", "green"], ["methyl octanoate", "green"], ["methyl octine carbonate", "green"], ["methyl-2-furyl) butanal", "green"], ["methyl-2-pentenal", "green"], ["nerolidol", "green"], ["neryl butyrate", "green"], ["neryl propionate", "green"], ["nonadien-1-ol", "green"], ["nonadien-1-yl acetate", "green"], ["nonadien-1-yl acetate", "green"], ["octadienal", "green"], ["octadienal", "green"], ["octanal dimethyl acetal", "green"], ["octen-1-ol", "green"], ["papaya isobutyrate", "green"], ["phenoxyethyl isobutyrate", "green"], ["phenyl acetaldehyde diisobutyl acetal", "green"], ["phenyl acetaldehyde dimethyl acetal", "green"], ["phenyl propionaldehyde", "green"], ["terpinyl propionate", "green"], ["thiogeraniol", "green"], ["clary sage absolute", "herbal"], ["phenethyl acetate", "honey"], ["phenyl acetaldehyde", "honey"], ["dimethyl benzyl carbinol", "medicinal"], ["hydroxycitronellal diethyl acetal", "melon"], ["watermelon concentrate", "melon"], ["acetaldehyde", "pungent"], ["cinnamyl formate", "spicy"], ["cuminaldehyde", "spicy"], ["guava distillates", "tropical"], ["propyl propionate", "tropical"], ["psidium guajava fruit", "tropical"], ["psidium guajava fruit extract", "tropical"], ["methyl valeraldehyde", "vegetable"], ["amyl butyrate", "waxy"], ["hexyl cinnamaldehyde", "waxy"], ["mimosa absolute france", "waxy"], ["nonanol", "waxy"], ["octyl butyrate", "waxy"], ["octyl formate", "waxy"], ["damascenone", "woody"], ["ionone", "woody"]]}