{"name": "isobutyl acetoacetate", "cas": "7779-75-1", "smiles": "O=C(C)CC(=O)OCC(C)C", "notes": ["sweet", "winey", "brandy", "fruity"], "blenders": [["ethyl para-anisate", "anisic"], ["terpinyl cinnamate", "balsamic"], ["diethyl malate", "caramellic"], ["maple furanone", "caramellic"], ["shoyu furanone", "caramellic"], ["butyl formate", "chemical"], ["propyl propionate", "chemical"], ["ethyl-1-hexanol", "citrus"], ["orange peel oil brazil", "citrus"], ["amyl octanoate", "earthy"], ["octyl phenyl acetate", "earthy"], ["amyl acetoacetate", "ethereal"], ["butyl alcohol", "ethereal"], ["decyl propionate", "ethereal"], ["ethyl acetate", "ethereal"], ["ethyl formate", "ethereal"], ["methyl-1-butanol", "ethereal"], ["propyl formate", "ethereal"], ["butyl undecylenate", "fatty"], ["butyl decanoate", "fermented"], ["hexanal diethyl acetal", "fermented"], ["methyl decanoate", "fermented"], ["methyl-1-pentanol", "fermented"], ["acetophenone", "floral"], ["benzyl isobutyrate", "floral"], ["citronellyl anthranilate", "floral"], ["dihydrolinalool", "floral"], ["dimethyl anthranilate", "floral"], ["dimethyl-3-octanol", "floral"], ["ethyl linalool", "floral"], ["ethyl linalyl acetal", "floral"], ["ethyl linalyl acetate", "floral"], ["ethyl linalyl ether", "floral"], ["hexyl nonanoate", "floral"], ["linalool", "floral"], ["linalool", "floral"], ["linalool", "floral"], ["linalool oxide", "floral"], ["linalyl anthranilate", "floral"], ["methyl citronellate", "floral"], ["rose oil (rosa damascena) russia", "floral"], ["rose oil (rosa damascena) turkey", "floral"], ["terpinyl valerate", "floral"], ["tetrahydrolinalool", "floral"], ["butyl acetoacetate", "fruity"], ["butyl anthranilate", "fruity"], ["butyl formate", "fruity"], ["butyl hexanoate", "fruity"], ["diethyl laevo-tartrate", "fruity"], ["diethyl sebacate", "fruity"], ["ethyl 3-(2-furyl) propanoate", "fruity"], ["ethyl 3-hydroxyhexanoate", "fruity"], ["ethyl 3,5,5-trimethyl hexanoate", "fruity"], ["ethyl benzoyl acetate", "fruity"], ["ethyl butyrate", "fruity"], ["ethyl heptanoate", "fruity"], ["ethyl isovalerate", "fruity"], ["ethyl lactate", "fruity"], ["ethyl propionate", "fruity"], ["ethyl sorbate", "fruity"], ["farnesyl acetone", "fruity"], ["fig crotonate", "fruity"], ["geranyl acetoacetate", "fruity"], ["heptanone", "fruity"], ["hexen-1-ol", "fruity"], ["linalyl isobutyrate", "fruity"], ["menthyl isovalerate", "fruity"], ["methyl anthranilate", "fruity"], ["methyl heptanoate", "fruity"], ["methyl nonanoate", "fruity"], ["pentanone", "fruity"], ["propyl 2-methyl butyrate", "fruity"], ["propyl butyrate", "fruity"], ["propyl heptanoate", "fruity"], ["propyl hexanoate", "fruity"], ["propyl octanoate", "fruity"], ["sorbyl butyrate", "fruity"], ["strawberry glycidate 2", "fruity"], ["tropical ionone", "fruity"], ["vanilla carboxylate", "fruity"], ["benzaldehyde dimethyl acetal", "green"], ["cognac oil", "green"], ["hexen-1-yl butyrate", "green"], ["hexen-1-yl valerate", "green"], ["hexyl isobutyrate", "green"], ["hexyl phenyl acetate", "green"], ["octen-1-ol", "green"], ["octen-1-ol", "green"], ["amyl tiglate", "herbal"], ["anthemis nobilis flower oil roman", "herbal"], ["clary sage concrete", "herbal"], ["cognac oil", "herbal"], ["ethyl chrysanthemate", "herbal"], ["phenethyl senecioate", "herbal"], ["methyl hydrocinnamate", "honey"], ["ethyl undecanoate", "soapy"], ["propyl 2-furan acrylate", "spicy"], ["allyl nonanoate", "waxy"], ["amyl laurate", "waxy"], ["ethyl decanoate", "waxy"], ["ethyl nonanoate", "waxy"], ["ethyl octanoate", "waxy"], ["butyl angelate", "winey"], ["heptyl decanoate", "winey"], ["hexanol", "winey"], ["acetaldehyde butyl ethyl acetal", "No flavor group found for these"], ["amyl octanoate", "No flavor group found for these"], ["amyl tiglate", "No flavor group found for these"], ["amyl-5 or 6-keto-1,4-dioxane", "No flavor group found for these"], ["butyl acetoacetate", "No flavor group found for these"], ["butyl angelate", "No flavor group found for these"], ["butyl decanoate", "No flavor group found for these"], ["butyl formate", "No flavor group found for these"], ["butyraldehyde propylene glycol acetal", "No flavor group found for these"], ["decyl propionate", "No flavor group found for these"], ["diethyl laevo-tartrate", "No flavor group found for these"], ["diethyl malate", "No flavor group found for these"], ["ethyl aconitate", "No flavor group found for these"], ["ethyl linalyl ether", "No flavor group found for these"], ["farnesyl acetone", "No flavor group found for these"], ["geranyl acetoacetate", "No flavor group found for these"], ["heptyl decanoate", "No flavor group found for these"], ["hexanal diethyl acetal", "No flavor group found for these"], ["hexanol", "No flavor group found for these"], ["hexyl nonanoate", "No flavor group found for these"], ["linalool", "No flavor group found for these"], ["methyl hydrocinnamate", "No flavor group found for these"], ["octyl phenyl acetate", "No flavor group found for these"], ["phenethyl senecioate", "No flavor group found for these"], ["sorbyl propionate", "No flavor group found for these"], ["strawberry furanone ethyl ether", "No flavor group found for these"], ["hexenoic acid", "acidic"], ["ethyl para-anisate", "anise"], ["maple furanone", "caramellic"], ["shoyu furanone", "caramellic"], ["linalool", "citrus"], ["linalool", "citrus"], ["butyl alcohol", "ethereal"], ["ethyl acetate", "ethereal"], ["ethyl formate", "ethereal"], ["methyl-1-butanol", "ethereal"], ["amyl laurate", "fatty"], ["ethyl-1-hexanol", "fatty"], ["methyl decanoate", "fatty"], ["octen-1-ol", "fatty"], ["octen-1-ol", "fatty"], ["dihydrolinalool", "floral"], ["linalyl anthranilate", "floral"], ["linalyl isobutyrate", "floral"], ["methyl citronellate", "floral"], ["rose oil (rosa damascena) russia", "floral"], ["rose oil (rosa damascena) turkey", "floral"], ["tetrahydrolinalool", "floral"], ["tropical ionone", "floral"], ["amyl acetoacetate", "fruity"], ["benzyl isobutyrate", "fruity"], ["butyl anthranilate", "fruity"], ["butyl hexanoate", "fruity"], ["citronellyl anthranilate", "fruity"], ["diethyl sebacate", "fruity"], ["dimethyl anthranilate", "fruity"], ["ethyl 3-(2-furyl) propanoate", "fruity"], ["ethyl 3-hydroxyhexanoate", "fruity"], ["ethyl benzoyl acetate", "fruity"], ["ethyl butyrate", "fruity"], ["ethyl heptanoate", "fruity"], ["ethyl isovalerate", "fruity"], ["ethyl lactate", "fruity"], ["ethyl propionate", "fruity"], ["ethyl sorbate", "fruity"], ["furyl pentyl ketone", "fruity"], ["heptanone", "fruity"], ["hexen-1-ol", "fruity"], ["hexyl phenyl acetate", "fruity"], ["menthyl isovalerate", "fruity"], ["methyl anthranilate", "fruity"], ["methyl heptanoate", "fruity"], ["methyl sorbate", "fruity"], ["orange peel oil brazil", "fruity"], ["pentanone", "fruity"], ["propyl 2-furan acrylate", "fruity"], ["propyl 2-methyl butyrate", "fruity"], ["propyl butyrate", "fruity"], ["propyl formate", "fruity"], ["propyl hexanoate", "fruity"], ["propyl octanoate", "fruity"], ["sorbyl butyrate", "fruity"], ["strawberry glycidate 2", "fruity"], ["terpinyl cinnamate", "fruity"], ["terpinyl valerate", "fruity"], ["vanilla carboxylate", "fruity"], ["cognac oil", "fusel"], ["cognac oil", "fusel"], ["benzaldehyde dimethyl acetal", "green"], ["heptenal", "green"], ["hexen-1-yl butyrate", "green"], ["hexen-1-yl valerate", "green"], ["hexyl isobutyrate", "green"], ["linalool oxide", "green"], ["methyl-2-pentenal", "green"], ["anthemis nobilis flower oil roman", "herbal"], ["clary sage concrete", "herbal"], ["dimethyl-3-octanol", "herbal"], ["propionaldehyde", "musty"], ["acetophenone", "powdery"], ["butyl formate", "rummy"], ["ethyl thioacetate", "sulfurous"], ["propyl propionate", "tropical"], ["allyl nonanoate", "waxy"], ["butyl undecylenate", "waxy"], ["ethyl decanoate", "waxy"], ["ethyl nonanoate", "waxy"], ["ethyl octanoate", "waxy"], ["ethyl undecanoate", "waxy"], ["propyl heptanoate", "waxy"], ["methyl-1-pentanol", "whiskey"], ["methyl nonanoate", "winey"]]}