{"name": "isoamyl 3-(2-furan) propionate", "cas": "7779-67-1", "smiles": "CC(C)CCOC(=O)CCC1=CC=CO1", "notes": ["sweet", "green", "floral", "fruity", "apple green apple", "rose", "raisin", "caramellic"], "blenders": [["tiglaldehyde", "No odor group found for these"], ["butyraldehyde", "aldehydic"], ["decen-1-ol", "aldehydic"], ["dodecanal (aldehyde C-12 lauric)", "aldehydic"], ["methyl-4-hexyl oxybutyraldehyde", "aldehydic"], ["cresyl isobutyrate", "animal"], ["cinnamyl formate", "balsamic"], ["fir carboxylate", "balsamic"], ["bergamot oil", "citrus"], ["bergamot oil bergaptene reduced italy", "citrus"], ["bergamot oil turkey", "citrus"], ["citral dimethyl acetal", "citrus"], ["citronellyl nitrile", "citrus"], ["citronitrile (Symrise)", "citrus"], ["citrus floral green fragrance", "citrus"], ["decenal", "citrus"], ["dimethyl-3-cyclohexene-1-methanyl acetate", "citrus"], ["heptanol", "citrus"], ["nonanal dimethyl acetal", "citrus"], ["tetradecenal", "citrus"], ["tetradecenal", "citrus"], ["octanone oxime", "earthy"], ["ethyl formate", "ethereal"], ["butyl undecylenate", "fatty"], ["decen-2-one", "fatty"], ["decenal", "fatty"], ["hexyl pivalate", "fatty"], ["methyl 2-hexenoate", "fatty"], ["hexanal diethyl acetal", "fermented"], ["methyl decanoate", "fermented"], ["methyl-1-pentanol", "fermented"], ["acetal 318", "floral"], ["acetaldehyde dibutyl acetal", "floral"], ["amyl angelate", "floral"], ["amyl benzoate", "floral"], ["amyl cinnamaldehyde diethyl acetal", "floral"], ["amyl salicylate", "floral"], ["anisyl propanal / methyl anthranilate schiff's base", "floral"], ["benzyl acetate", "floral"], ["benzyl acetoacetate", "floral"], ["benzyl isobutyrate", "floral"], ["blue lagoon fragrance", "floral"], ["boronia concrete", "floral"], ["butyl cinnamaldehyde", "floral"], ["citronellyl acetate", "floral"], ["citronellyl acetate", "floral"], ["citronellyl butyrate", "floral"], ["citronellyl hexanoate", "floral"], ["citronellyl propionate", "floral"], ["citronellyl tiglate", "floral"], ["coriander seed oil CO2 extract", "floral"], ["cumin carbinol", "floral"], ["cuminyl acetaldehyde", "floral"], ["cyclohexene-1-carboxylic acid, 2,6,6-trimethyl-, methyl ester", "floral"], ["cymbopogon validus leaf oil", "floral"], ["damascone", "floral"], ["damascone", "floral"], ["damascone", "floral"], ["dictamnus hispanicus oil", "floral"], ["dihydrocarvyl acetate", "floral"], ["dihydrofarnesol", "floral"], ["dihydroisojasmonate methyl ester", "floral"], ["dimethyl benzyl carbinol", "floral"], ["dimethyl benzyl carbinyl acetate", "floral"], ["dimethyl benzyl carbinyl butyrate", "floral"], ["dimethyl-2-nonanol", "floral"], ["dimethyl-3-octyl acetate", "floral"], ["ethyl 2-benzyl butyrate", "floral"], ["ethyl anthranilate", "floral"], ["ethyl ethyl anthranilate", "floral"], ["ethyl phenoxyacetate", "floral"], ["ethyl safranate", "floral"], ["eucalyptus macarthurii oil", "floral"], ["farnesol", "floral"], ["farnesyl acetate", "floral"], ["floral butanal", "floral"], ["floral undecenone", "floral"], ["gardenia absolute", "floral"], ["gardenia acetal", "floral"], ["gardenia concrete", "floral"], ["geraniol", "floral"], ["geranium oil", "floral"], ["geranium oil africa", "floral"], ["geranyl acetone", "floral"], ["geranyl acetone", "floral"], ["geranyl formate", "floral"], ["geranyl isobutyrate", "floral"], ["geranyl nonanoate", "floral"], ["hepten-2-yl salicylate", "floral"], ["hexen-1-yl salicylate", "floral"], ["hexyl cinnamaldehyde", "floral"], ["hexyl lactate", "floral"], ["hibiscus fragrance", "floral"], ["hyacinth oil", "floral"], ["hydrangea fragrance", "floral"], ["hydroxycitronellal diethyl acetal", "floral"], ["hydroxycitronellal propylene glycol acetal", "floral"], ["ionone mixed isomers", "floral"], ["jasmin cyclopentanol", "floral"], ["jasmin cyclopentanone", "floral"], ["jasmone", "floral"], ["jonquil absolute", "floral"], ["lilac absolute", "floral"], ["lily fragrance", "floral"], ["lily propanol", "floral"], ["linalyl butyrate", "floral"], ["linalyl phenyl acetate", "floral"], ["lotus fragrance", "floral"], ["magnolia flower oil CO2 extract", "floral"], ["magnolia indene", "floral"], ["magnolia specialty", "floral"], ["menthadienyl formate", "floral"], ["methoxy-1-methyl propyl) benzene", "floral"], ["methoxy-2-methyl propyl) benzene", "floral"], ["methoxybenzyl ethyl ether", "floral"], ["methoxymelonal", "floral"], ["methyl allyl oxy)-2-methyl butane", "floral"], ["methyl allyl oxy)-3-methoxy-3-methyl-1-butane", "floral"], ["methyl benzyl acetate", "floral"], ["methyl benzyl acetate (mixed ortho-,meta-,para-)", "floral"], ["methyl citronellate", "floral"], ["methyl ionone (90% min.)", "floral"], ["methyl ionyl acetate", "floral"], ["mimosa absolute", "floral"], ["mimosa absolute france", "floral"], ["mimosa absolute india", "floral"], ["muguet carbinol", "floral"], ["muguet dienal", "floral"], ["nelumbo nucifera flower absolute", "floral"], ["nelumbo nucifera flower absolute", "floral"], ["nelumbo nucifera flower concrete", "floral"], ["nerol", "floral"], ["neroli oil CO2 extract", "floral"], ["nerolidol", "floral"], ["nerolidol", "floral"], ["nonanon-1-yl acetate", "floral"], ["ocean propanal", "floral"], ["ocean propanal / methyl anthranilate schiff's base", "floral"], ["orange leaf absolute", "floral"], ["orangeflower absolute tunisia", "floral"], ["orchid specialty", "floral"], ["orris rhizome concrete butter (iris pallida)", "floral"], ["osmanthus absolute replacer", "floral"], ["osmanthus concrete", "floral"], ["papaya isobutyrate", "floral"], ["petitgrain mandarin oil", "floral"], ["phenethyl isobutyrate", "floral"], ["phenethyl isovalerate", "floral"], ["phenyl acetaldehyde dicitronellyl acetal", "floral"], ["phenyl acetaldehyde diisobutyl acetal", "floral"], ["phenyl propionaldehyde ethylene glycol acetal", "floral"], ["phenyl propyl butyrate", "floral"], ["phenyl propyl isobutyrate", "floral"], ["phenyl-3-buten-2-ol", "floral"], ["pomarose", "floral"], ["propyl benzoate", "floral"], ["rhodinyl butyrate", "floral"], ["rhodinyl formate", "floral"], ["rose butanoate", "floral"], ["rose oxide", "floral"], ["rose oxide", "floral"], ["rose pyran", "floral"], ["rose undecene", "floral"], ["souroubea specialty", "floral"], ["star fruit oil cuba", "floral"], ["styralyl formate", "floral"], ["styralyl propionate", "floral"], ["sweet pea absolute", "floral"], ["terpinyl isobutyrate", "floral"], ["terpinyl valerate", "floral"], ["tetrahydroionyl acetate", "floral"], ["tricyclodecenyl acetate", "floral"], ["verdyl acetate", "floral"], ["violet methyl carbonate", "floral"], ["ylang ylang flower oil III", "floral"], ["propen-2-yl phenyl) butanal", "fresh"], ["acetaldehyde dihexyl acetal", "fruity"], ["acetaldehyde hexyl isoamyl acetal", "fruity"], ["allyl benzoate", "fruity"], ["amyl 2-methyl butyrate", "fruity"], ["amyl hexanoate", "fruity"], ["amyl isobutyrate", "fruity"], ["amyl isovalerate", "fruity"], ["apple ketal", "fruity"], ["apricot essence", "fruity"], ["artemisia pallens herb oil", "fruity"], ["benzaldehyde / methyl anthranilate schiff's base", "fruity"], ["benzyl isovalerate", "fruity"], ["benzyl methyl ether", "fruity"], ["benzyl propionate", "fruity"], ["benzyl valerate", "fruity"], ["berry hexanoate", "fruity"], ["berry pentadienoate", "fruity"], ["butyl 2-methyl butyrate", "fruity"], ["butyl 2-naphthyl ether", "fruity"], ["butyl furyl propionate", "fruity"], ["butyl isovalerate", "fruity"], ["citronellyl isobutyrate", "fruity"], ["cyclohexyl butyrate", "fruity"], ["cyclohexyl crotonate", "fruity"], ["damascenone", "fruity"], ["damascone", "fruity"], ["damascone", "fruity"], ["damascone", "fruity"], ["damascone", "fruity"], ["diethyl malonate", "fruity"], ["dimethyl benzyl carbinyl isobutyrate", "fruity"], ["dimethyl succinate", "fruity"], ["dodecalactone", "fruity"], ["eriocephalus punctulatus flower oil", "fruity"], ["ethyl 2-methyl butyrate", "fruity"], ["ethyl 3,5,5-trimethyl hexanoate", "fruity"], ["ethyl acetoacetate", "fruity"], ["ethyl isovalerate", "fruity"], ["ethyl methyl-para-tolyl glycidate", "fruity"], ["ethyl valerate", "fruity"], ["fig crotonate", "fruity"], ["fruity ketal", "fruity"], ["geranyl 2-methyl butyrate", "fruity"], ["geranyl butyrate", "fruity"], ["geranyl isovalerate", "fruity"], ["ginsene", "fruity"], ["green acetate", "fruity"], ["heptyl isobutyrate", "fruity"], ["hexanal propylene glycol acetal", "fruity"], ["hexen-1-yl 2-methyl-2-pentenoate", "fruity"], ["hexen-1-yl isobutyrate", "fruity"], ["hexyl (E)-tiglate", "fruity"], ["hexyl acetate", "fruity"], ["hexyl isovalerate", "fruity"], ["hexyl propionate", "fruity"], ["linalool oxide acetates", "fruity"], ["linalyl hexanoate", "fruity"], ["mercaptohexyl acetate", "fruity"], ["methyl 2-methyl butyrate", "fruity"], ["methyl bicycloheptenyl methyloxirane carboxylate", "fruity"], ["methyl butyl butyrate", "fruity"], ["methyl isobutyrate", "fruity"], ["methyl isovalerate", "fruity"], ["methyl valerate", "fruity"], ["methyl-3-octen-2-one", "fruity"], ["methyl-gamma-decalactone", "fruity"], ["myrascone", "fruity"], ["nonanone propylene glycol acetal", "fruity"], ["nonyl isovalerate", "fruity"], ["ocimene", "fruity"], ["peach nitrile", "fruity"], ["peach pivalate", "fruity"], ["phenyl-2-butyl acetate", "fruity"], ["plum damascone (high alpha)", "fruity"], ["propyl 2-methyl butyrate", "fruity"], ["propyl heptanoate", "fruity"], ["propyl isovalerate", "fruity"], ["propyl isovalerate", "fruity"], ["sambucus canadensis fruit absolute", "fruity"], ["strawberry glycidate 1 (aldehyde C-16 (so-called))", "fruity"], ["styralyl acetate", "fruity"], ["tetramethyl-2,5-octadien-4-one", "fruity"], ["tolyl)-2-butanone", "fruity"], ["tropical ionone", "fruity"], ["woody acetate", "fruity"], ["jasmin nonane", "fungal"], ["acetaldehyde benzyl 2-methoxyethyl acetal", "green"], ["acetaldehyde methyl hexyl acetal", "green"], ["butyl benzyl carbinol", "green"], ["butyl heptanoate", "green"], ["chrysanthemum oxide", "green"], ["cognac heptanone", "green"], ["decanal propylene glycol acetal", "green"], ["dimethyl-6-octenoic acid", "green"], ["earthy acetal", "green"], ["ethyl (E,Z)-2,4-decadienoate", "green"], ["ethyl (E)-2-decenoate", "green"], ["ethyl (E)-2-hexenoate", "green"], ["ethyl (E)-4-decenoate", "green"], ["flower hexene", "green"], ["geranium absolute", "green"], ["green cyclopropionate", "green"], ["green dioxolane", "green"], ["green note propionate", "green"], ["hexen-1-yl (E)-2-hexenoate", "green"], ["hexen-1-yl 2-methyl butyrate", "green"], ["hexen-1-yl acetate", "green"], ["hexen-1-yl acetate", "green"], ["hexen-1-yl acetoacetate", "green"], ["hexen-1-yl angelate", "green"], ["hexen-1-yl butyrate", "green"], ["hexen-1-yl butyrate", "green"], ["hexen-1-yl hexanoate", "green"], ["hexen-1-yl isovalerate", "green"], ["hexen-1-yl oxypropane nitrile", "green"], ["hexen-1-yl phenyl acetate", "green"], ["hexen-1-yl propionate", "green"], ["hexen-1-yl valerate", "green"], ["hexen-1-yl valerate", "green"], ["hexenal", "green"], ["hexenal propylene glycol acetal", "green"], ["hexenyl acetate", "green"], ["hexyl (Z)-tiglate", "green"], ["hexyl 2-methyl butyrate", "green"], ["hexyl butyrate", "green"], ["hexyl isobutyrate", "green"], ["hyacinth absolute", "green"], ["ivy carbaldehyde / methyl anthranilate schiff's base", "green"], ["ivy dioxolane", "green"], ["methoxy-1-methyl butyl) benzene", "green"], ["methoxy-3-methyl-4-penten-1-yl] benzene", "green"], ["methyl (E)-3-hexenoate", "green"], ["methyl cyclocitrone (IFF)", "green"], ["methyl hydratropaldehyde", "green"], ["methyl octine carbonate", "green"], ["methyl-4-phenyl pentanone", "green"], ["nonanone oxime", "green"], ["octyl formate", "green"], ["octyl oxyacetaldehyde", "green"], ["pelargonium graveolens stem leaf extract", "green"], ["pentenal", "green"], ["phenethyl isopropyl ether", "green"], ["phenethyl oxyacetaldehyde", "green"], ["phenethyl tiglate", "green"], ["phenoxyethyl isobutyrate", "green"], ["phenyl acetaldehyde", "green"], ["phenyl acetaldehyde solution", "green"], ["propyl phenyl acetaldehyde", "green"], ["propyl tiglate", "green"], ["sorbyl isobutyrate", "green"], ["tetrahydro-1H-inden-6-yl]ethanone", "green"], ["thiogeraniol", "green"], ["chamomile isobutyrate", "herbal"], ["chamomile propionate", "herbal"], ["chrysanthemum ketone", "herbal"], ["clary sage absolute", "herbal"], ["coriander oleoresin", "herbal"], ["dihexyl (E)-fumarate", "herbal"], ["geranium cyclohexane", "herbal"], ["linalyl acetate", "herbal"], ["methyl butyl salicylate", "herbal"], ["methyl cyclogeranate (Firmenich)", "herbal"], ["myrtenyl acetate", "herbal"], ["phenyl acetaldehyde diisoamyl acetal", "herbal"], ["tagete oil india", "herbal"], ["tagete oil madagascar", "herbal"], ["tricyclodecyl acetate", "herbal"], ["marine hexane", "marine"], ["cresyl acetate", "medicinal"], ["kunzea ericoides leaf oil", "medicinal"], ["methyl ionone", "powdery"], ["methyl ionone (74-80%)", "powdery"], ["cinnamyl isovalerate", "spicy"], ["cinnamyl propionate", "spicy"], ["cyclogeraniol (IFF)", "spicy"], ["honey extract", "spicy"], ["spicy acetoacetate", "spicy"], ["spicy carbonate", "spicy"], ["buchu mercaptan", "sulfurous"], ["camellia oleifera leaf extract", "tea"], ["triflaige A (ZEON)", "tropical"], ["decanone", "waxy"], ["decenoic acid", "waxy"], ["dihydrocitronellyl acetate", "waxy"], ["ethyl decanoate", "waxy"], ["methyl geranate", "waxy"], ["phytyl acetate", "waxy"], ["amber carbinol", "woody"], ["decalinyl acetate", "woody"], ["melozol acetate", "woody"], ["pine needle oil", "woody"], ["rhubarb oxirane", "woody"], ["woody acetate", "woody"], ["acetaldehyde benzyl 2-methoxyethyl acetal", "No flavor group found for these"], ["acetaldehyde dibutyl acetal", "No flavor group found for these"], ["acetaldehyde hexyl isoamyl acetal", "No flavor group found for these"], ["acetyl cyclohexyl acetate", "No flavor group found for these"], ["allyl tiglate", "No flavor group found for these"], ["amyl 2-methyl butyrate", "No flavor group found for these"], ["amyl angelate", "No flavor group found for these"], ["amyl benzoate", "No flavor group found for these"], ["amyl isobutyrate", "No flavor group found for these"], ["amyl isovalerate", "No flavor group found for these"], ["benzyl disulfide", "No flavor group found for these"], ["benzyl valerate", "No flavor group found for these"], ["boronia concrete", "No flavor group found for these"], ["butyl 2-naphthyl ether", "No flavor group found for these"], ["butyl thiophene", "No flavor group found for these"], ["cresyl acetate", "No flavor group found for these"], ["cyclohexyl butyrate", "No flavor group found for these"], ["damascenone", "No flavor group found for these"], ["damascone", "No flavor group found for these"], ["decanal propylene glycol acetal", "No flavor group found for these"], ["decanone", "No flavor group found for these"], ["dihydrocitronellyl acetate", "No flavor group found for these"], ["dimethyl-3-furyl) ethane thioate", "No flavor group found for these"], ["dodecalactone", "No flavor group found for these"], ["earthy acetal", "No flavor group found for these"], ["ethyl 2-benzyl butyrate", "No flavor group found for these"], ["ethyl 3-hydroxyoctanoate", "No flavor group found for these"], ["ethyl ethyl anthranilate", "No flavor group found for these"], ["geranyl 2-methyl butyrate", "No flavor group found for these"], ["heptadien-1-ol", "No flavor group found for these"], ["hexanal diethyl acetal", "No flavor group found for these"], ["hexen-1-yl acetoacetate", "No flavor group found for these"], ["hexenal", "No flavor group found for these"], ["hexenal diethyl acetal", "No flavor group found for these"], ["hexenal propylene glycol acetal", "No flavor group found for these"], ["hexenyl acetate", "No flavor group found for these"], ["hexyl (Z)-tiglate", "No flavor group found for these"], ["hexyl acetate", "No flavor group found for these"], ["hexyl propionate", "No flavor group found for these"], ["hyacinth absolute", "No flavor group found for these"], ["hydroxycitronellal propylene glycol acetal", "No flavor group found for these"], ["hydroxyphenethyl alcohol", "No flavor group found for these"], ["ionone mixed isomers", "No flavor group found for these"], ["linalool oxide acetates", "No flavor group found for these"], ["linalyl hexanoate", "No flavor group found for these"], ["linalyl phenyl acetate", "No flavor group found for these"], ["magnolia flower oil CO2 extract", "No flavor group found for these"], ["methyl 2-hexenoate", "No flavor group found for these"], ["methyl 4-pentenoate", "No flavor group found for these"], ["methyl benzyl acetate (mixed ortho-,meta-,para-)", "No flavor group found for these"], ["methyl butyl salicylate", "No flavor group found for these"], ["methyl geranate", "No flavor group found for these"], ["nonanone propylene glycol acetal", "No flavor group found for these"], ["nonyl isovalerate", "No flavor group found for these"], ["ocimene", "No flavor group found for these"], ["phenyl acetaldehyde solution", "No flavor group found for these"], ["phenyl propyl butyrate", "No flavor group found for these"], ["phenyl propyl isobutyrate", "No flavor group found for these"], ["phenyl-2-butyl acetate", "No flavor group found for these"], ["propyl 2-methyl butyrate", "No flavor group found for these"], ["propyl benzoate", "No flavor group found for these"], ["propyl isovalerate", "No flavor group found for these"], ["propyl isovalerate", "No flavor group found for these"], ["propyl phenyl acetaldehyde", "No flavor group found for these"], ["propyl tiglate", "No flavor group found for these"], ["styralyl acetate", "No flavor group found for these"], ["styralyl formate", "No flavor group found for these"], ["terpinyl isobutyrate", "No flavor group found for these"], ["tetradecenal", "No flavor group found for these"], ["tiglaldehyde", "No flavor group found for these"], ["vitispirane", "No flavor group found for these"], ["benzyl acetoacetate", ""], ["butyl cinnamaldehyde", ""], ["butyl furyl propionate", ""], ["damascone", ""], ["sorbyl isobutyrate", ""], ["butyraldehyde", "aldehydic"], ["butyl benzyl carbinol", "amber"], ["amyl salicylate", "aromatic"], ["cresyl isobutyrate", "aromatic"], ["heptyl isobutyrate", "berry"], ["ethyl 2-furoate", "burnt"], ["bergamot oil", "citrus"], ["bergamot oil bergaptene reduced italy", "citrus"], ["bergamot oil turkey", "citrus"], ["citral dimethyl acetal", "citrus"], ["cognac heptanone", "citrus"], ["nerol", "citrus"], ["petitgrain mandarin oil", "citrus"], ["styralyl propionate", "citrus"], ["ethyl octine carbonate", "cucumber"], ["hexen-3-yl acetate", "earthy"], ["ethyl acetoacetate", "estery"], ["ethyl formate", "ethereal"], ["methyl isobutyrate", "ethereal"], ["decenal", "fatty"], ["ethyl (E)-4-decenoate", "fatty"], ["methyl decanoate", "fatty"], ["methyl-3-octen-2-one", "fatty"], ["cinnamyl propionate", "floral"], ["citronellyl acetate", "floral"], ["citronellyl acetate", "floral"], ["citronellyl hexanoate", "floral"], ["citronellyl propionate", "floral"], ["dihydrocarvyl acetate", "floral"], ["dihydrofarnesol", "floral"], ["dimethyl benzyl carbinyl acetate", "floral"], ["dimethyl benzyl carbinyl butyrate", "floral"], ["dimethyl-6-octenoic acid", "floral"], ["farnesol", "floral"], ["farnesyl acetate", "floral"], ["geraniol", "floral"], ["geranium oil", "floral"], ["geranium oil africa", "floral"], ["geranyl acetone", "floral"], ["geranyl acetone", "floral"], ["geranyl isobutyrate", "floral"], ["linalyl acetate", "floral"], ["linalyl butyrate", "floral"], ["methyl butyl 3-methyl butenoate", "floral"], ["methyl citronellate", "floral"], ["methyl ionone (74-80%)", "floral"], ["methyl ionone (90% min.)", "floral"], ["muguet carbinol", "floral"], ["neroli oil CO2 extract", "floral"], ["ocean propanal", "floral"], ["orange leaf absolute", "floral"], ["orangeflower absolute tunisia", "floral"], ["orris rhizome concrete butter (iris pallida)", "floral"], ["rhodinyl butyrate", "floral"], ["rose oxide", "floral"], ["tropical ionone", "floral"], ["ylang ylang flower oil III", "floral"], ["amyl hexanoate", "fruity"], ["apple ketal", "fruity"], ["apricot essence", "fruity"], ["artemisia pallens herb oil", "fruity"], ["benzyl acetate", "fruity"], ["benzyl isobutyrate", "fruity"], ["benzyl isovalerate", "fruity"], ["benzyl methyl ether", "fruity"], ["benzyl propionate", "fruity"], ["berry pentadienoate", "fruity"], ["butyl 2-methyl butyrate", "fruity"], ["butyl heptanoate", "fruity"], ["butyl isovalerate", "fruity"], ["cinnamyl isovalerate", "fruity"], ["citronellyl butyrate", "fruity"], ["citronellyl isobutyrate", "fruity"], ["damascone", "fruity"], ["damascone", "fruity"], ["damascone", "fruity"], ["damascone", "fruity"], ["diethyl malonate", "fruity"], ["dimethyl succinate", "fruity"], ["ethyl (E)-2-decenoate", "fruity"], ["ethyl (E)-2-hexenoate", "fruity"], ["ethyl 2-methyl butyrate", "fruity"], ["ethyl anthranilate", "fruity"], ["ethyl isovalerate", "fruity"], ["ethyl methyl-para-tolyl glycidate", "fruity"], ["ethyl valerate", "fruity"], ["fruity ketal", "fruity"], ["geranyl butyrate", "fruity"], ["heptanol", "fruity"], ["hexanal propylene glycol acetal", "fruity"], ["hexen-1-yl (E)-2-hexenoate", "fruity"], ["hexen-1-yl isobutyrate", "fruity"], ["hexyl acetate", "fruity"], ["hexyl lactate", "fruity"], ["hexyl-4-acetoxytetrahydrofuran", "fruity"], ["methoxymelonal", "fruity"], ["methyl 2-methyl butyrate", "fruity"], ["methyl benzyl acetate", "fruity"], ["methyl butyl butyrate", "fruity"], ["methyl ionone", "fruity"], ["methyl isovalerate", "fruity"], ["methyl valerate", "fruity"], ["nonanon-1-yl acetate", "fruity"], ["osmanthus concrete", "fruity"], ["phenethyl isovalerate", "fruity"], ["rhodinyl formate", "fruity"], ["rose butanoate", "fruity"], ["sambucus canadensis fruit absolute", "fruity"], ["star fruit oil cuba", "fruity"], ["strawberry glycidate 1 (aldehyde C-16 (so-called))", "fruity"], ["tagete oil madagascar", "fruity"], ["terpinyl valerate", "fruity"], ["tolyl)-2-butanone", "fruity"], ["acetaldehyde dihexyl acetal", "green"], ["chrysanthemum oxide", "green"], ["citronellyl tiglate", "green"], ["cuminyl acetaldehyde", "green"], ["decen-2-one", "green"], ["decenal", "green"], ["dimethoxystyrene", "green"], ["ethyl (E,Z)-2,4-decadienoate", "green"], ["geranium absolute", "green"], ["geranyl formate", "green"], ["geranyl isovalerate", "green"], ["green note propionate", "green"], ["hexen-1-yl 2-methyl butyrate", "green"], ["hexen-1-yl acetate", "green"], ["hexen-1-yl acetate", "green"], ["hexen-1-yl butyrate", "green"], ["hexen-1-yl butyrate", "green"], ["hexen-1-yl hexanoate", "green"], ["hexen-1-yl isovalerate", "green"], ["hexen-1-yl phenyl acetate", "green"], ["hexen-1-yl propionate", "green"], ["hexen-1-yl salicylate", "green"], ["hexen-1-yl valerate", "green"], ["hexen-1-yl valerate", "green"], ["hexenal", "green"], ["hexenal diethyl acetal", "green"], ["hexyl (E)-tiglate", "green"], ["hexyl 2-methyl butyrate", "green"], ["hexyl butyrate", "green"], ["hexyl isobutyrate", "green"], ["hexyl isovalerate", "green"], ["jasmone", "green"], ["methyl (E)-3-hexenoate", "green"], ["methyl 2-undecynoate", "green"], ["methyl hydratropaldehyde", "green"], ["methyl octine carbonate", "green"], ["methyl-2-pentenal", "green"], ["nerolidol", "green"], ["nerolidol", "green"], ["nonanal dimethyl acetal", "green"], ["papaya isobutyrate", "green"], ["pentenal", "green"], ["phenethyl tiglate", "green"], ["phenoxyethyl isobutyrate", "green"], ["phenyl acetaldehyde diisobutyl acetal", "green"], ["rose oxide", "green"], ["thiogeraniol", "green"], ["clary sage absolute", "herbal"], ["coriander oleoresin", "herbal"], ["coriander seed oil CO2 extract", "herbal"], ["tagete oil india", "herbal"], ["phenethyl isobutyrate", "honey"], ["phenyl acetaldehyde", "honey"], ["dimethyl benzyl carbinol", "medicinal"], ["hydroxycitronellal diethyl acetal", "melon"], ["phytyl acetate", "nutty"], ["dodecanal (aldehyde C-12 lauric)", "soapy"], ["methyl valeric acid", "sour"], ["cinnamyl formate", "spicy"], ["spicy acetoacetate", "spicy"], ["buchu mercaptan", "sulfurous"], ["camellia oleifera leaf extract", "tea"], ["mercaptohexyl acetate", "tropical"], ["butyl undecylenate", "waxy"], ["decenoic acid", "waxy"], ["ethyl decanoate", "waxy"], ["hexyl cinnamaldehyde", "waxy"], ["methyl-gamma-decalactone", "waxy"], ["mimosa absolute", "waxy"], ["mimosa absolute france", "waxy"], ["mimosa absolute india", "waxy"], ["octyl formate", "waxy"], ["phenyl-3-buten-2-ol", "waxy"], ["propyl heptanoate", "waxy"], ["tetradecenal", "waxy"], ["methyl-1-pentanol", "whiskey"], ["methyl ionyl acetate", "woody"], ["myrtenyl acetate", "woody"]]}