{"name": "2-methyl octanal", "cas": "7786-29-0", "smiles": "CCCCCCC(C)C=O", "notes": ["floral", "rose", "lily", "muguet"], "blenders": [["citronellyl oxyacetaldehyde", "aldehydic"], ["decen-1-ol", "aldehydic"], ["lily pentanal", "aldehydic"], ["muguet undecadienal", "aldehydic"], ["nonanal (aldehyde C-9)", "aldehydic"], ["nonanal diethyl acetal", "aldehydic"], ["cresyl phenyl acetate", "animal"], ["callitropsis araucarioides wood oil", "balsamic"], ["linalyl cinnamate", "balsamic"], ["amyl phenyl acetate", "chocolate"], ["abronia fragrance", "citrus"], ["benzyl anthranilate", "citrus"], ["citronella fragrance", "citrus"], ["citronitrile (Symrise)", "citrus"], ["citrus ocimenol", "citrus"], ["decenal", "citrus"], ["myrmac aldehyde", "citrus"], ["tetrahydromyrcenol", "citrus"], ["amyl cinnamaldehyde dimethyl acetal", "floral"], ["amyl undecylenate", "floral"], ["benzyl alcohol", "floral"], ["butyl benzyl ether", "floral"], ["butyl cinnamaldehyde", "floral"], ["citronellal", "floral"], ["citronellol", "floral"], ["citronellyl anthranilate", "floral"], ["citronellyl ethoxalate", "floral"], ["citronellyl propionate", "floral"], ["cresyl propionaldehyde", "floral"], ["cumin carbinol", "floral"], ["cyclamen aldehyde / methyl anthranilate schiff's base", "floral"], ["cyclamen homoaldehyde", "floral"], ["cyclohexyl ethyl alcohol", "floral"], ["cyclohexyl propanol", "floral"], ["damascate", "floral"], ["damascone", "floral"], ["damascone", "floral"], ["decalinol", "floral"], ["decen-1-yl acetate", "floral"], ["dihydrocarvyl acetate", "floral"], ["ethyl linalyl acetal", "floral"], ["ethyl phenoxyacetate", "floral"], ["farnesol", "floral"], ["farnesyl acetate", "floral"], ["floral butanal", "floral"], ["floral pyran", "floral"], ["floral pyranol", "floral"], ["floral specialty", "floral"], ["freesia acetate", "floral"], ["gardenia decalone", "floral"], ["geranium oil egypt", "floral"], ["geranium oil egypt fractions", "floral"], ["geranium oil terpeneless", "floral"], ["geranium petiole oil india", "floral"], ["geranium rose oil", "floral"], ["geranium rose-scented oil cuba", "floral"], ["geranyl acetate", "floral"], ["geranyl linalool", "floral"], ["glycoacetal", "floral"], ["hawthorn ethanol", "floral"], ["hepten-2-yl salicylate", "floral"], ["hydroxycitronellal", "floral"], ["hydroxycitronellal / methyl anthranilate schiff's base", "floral"], ["hydroxycitronellal diethyl acetal", "floral"], ["hydroxycitronellal dimethyl acetal", "floral"], ["hydroxycitronellal distillation residue distillates", "floral"], ["hydroxycitronellal nitrile", "floral"], ["hydroxycitronellal propylene glycol acetal", "floral"], ["hydroxycitronellal residue", "floral"], ["hydroxycitronellol", "floral"], ["jasimia", "floral"], ["leerall", "floral"], ["leerall / methyl anthranilate schiff's base", "floral"], ["lily fragrance", "floral"], ["lily of the valley specialty", "floral"], ["lily propanol", "floral"], ["lilyall", "floral"], ["lilyall / methyl anthranilate schiff's base", "floral"], ["linalyl benzoate", "floral"], ["linalyl propionate", "floral"], ["linden blossom fragrance", "floral"], ["linden blossom specialty", "floral"], ["magnolia cyclohexanol", "floral"], ["magnolia decadienal", "floral"], ["methoxycitronellal", "floral"], ["methyl-3-(2-methyl propyl) cyclohexanol", "floral"], ["methyl-6-ethyl-5-octen-1-ol", "floral"], ["muguet butanal", "floral"], ["muguet butanol", "floral"], ["muguet carbaldehyde", "floral"], ["muguet carbinol", "floral"], ["muguet carboxaldehyde", "floral"], ["muguet ethanol", "floral"], ["muguet nitrile", "floral"], ["muguet octadienol", "floral"], ["muguet propanol", "floral"], ["muguet shiseol", "floral"], ["muguet specialty", "floral"], ["musk acetate", "floral"], ["neryl acetate", "floral"], ["neryl isovalerate", "floral"], ["nonanol", "floral"], ["octahydro-4,7-methano-1H-indene-5-acetaldehyde", "floral"], ["octyl isovalerate", "floral"], ["peony alcohol", "floral"], ["phenethyl acetate", "floral"], ["phenethyl alcohol", "floral"], ["phenethyl anthranilate", "floral"], ["phenethyl heptanoate", "floral"], ["phenethyl lactate", "floral"], ["phenethyl phenyl acetate", "floral"], ["phenethyl salicylate", "floral"], ["phenyl acetaldehyde digeranyl acetal", "floral"], ["phenyl glycol diacetate", "floral"], ["primrose fragrance", "floral"], ["rhodinol substitues", "floral"], ["rhodinyl acetate substitutes", "floral"], ["rhodinyl benzoate", "floral"], ["rosa alba flower oil CO2 extract", "floral"], ["rose absolute (rosa centifolia)", "floral"], ["rose absolute (rosa centifolia) morocco", "floral"], ["rose absolute (rosa damascena) bulgaria", "floral"], ["rose absolute (rosa damascena) turkey", "floral"], ["rose absolute pentanol", "floral"], ["rose acetate", "floral"], ["rose blossom pentanol", "floral"], ["rose butanoate", "floral"], ["rose concrete (rosa centifolia)", "floral"], ["rose concrete (rosa damascena)", "floral"], ["rose oil (rosa centifolia) egypt", "floral"], ["rose oil (rosa damascena) bulgaria", "floral"], ["rose oil (rosa damascena) iran", "floral"], ["rose oil (rosa damascena) turkey", "floral"], ["rose oil replacer", "floral"], ["rose oxide", "floral"], ["rose pyran", "floral"], ["rose specialty", "floral"], ["styralyl propionate", "floral"], ["terpinyl anthranilate", "floral"], ["tetrahydrolinalool", "floral"], ["undecen-1-ol", "floral"], ["undecen-1-ol", "floral"], ["ylang ylang flower oil", "floral"], ["ylang ylang flower oil CO2 extract", "floral"], ["damascone", "fruity"], ["ethyl para-methyl-beta-phenyl glycidate", "fruity"], ["plum crotonate", "fruity"], ["strawberry glycidate 2", "fruity"], ["decanal", "green"], ["heptyl tetrahydrofuran", "green"], ["methoxy-3-methyl-4-penten-1-yl] benzene", "green"], ["phenyl acetaldehyde", "green"], ["phenyl acetaldehyde diethyl acetal", "green"], ["phenyl acetaldehyde dimethyl acetal", "green"], ["phenyl hexyl acetate", "green"], ["chamomile valerate", "herbal"], ["dimethyl benzyl carbinyl formate", "herbal"], ["menthyl propionate", "herbal"], ["rose oil (rosa centifolia) morocco", "herbal"], ["phenyl acetic acid", "honey"], ["ozone propanal", "marine"], ["anisyl alcohol", "powdery"], ["maja fragrance", "spicy"], ["pepper hexanone", "spicy"], ["hydroxycitronellal diisotridecyl acetal", "woody"], ["amyl cinnamaldehyde dimethyl acetal", "No flavor group found for these"], ["amyl undecylenate", "No flavor group found for these"], ["butyl benzyl ether", "No flavor group found for these"], ["damascone", "No flavor group found for these"], ["decanal", "No flavor group found for these"], ["decen-1-yl acetate", "No flavor group found for these"], ["dimethyl benzyl carbinyl formate", "No flavor group found for these"], ["farnesol", "No flavor group found for these"], ["geranyl linalool", "No flavor group found for these"], ["heptyl acetate", "No flavor group found for these"], ["hydroxycitronellal propylene glycol acetal", "No flavor group found for these"], ["menthyl propionate", "No flavor group found for these"], ["nonanal diethyl acetal", "No flavor group found for these"], ["octyl isovalerate", "No flavor group found for these"], ["phenethyl heptanoate", "No flavor group found for these"], ["phenethyl lactate", "No flavor group found for these"], ["phenyl acetaldehyde diethyl acetal", "No flavor group found for these"], ["rhodinyl acetate substitutes", "No flavor group found for these"], ["terpinyl anthranilate", "No flavor group found for these"], ["undecen-1-ol", "No flavor group found for these"], ["undecen-1-ol", "No flavor group found for these"], ["butyl cinnamaldehyde", ""], ["nonanal (aldehyde C-9)", "aldehydic"], ["rhodinol substitues", "berry"], ["citronellyl oxyacetaldehyde", "citrus"], ["decenal", "citrus"], ["styralyl propionate", "citrus"], ["amyl phenyl acetate", "floral"], ["citronellal", "floral"], ["citronellol", "floral"], ["citronellyl propionate", "floral"], ["dihydrocarvyl acetate", "floral"], ["farnesyl acetate", "floral"], ["geranium oil egypt", "floral"], ["geranium oil terpeneless", "floral"], ["geranium petiole oil india", "floral"], ["geranium rose oil", "floral"], ["muguet carbinol", "floral"], ["muguet shiseol", "floral"], ["neryl acetate", "floral"], ["phenethyl alcohol", "floral"], ["phenethyl anthranilate", "floral"], ["phenyl acetic acid", "floral"], ["rose absolute (rosa centifolia)", "floral"], ["rose absolute (rosa centifolia) morocco", "floral"], ["rose absolute (rosa damascena) bulgaria", "floral"], ["rose absolute (rosa damascena) turkey", "floral"], ["rose oil (rosa centifolia) egypt", "floral"], ["rose oil (rosa damascena) bulgaria", "floral"], ["rose oil (rosa damascena) iran", "floral"], ["rose oil (rosa damascena) turkey", "floral"], ["rose oxide", "floral"], ["tetrahydrolinalool", "floral"], ["ylang ylang flower oil", "floral"], ["ylang ylang flower oil CO2 extract", "floral"], ["anisyl alcohol", "fruity"], ["benzyl alcohol", "fruity"], ["citronellyl anthranilate", "fruity"], ["damascone", "fruity"], ["linalyl benzoate", "fruity"], ["linalyl cinnamate", "fruity"], ["neryl isovalerate", "fruity"], ["rose butanoate", "fruity"], ["strawberry glycidate 2", "fruity"], ["cyclohexyl ethyl alcohol", "green"], ["geranyl acetate", "green"], ["phenyl acetaldehyde dimethyl acetal", "green"], ["linalyl propionate", "herbal"], ["rose oil (rosa centifolia) morocco", "herbal"], ["phenethyl acetate", "honey"], ["phenethyl phenyl acetate", "honey"], ["phenyl acetaldehyde", "honey"], ["phenethyl salicylate", "medicinal,"], ["hydroxycitronellal diethyl acetal", "melon"], ["cresyl phenyl acetate", "phenolic"], ["hydroxycitronellol", "powdery"], ["hydroxycitronellal", "waxy"], ["hydroxycitronellal dimethyl acetal", "waxy"], ["nonanol", "waxy"]]}