{"name": "(Z)-4-hepten-2-yl salicylate", "cas": "873888-84-7", "smiles": "CCC=CCC(C)OC(=O)c1ccccc1O", "notes": ["floral", "green", "lily", "muguet"], "blenders": [["butyraldehyde", "aldehydic"], ["decen-1-ol", "aldehydic"], ["dodecanal (aldehyde C-12 lauric)", "aldehydic"], ["lily pentanal", "aldehydic"], ["methyl-4-hexyl oxybutyraldehyde", "aldehydic"], ["cresyl isobutyrate", "animal"], ["cinnamyl formate", "balsamic"], ["benzyl anthranilate", "citrus"], ["bergamot oil", "citrus"], ["bergamot oil bergaptene reduced italy", "citrus"], ["bergamot oil turkey", "citrus"], ["citral dimethyl acetal", "citrus"], ["citrus floral green fragrance", "citrus"], ["dimethyl-3-cyclohexene-1-methanyl acetate", "citrus"], ["nonanal dimethyl acetal", "citrus"], ["tetradecenal", "citrus"], ["tetradecenal", "citrus"], ["tetrahydromyrcenol", "citrus"], ["decenal", "fatty"], ["acetaldehyde dibutyl acetal", "floral"], ["aglaia odorata absolute", "floral"], ["amyl benzoate", "floral"], ["amyl cinnamaldehyde dimethyl acetal", "floral"], ["amyl salicylate", "floral"], ["anisyl propanal / methyl anthranilate schiff's base", "floral"], ["boronia concrete", "floral"], ["butyl cinnamaldehyde", "floral"], ["butyl cyclohexane propanal", "floral"], ["cassie absolute replacer", "floral"], ["citronellyl acetate", "floral"], ["citronellyl propionate", "floral"], ["coriander seed oil CO2 extract", "floral"], ["cumin carbinol", "floral"], ["cyclamen homoaldehyde", "floral"], ["dictamnus hispanicus oil", "floral"], ["dihydrocarvyl acetate", "floral"], ["dihydrofarnesol", "floral"], ["dihydroisojasmonate methyl ester", "floral"], ["dimethyl benzyl carbinol", "floral"], ["dimethyl benzyl carbinyl butyrate", "floral"], ["dimethyl-2-nonanol", "floral"], ["ethyl 2-benzyl butyrate", "floral"], ["ethyl cyclohexane propanal", "floral"], ["ethyl phenoxyacetate", "floral"], ["farnesol", "floral"], ["farnesol", "floral"], ["farnesyl acetate", "floral"], ["floral butanal", "floral"], ["floral specialty", "floral"], ["floral undecenone", "floral"], ["gardenia absolute", "floral"], ["gardenia acetal", "floral"], ["gardenia concrete", "floral"], ["gardenia fragrance", "floral"], ["gardenia specialty", "floral"], ["gardenia taitensis flower absolute", "floral"], ["geranium dihydropyran", "floral"], ["geranium oil", "floral"], ["geranium oil africa", "floral"], ["geranium oil bourbon replacer", "floral"], ["geranium oil china", "floral"], ["geranium oil replacer", "floral"], ["geranium pyran", "floral"], ["geranyl acetone", "floral"], ["geranyl formate", "floral"], ["hexen-1-yl salicylate", "floral"], ["hexyl cinnamaldehyde", "floral"], ["hexyl lactate", "floral"], ["hyacinth absolute replacer", "floral"], ["hyacinth oil", "floral"], ["hydrangea fragrance", "floral"], ["hydroxycitronellal", "floral"], ["hydroxycitronellal diethyl acetal", "floral"], ["hydroxycitronellal distillation residue distillates", "floral"], ["hydroxycitronellal nitrile", "floral"], ["hydroxycitronellal propylene glycol acetal", "floral"], ["hydroxycitronellal residue", "floral"], ["jasmin cyclopentanol", "floral"], ["jonquil absolute", "floral"], ["jonquil absolute replacer", "floral"], ["jonquil fragrance", "floral"], ["lilac absolute", "floral"], ["lily fragrance", "floral"], ["lily fragrance", "floral"], ["lily of the valley specialty", "floral"], ["lily propanol", "floral"], ["linalyl benzoate", "floral"], ["linalyl phenyl acetate", "floral"], ["linden blossom fragrance", "floral"], ["linden blossom specialty", "floral"], ["lotus fragrance", "floral"], ["magnolia cyclohexanol", "floral"], ["magnolia decadienal", "floral"], ["magnolia fragrance", "floral"], ["magnolia indene", "floral"], ["magnolia specialty", "floral"], ["methoxy-1-methyl propyl) benzene", "floral"], ["methoxy-2-methyl propyl) benzene", "floral"], ["methyl allyl oxy)-2-methyl butane", "floral"], ["methyl cyclohexane propanal", "floral"], ["methyl octanal", "floral"], ["methyl-3-(2-methyl propyl) cyclohexanol", "floral"], ["methyl-4-phenyl-2-pentanol", "floral"], ["methyl-6-ethyl-5-octen-1-ol", "floral"], ["mimosa absolute", "floral"], ["mimosa absolute france", "floral"], ["mimosa absolute india", "floral"], ["mimosa absolute replacer", "floral"], ["mimosa fragrance", "floral"], ["mimosa specialty", "floral"], ["muguet butanal", "floral"], ["muguet dienal", "floral"], ["muguet octadienol", "floral"], ["muguet specialty", "floral"], ["narcissus absolute replacer", "floral"], ["narcissus fragrance", "floral"], ["narcissus specialty", "floral"], ["nerol", "floral"], ["neroli oil CO2 extract", "floral"], ["nerolidol", "floral"], ["nerolidol", "floral"], ["ocean propanal", "floral"], ["ocean propanal / methyl anthranilate schiff's base", "floral"], ["octahydro-4,7-methano-1H-indene-5-acetaldehyde", "floral"], ["orange leaf absolute", "floral"], ["orangeflower absolute tunisia", "floral"], ["orchid specialty", "floral"], ["papaya isobutyrate", "floral"], ["phenyl acetaldehyde dicitronellyl acetal", "floral"], ["phenyl acetaldehyde diisobutyl acetal", "floral"], ["phenyl propionaldehyde ethylene glycol acetal", "floral"], ["propyl cyclohexane propanal", "floral"], ["rhodinyl formate", "floral"], ["rose butanoate", "floral"], ["rose oxide", "floral"], ["rose oxide", "floral"], ["rose pyran", "floral"], ["styralyl formate", "floral"], ["sweet pea absolute", "floral"], ["terpinyl isobutyrate", "floral"], ["tricyclodecenyl acetate", "floral"], ["verdyl acetate", "floral"], ["violet methyl carbonate", "floral"], ["violet specialty", "floral"], ["ylang ylang flower oil III", "floral"], ["propen-2-yl phenyl) butanal", "fresh"], ["benzyl methyl ether", "fruity"], ["citronellyl isobutyrate", "fruity"], ["cyclohexyl crotonate", "fruity"], ["dimethyl succinate", "fruity"], ["ethyl methyl-para-tolyl glycidate", "fruity"], ["peach pivalate", "fruity"], ["tropical ionone", "fruity"], ["jasmin nonane", "fungal"], ["amyl 3-(2-furan) propionate", "green"], ["butyl benzyl carbinol", "green"], ["chrysanthemum oxide", "green"], ["decanal propylene glycol acetal", "green"], ["dimethyl-6-octenoic acid", "green"], ["earthy acetal", "green"], ["flower hexene", "green"], ["geranium fragrance", "green"], ["green cyclopropionate", "green"], ["hexen-1-yl acetoacetate", "green"], ["hexen-1-yl angelate", "green"], ["hexen-1-yl oxypropane nitrile", "green"], ["hexyl (Z)-tiglate", "green"], ["hyacinth absolute", "green"], ["ivy dioxolane", "green"], ["ivy fragrance", "green"], ["methoxy-1-methyl butyl) benzene", "green"], ["methoxy-3-methyl-4-penten-1-yl] benzene", "green"], ["methyl cyclocitrone (IFF)", "green"], ["methyl hydratropaldehyde", "green"], ["methyl octine carbonate", "green"], ["methyl-4-phenyl pentanone", "green"], ["octyl oxyacetaldehyde", "green"], ["pelargonium graveolens stem leaf extract", "green"], ["phenyl acetaldehyde diethyl acetal", "green"], ["phenyl acetaldehyde solution", "green"], ["phenyl hexyl acetate", "green"], ["chrysanthemum ketone", "herbal"], ["clary sage absolute", "herbal"], ["coriander oleoresin", "herbal"], ["dihexyl (E)-fumarate", "herbal"], ["dimethyl benzyl carbinyl formate", "herbal"], ["linalyl acetate", "herbal"], ["marigold absolute (tagetes patula)", "herbal"], ["methyl butyl salicylate", "herbal"], ["myrtenyl acetate", "herbal"], ["phenyl acetaldehyde diisoamyl acetal", "herbal"], ["rain forest specialty", "herbal"], ["ozone propanal", "marine"], ["kunzea ericoides leaf oil", "medicinal"], ["cinnamyl propionate", "spicy"], ["cyclogeraniol (IFF)", "spicy"], ["spicy carbonate", "spicy"], ["camellia oleifera leaf extract", "tea"], ["decanone", "waxy"], ["hydroxycitronellal diisotridecyl acetal", "woody"], ["acetaldehyde dibutyl acetal", "No flavor group found for these"], ["amyl benzoate", "No flavor group found for these"], ["amyl cinnamaldehyde dimethyl acetal", "No flavor group found for these"], ["boronia concrete", "No flavor group found for these"], ["cassie absolute replacer", "No flavor group found for these"], ["decanal propylene glycol acetal", "No flavor group found for these"], ["decanone", "No flavor group found for these"], ["dimethyl benzyl carbinyl formate", "No flavor group found for these"], ["earthy acetal", "No flavor group found for these"], ["ethyl 2-benzyl butyrate", "No flavor group found for these"], ["farnesol", "No flavor group found for these"], ["hexen-1-yl acetoacetate", "No flavor group found for these"], ["hexyl (Z)-tiglate", "No flavor group found for these"], ["hyacinth absolute", "No flavor group found for these"], ["hydroxycitronellal propylene glycol acetal", "No flavor group found for these"], ["linalyl phenyl acetate", "No flavor group found for these"], ["methyl butyl salicylate", "No flavor group found for these"], ["methyl octanal", "No flavor group found for these"], ["phenyl acetaldehyde diethyl acetal", "No flavor group found for these"], ["phenyl acetaldehyde solution", "No flavor group found for these"], ["styralyl formate", "No flavor group found for these"], ["terpinyl isobutyrate", "No flavor group found for these"], ["tetradecenal", "No flavor group found for these"], ["amyl 3-(2-furan) propionate", ""], ["butyl cinnamaldehyde", ""], ["butyraldehyde", "aldehydic"], ["butyl benzyl carbinol", "amber"], ["amyl salicylate", "aromatic"], ["cresyl isobutyrate", "aromatic"], ["bergamot oil", "citrus"], ["bergamot oil bergaptene reduced italy", "citrus"], ["bergamot oil turkey", "citrus"], ["citral dimethyl acetal", "citrus"], ["nerol", "citrus"], ["decenal", "fatty"], ["cinnamyl propionate", "floral"], ["citronellyl acetate", "floral"], ["citronellyl propionate", "floral"], ["dihydrocarvyl acetate", "floral"], ["dihydrofarnesol", "floral"], ["dimethyl benzyl carbinyl butyrate", "floral"], ["dimethyl-6-octenoic acid", "floral"], ["farnesol", "floral"], ["farnesyl acetate", "floral"], ["geranium oil", "floral"], ["geranium oil africa", "floral"], ["geranium oil china", "floral"], ["geranyl acetone", "floral"], ["linalyl acetate", "floral"], ["neroli oil CO2 extract", "floral"], ["ocean propanal", "floral"], ["orange leaf absolute", "floral"], ["orangeflower absolute tunisia", "floral"], ["rose oxide", "floral"], ["tropical ionone", "floral"], ["ylang ylang flower oil III", "floral"], ["benzyl methyl ether", "fruity"], ["citronellyl isobutyrate", "fruity"], ["dimethyl succinate", "fruity"], ["ethyl methyl-para-tolyl glycidate", "fruity"], ["hexyl lactate", "fruity"], ["linalyl benzoate", "fruity"], ["rhodinyl formate", "fruity"], ["rose butanoate", "fruity"], ["chrysanthemum oxide", "green"], ["geranyl formate", "green"], ["hexen-1-yl salicylate", "green"], ["methyl hydratropaldehyde", "green"], ["methyl octine carbonate", "green"], ["nerolidol", "green"], ["nerolidol", "green"], ["nonanal dimethyl acetal", "green"], ["papaya isobutyrate", "green"], ["phenyl acetaldehyde diisobutyl acetal", "green"], ["rose oxide", "green"], ["clary sage absolute", "herbal"], ["coriander oleoresin", "herbal"], ["coriander seed oil CO2 extract", "herbal"], ["dimethyl benzyl carbinol", "medicinal"], ["hydroxycitronellal diethyl acetal", "melon"], ["dodecanal (aldehyde C-12 lauric)", "soapy"], ["cinnamyl formate", "spicy"], ["camellia oleifera leaf extract", "tea"], ["hexyl cinnamaldehyde", "waxy"], ["hydroxycitronellal", "waxy"], ["mimosa absolute", "waxy"], ["mimosa absolute france", "waxy"], ["mimosa absolute india", "waxy"], ["tetradecenal", "waxy"], ["myrtenyl acetate", "woody"]]}