{"name": "rose pyran", "cas": "94201-73-7", "smiles": "CC1CCOC(C1)C2=CC=CC=C2", "notes": ["rose", "fresh", "green", "herbal", "phenolic", "bitter", "parsley"], "blenders": [["agrumen nitrile", "aldehydic"], ["butyraldehyde", "aldehydic"], ["decen-1-ol", "aldehydic"], ["dodecanal (aldehyde C-12 lauric)", "aldehydic"], ["methyl-4-hexyl oxybutyraldehyde", "aldehydic"], ["muguet undecadienal", "aldehydic"], ["nonanal diethyl acetal", "aldehydic"], ["butyl quinoline", "animal"], ["estragole", "anisic"], ["ocimum basilicum leaf oil america", "anisic"], ["cinnamyl formate", "balsamic"], ["pine fragrance", "balsamic"], ["butyl-3-methyl pyrazine", "caramellic"], ["amyl phenyl acetate", "chocolate"], ["abronia fragrance", "citrus"], ["bergamot oil", "citrus"], ["bergamot oil bergaptene reduced italy", "citrus"], ["bergamot oil turkey", "citrus"], ["citral dimethyl acetal", "citrus"], ["citronitrile (Symrise)", "citrus"], ["citrus floral green fragrance", "citrus"], ["decenal", "citrus"], ["decyl acetate", "citrus"], ["dimethyl-3-cyclohexene-1-methanyl acetate", "citrus"], ["grapefruit pentanol", "citrus"], ["nonanal dimethyl acetal", "citrus"], ["ocimene quintoxide", "citrus"], ["tetradecenal", "citrus"], ["tetradecenal", "citrus"], ["geosmin", "earthy"], ["octen-3-ol", "earthy"], ["ethyl 4-pentenoate", "ethereal"], ["ethyl formate", "ethereal"], ["decenal", "fatty"], ["octenal", "fatty"], ["octenal", "fatty"], ["acetaldehyde dibutyl acetal", "floral"], ["amyl benzoate", "floral"], ["amyl salicylate", "floral"], ["amyl undecylenate", "floral"], ["anisyl propanal / methyl anthranilate schiff's base", "floral"], ["benzyl alcohol", "floral"], ["boronia concrete", "floral"], ["butyl benzyl ether", "floral"], ["butyl cinnamaldehyde", "floral"], ["cassis oxime 10%", "floral"], ["cilantro herb oil egypt", "floral"], ["citronellal", "floral"], ["citronellol", "floral"], ["citronellyl acetate", "floral"], ["citronellyl anthranilate", "floral"], ["citronellyl propionate", "floral"], ["coriander seed oil CO2 extract", "floral"], ["cumin carbinol", "floral"], ["cuminyl acetaldehyde", "floral"], ["cyclamen aldehyde", "floral"], ["cymbopogon validus leaf oil", "floral"], ["damascone", "floral"], ["damascone", "floral"], ["decen-1-yl acetate", "floral"], ["dictamnus hispanicus oil", "floral"], ["dihydrocarvyl acetate", "floral"], ["dihydrocitronellyl ethyl ether", "floral"], ["dihydrofarnesol", "floral"], ["dihydroisojasmonate methyl ester", "floral"], ["dihydrorose oxide", "floral"], ["dimethyl benzyl carbinol", "floral"], ["dimethyl benzyl carbinyl butyrate", "floral"], ["dimethyl-2-nonanol", "floral"], ["dimethyl-3-cyclohexene-1-methanol", "floral"], ["ethyl 2-benzyl butyrate", "floral"], ["ethyl phenoxyacetate", "floral"], ["farnesol", "floral"], ["farnesyl acetate", "floral"], ["floral butanal", "floral"], ["floral pyran", "floral"], ["floral undecenone", "floral"], ["gardenia absolute", "floral"], ["gardenia acetal", "floral"], ["gardenia concrete", "floral"], ["geranium oil", "floral"], ["geranium oil africa", "floral"], ["geranium oil bourbon", "floral"], ["geranium oil egypt", "floral"], ["geranium oil egypt fractions", "floral"], ["geranium oil terpeneless", "floral"], ["geranium petiole oil india", "floral"], ["geranium rose oil", "floral"], ["geranium rose-scented oil cuba", "floral"], ["geranyl acetate", "floral"], ["geranyl acetone", "floral"], ["geranyl formate", "floral"], ["geranyl isobutyrate", "floral"], ["geranyl linalool", "floral"], ["glycoacetal", "floral"], ["hawthorn ethanol", "floral"], ["hepten-2-yl salicylate", "floral"], ["hexen-1-yl salicylate", "floral"], ["hexyl cinnamaldehyde", "floral"], ["hexyl lactate", "floral"], ["hyacinth oil", "floral"], ["hydrangea fragrance", "floral"], ["hydroxycitronellal diethyl acetal", "floral"], ["hydroxycitronellal propylene glycol acetal", "floral"], ["jasmin cyclopentanol", "floral"], ["jonquil absolute", "floral"], ["lilac absolute", "floral"], ["lily fragrance", "floral"], ["lily propanol", "floral"], ["linalyl phenyl acetate", "floral"], ["linden flower absolute", "floral"], ["lotus fragrance", "floral"], ["magnolia indene", "floral"], ["melaleuca ericifolia leaf oil", "floral"], ["methoxy-1-methyl propyl) benzene", "floral"], ["methoxy-2-methyl propyl) benzene", "floral"], ["methyl allyl oxy)-2-methyl butane", "floral"], ["methyl benzyl acetate", "floral"], ["methyl octanal", "floral"], ["mimosa absolute", "floral"], ["mimosa absolute france", "floral"], ["mimosa absolute india", "floral"], ["muguet carbinol", "floral"], ["muguet dienal", "floral"], ["musk acetate", "floral"], ["nerol", "floral"], ["neroli oil bigarde", "floral"], ["neroli oil CO2 extract", "floral"], ["nerolidol", "floral"], ["nerolidol", "floral"], ["neryl acetate", "floral"], ["neryl formate", "floral"], ["neryl isovalerate", "floral"], ["nonanol", "floral"], ["nonanone", "floral"], ["ocean propanal", "floral"], ["ocean propanal / methyl anthranilate schiff's base", "floral"], ["octyl isovalerate", "floral"], ["orange leaf absolute", "floral"], ["orangeflower absolute tunisia", "floral"], ["orchid specialty", "floral"], ["papaya isobutyrate", "floral"], ["pentyl cyclopentanone", "floral"], ["peony alcohol", "floral"], ["phenethyl acetate", "floral"], ["phenethyl alcohol", "floral"], ["phenethyl anthranilate", "floral"], ["phenethyl heptanoate", "floral"], ["phenethyl lactate", "floral"], ["phenethyl phenyl acetate", "floral"], ["phenethyl salicylate", "floral"], ["phenyl acetaldehyde dicitronellyl acetal", "floral"], ["phenyl acetaldehyde digeranyl acetal", "floral"], ["phenyl acetaldehyde diisobutyl acetal", "floral"], ["phenyl propionaldehyde ethylene glycol acetal", "floral"], ["phytol", "floral"], ["prenyl salicylate", "floral"], ["primrose fragrance", "floral"], ["reseda absolute", "floral"], ["rhodinol substitues", "floral"], ["rhodinyl acetate substitutes", "floral"], ["rhodinyl formate", "floral"], ["rosa alba flower oil CO2 extract", "floral"], ["rose absolute (rosa centifolia)", "floral"], ["rose absolute (rosa centifolia) morocco", "floral"], ["rose absolute (rosa damascena) bulgaria", "floral"], ["rose absolute (rosa damascena) turkey", "floral"], ["rose absolute pentanol", "floral"], ["rose acetate", "floral"], ["rose blossom pentanol", "floral"], ["rose butanoate", "floral"], ["rose concrete (rosa centifolia)", "floral"], ["rose concrete (rosa damascena)", "floral"], ["rose oil (rosa centifolia) egypt", "floral"], ["rose oil (rosa damascena) bulgaria", "floral"], ["rose oil (rosa damascena) iran", "floral"], ["rose oil (rosa damascena) turkey", "floral"], ["rose oil replacer", "floral"], ["rose oxide", "floral"], ["rose oxide", "floral"], ["styralyl formate", "floral"], ["styralyl propionate", "floral"], ["sweet pea absolute", "floral"], ["terpinyl isobutyrate", "floral"], ["tricyclodecenyl acetate", "floral"], ["undecen-1-ol", "floral"], ["undecen-1-ol", "floral"], ["verdyl acetate", "floral"], ["violet methyl carbonate", "floral"], ["ylang ylang flower oil III", "floral"], ["propen-2-yl phenyl) butanal", "fresh"], ["benzyl methyl ether", "fruity"], ["butyl bicyclo[3.2.1]-6-octen-2-one", "fruity"], ["citronellyl isobutyrate", "fruity"], ["cyclohexyl crotonate", "fruity"], ["damascone", "fruity"], ["dimethyl succinate", "fruity"], ["ethyl 2-ethyl acetoacetate", "fruity"], ["ethyl methyl-para-tolyl glycidate", "fruity"], ["ethyl para-methyl-beta-phenyl glycidate", "fruity"], ["peach pivalate", "fruity"], ["plum crotonate", "fruity"], ["strawberry glycidate 2", "fruity"], ["tropical indene", "fruity"], ["tropical ionone", "fruity"], ["jasmin nonane", "fungal"], ["agrumen aldehyde", "green"], ["amyl 3-(2-furan) propionate", "green"], ["birch leaf specialty", "green"], ["butyl benzyl carbinol", "green"], ["butyl heptanoate", "green"], ["butyl methyl ketone", "green"], ["butyl thiazole", "green"], ["butyl thioisovalerate", "green"], ["carrot leaf oil (daucus carota ssp.maximus)", "green"], ["chrysanthemum carbaldehyde", "green"], ["chrysanthemum oxide", "green"], ["decanal", "green"], ["decanal propylene glycol acetal", "green"], ["dimethyl-6-octenoic acid", "green"], ["earthy acetal", "green"], ["flower hexene", "green"], ["geranium absolute", "green"], ["green cyclopropionate", "green"], ["heptanal (aldehyde C-7)", "green"], ["heptanol", "green"], ["heptyl benzoate", "green"], ["heptyl tetrahydrofuran", "green"], ["hexen-1-ol", "green"], ["hexen-1-yl acetoacetate", "green"], ["hexen-1-yl angelate", "green"], ["hexen-1-yl oxypropane nitrile", "green"], ["hexen-1-yl phenyl acetate", "green"], ["hexenyl 2-methyl butyrate", "green"], ["hexyl (Z)-tiglate", "green"], ["hexyl hexanoate", "green"], ["hyacinth absolute", "green"], ["ivy carbaldehyde / methyl anthranilate schiff's base", "green"], ["ivy dioxolane", "green"], ["ivy leaf absolute", "green"], ["marigold pot absolute", "green"], ["methoxy-1-methyl butyl) benzene", "green"], ["methoxy-3-methyl-4-penten-1-yl] benzene", "green"], ["methyl cyclocitrone (IFF)", "green"], ["methyl hydratropaldehyde", "green"], ["methyl octine carbonate", "green"], ["methyl-3-hepten-2-one", "green"], ["methyl-4-phenyl pentanone", "green"], ["octanal dimethyl acetal", "green"], ["octyl oxyacetaldehyde", "green"], ["pelargonium graveolens stem leaf extract", "green"], ["phenethyl isopropyl ether", "green"], ["phenethyl tiglate", "green"], ["phenyl acetaldehyde", "green"], ["phenyl acetaldehyde dimethyl acetal", "green"], ["phenyl acetaldehyde solution", "green"], ["propyl bicyclo(3.2.1)-6-octen-2-one", "green"], ["seaweed absolute (fucus vesiculosus et serratus)", "green"], ["terpinyl propionate", "green"], ["triplal / ethyl anthranilate schiff's base", "green"], ["acetoxydihydrotheaspirane", "herbal"], ["amyl cinnamyl formate", "herbal"], ["anethum graveolens herb oil", "herbal"], ["anethum graveolens herb tincture", "herbal"], ["anthemis nobilis flower extract", "herbal"], ["anthemis nobilis flower oil roman", "herbal"], ["apium graveolens seed oil", "herbal"], ["apium graveolens seed oil india", "herbal"], ["artemisia alba oil", "herbal"], ["basil absolute", "herbal"], ["campholenic aldehyde", "herbal"], ["chamomile valerate", "herbal"], ["chrysanthemum ketone", "herbal"], ["clary sage absolute", "herbal"], ["clary sage concrete", "herbal"], ["coriander oleoresin", "herbal"], ["dihexyl (E)-fumarate", "herbal"], ["dill weed oil cuba", "herbal"], ["dill weed oil reunion", "herbal"], ["dimethyl benzyl carbinyl formate", "herbal"], ["dimethyl-3-cyclohexene-1-yl)-4,4-dimethyl-1,3-oxathiane", "herbal"], ["heptanol", "herbal"], ["herbal cyclohexane", "herbal"], ["herbal dioxane", "herbal"], ["herbal heptane", "herbal"], ["hop absolute", "herbal"], ["hop oil", "herbal"], ["lantana camara flower oil", "herbal"], ["linalyl acetate", "herbal"], ["linalyl formate", "herbal"], ["linalyl octanoate", "herbal"], ["marigold oil mexico", "herbal"], ["melaleuca leucadendron var. cajuputi leaf oil", "herbal"], ["menthyl propionate", "herbal"], ["methyl allyl oxy) heptane", "herbal"], ["methyl butyl salicylate", "herbal"], ["methyl-3-hepten-2-one", "herbal"], ["monarda fistulosa oil", "herbal"], ["myrtenyl acetate", "herbal"], ["nonisyl formate", "herbal"], ["ocimene oxirane", "herbal"], ["octen-3-yl acetate", "herbal"], ["oregano specialty", "herbal"], ["origanum oil", "herbal"], ["origanum oil greece", "herbal"], ["parsley herb oil", "herbal"], ["perilla leaf oil", "herbal"], ["perillaldehyde", "herbal"], ["petroselinum crispum seed oil CO2 extract", "herbal"], ["phenyl acetaldehyde diisoamyl acetal", "herbal"], ["prenyl senecioate", "herbal"], ["rose oil (rosa centifolia) morocco", "herbal"], ["rosmarinus officinalis extract", "herbal"], ["rosmarinus officinalis tincture", "herbal"], ["tagete oil CO2 extract", "herbal"], ["tagete oil south africa", "herbal"], ["theaspirane", "herbal"], ["thyme absolute", "herbal"], ["tricyclodecyl acetate", "herbal"], ["viridiflorol", "herbal"], ["wormwood oil america", "herbal"], ["wormwood oil cuba", "herbal"], ["wormwood oil italy", "herbal"], ["wormwood oil poland", "herbal"], ["phenyl acetic acid", "honey"], ["marine hexane", "marine"], ["kunzea ericoides leaf oil", "medicinal"], ["menthone", "minty"], ["pulegol", "minty"], ["treemoss absolute", "mossy"], ["dipentene terpene hydrocarbon byproducts", "pine"], ["anisyl alcohol", "powdery"], ["methyl anthranilate / hexyl cinnamaldehyde schiff's base", "soapy"], ["amyl cinnamyl alcohol", "spicy"], ["butyl angelate", "spicy"], ["cinnamyl propionate", "spicy"], ["cubenol", "spicy"], ["cuminaldehyde", "spicy"], ["cyclogeraniol (IFF)", "spicy"], ["maja fragrance", "spicy"], ["origanum majorana oil", "spicy"], ["outdoors specialty", "spicy"], ["pepper hexanone", "spicy"], ["spicy carbonate", "spicy"], ["camellia oleifera leaf extract", "tea"], ["armoise oil", "thujonic"], ["decanone", "waxy"], ["cinnamyl tiglate", "woody"], ["dalbergia sissoo leaf oil", "woody"], ["farnesene", "woody"], ["farnesene isomer", "woody"], ["verdoxan", "woody"], ["acetaldehyde dibutyl acetal", "No flavor group found for these"], ["acetoxydihydrotheaspirane", "No flavor group found for these"], ["amyl benzoate", "No flavor group found for these"], ["amyl cinnamyl formate", "No flavor group found for these"], ["amyl undecylenate", "No flavor group found for these"], ["boronia concrete", "No flavor group found for these"], ["butyl benzyl ether", "No flavor group found for these"], ["butyl heptanoate", "No flavor group found for these"], ["butyl thiazole", "No flavor group found for these"], ["butyl thioisovalerate", "No flavor group found for these"], ["cinnamyl tiglate", "No flavor group found for these"], ["damascone", "No flavor group found for these"], ["decanal", "No flavor group found for these"], ["decanal propylene glycol acetal", "No flavor group found for these"], ["decanone", "No flavor group found for these"], ["decen-1-yl acetate", "No flavor group found for these"], ["dimethyl benzyl carbinyl formate", "No flavor group found for these"], ["earthy acetal", "No flavor group found for these"], ["ethyl 2-benzyl butyrate", "No flavor group found for these"], ["ethyl 4-pentenoate", "No flavor group found for these"], ["geranyl linalool", "No flavor group found for these"], ["heptanol", "No flavor group found for these"], ["heptyl benzoate", "No flavor group found for these"], ["hexen-1-yl acetoacetate", "No flavor group found for these"], ["hexyl (Z)-tiglate", "No flavor group found for these"], ["hyacinth absolute", "No flavor group found for these"], ["hydroxycitronellal propylene glycol acetal", "No flavor group found for these"], ["linalyl phenyl acetate", "No flavor group found for these"], ["melaleuca leucadendron var. cajuputi leaf oil", "No flavor group found for these"], ["menthyl propionate", "No flavor group found for these"], ["methyl butyl salicylate", "No flavor group found for these"], ["methyl octanal", "No flavor group found for these"], ["methyl-3-hepten-2-one", "No flavor group found for these"], ["methyl-3-hepten-2-one", "No flavor group found for these"], ["nonanal diethyl acetal", "No flavor group found for these"], ["octen-3-ol", "No flavor group found for these"], ["octenal", "No flavor group found for these"], ["octyl isovalerate", "No flavor group found for these"], ["perilla leaf oil", "No flavor group found for these"], ["phenethyl heptanoate", "No flavor group found for these"], ["phenethyl lactate", "No flavor group found for these"], ["phenyl acetaldehyde solution", "No flavor group found for these"], ["prenyl senecioate", "No flavor group found for these"], ["rhodinyl acetate substitutes", "No flavor group found for these"], ["seaweed absolute (fucus vesiculosus et serratus)", "No flavor group found for these"], ["styralyl formate", "No flavor group found for these"], ["terpinyl isobutyrate", "No flavor group found for these"], ["tetradecenal", "No flavor group found for these"], ["undecen-1-ol", "No flavor group found for these"], ["undecen-1-ol", "No flavor group found for these"], ["viridiflorol", "No flavor group found for these"], ["amyl 3-(2-furan) propionate", ""], ["butyl cinnamaldehyde", ""], ["butyraldehyde", "aldehydic"], ["butyl benzyl carbinol", "amber"], ["amyl salicylate", "aromatic"], ["rhodinol substitues", "berry"], ["bergamot oil", "citrus"], ["bergamot oil bergaptene reduced italy", "citrus"], ["bergamot oil turkey", "citrus"], ["citral dimethyl acetal", "citrus"], ["nerol", "citrus"], ["styralyl propionate", "citrus"], ["theaspirane", "cooling"], ["geosmin", "earthy"], ["ethyl formate", "ethereal"], ["decenal", "fatty"], ["octenal", "fatty"], ["amyl phenyl acetate", "floral"], ["cinnamyl propionate", "floral"], ["citronellal", "floral"], ["citronellol", "floral"], ["citronellyl acetate", "floral"], ["citronellyl propionate", "floral"], ["dihydrocarvyl acetate", "floral"], ["dihydrofarnesol", "floral"], ["dimethyl benzyl carbinyl butyrate", "floral"], ["dimethyl-6-octenoic acid", "floral"], ["farnesol", "floral"], ["farnesyl acetate", "floral"], ["geranium oil", "floral"], ["geranium oil africa", "floral"], ["geranium oil bourbon", "floral"], ["geranium oil egypt", "floral"], ["geranium oil terpeneless", "floral"], ["geranium petiole oil india", "floral"], ["geranium rose oil", "floral"], ["geranyl acetone", "floral"], ["geranyl isobutyrate", "floral"], ["linalyl acetate", "floral"], ["muguet carbinol", "floral"], ["neroli oil bigarde", "floral"], ["neroli oil CO2 extract", "floral"], ["neryl acetate", "floral"], ["ocean propanal", "floral"], ["orange leaf absolute", "floral"], ["orangeflower absolute tunisia", "floral"], ["phenethyl alcohol", "floral"], ["phenethyl anthranilate", "floral"], ["phenyl acetic acid", "floral"], ["rose absolute (rosa centifolia)", "floral"], ["rose absolute (rosa centifolia) morocco", "floral"], ["rose absolute (rosa damascena) bulgaria", "floral"], ["rose absolute (rosa damascena) turkey", "floral"], ["rose oil (rosa centifolia) egypt", "floral"], ["rose oil (rosa damascena) bulgaria", "floral"], ["rose oil (rosa damascena) iran", "floral"], ["rose oil (rosa damascena) turkey", "floral"], ["rose oxide", "floral"], ["tropical ionone", "floral"], ["ylang ylang flower oil III", "floral"], ["anisyl alcohol", "fruity"], ["benzyl alcohol", "fruity"], ["benzyl methyl ether", "fruity"], ["citronellyl anthranilate", "fruity"], ["citronellyl isobutyrate", "fruity"], ["damascone", "fruity"], ["dimethyl succinate", "fruity"], ["ethyl 2-ethyl acetoacetate", "fruity"], ["ethyl methyl-para-tolyl glycidate", "fruity"], ["hexyl hexanoate", "fruity"], ["hexyl lactate", "fruity"], ["linalyl octanoate", "fruity"], ["methyl benzyl acetate", "fruity"], ["neryl formate", "fruity"], ["neryl isovalerate", "fruity"], ["rhodinyl formate", "fruity"], ["rose butanoate", "fruity"], ["strawberry glycidate 2", "fruity"], ["tagete oil CO2 extract", "fruity"], ["tagete oil south africa", "fruity"], ["anethum graveolens herb tincture", "green"], ["butyl angelate", "green"], ["butyl methyl ketone", "green"], ["butyl-3-methyl pyrazine", "green"], ["campholenic aldehyde", "green"], ["chrysanthemum oxide", "green"], ["cuminyl acetaldehyde", "green"], ["cyclamen aldehyde", "green"], ["decenal", "green"], ["farnesene", "green"], ["farnesene isomer", "green"], ["geranium absolute", "green"], ["geranyl acetate", "green"], ["geranyl formate", "green"], ["heptanal (aldehyde C-7)", "green"], ["hexen-1-ol", "green"], ["hexen-1-yl phenyl acetate", "green"], ["hexen-1-yl salicylate", "green"], ["hexenyl 2-methyl butyrate", "green"], ["marigold pot absolute", "green"], ["methyl hydratropaldehyde", "green"], ["methyl octine carbonate", "green"], ["nerolidol", "green"], ["nerolidol", "green"], ["nonanal dimethyl acetal", "green"], ["nonanone", "green"], ["ocimene quintoxide", "green"], ["octanal dimethyl acetal", "green"], ["octen-3-yl acetate", "green"], ["papaya isobutyrate", "green"], ["phenethyl tiglate", "green"], ["phenyl acetaldehyde diisobutyl acetal", "green"], ["phenyl acetaldehyde dimethyl acetal", "green"], ["rose oxide", "green"], ["terpinyl propionate", "green"], ["anethum graveolens herb oil", "herbal"], ["anthemis nobilis flower extract", "herbal"], ["anthemis nobilis flower oil roman", "herbal"], ["apium graveolens seed oil", "herbal"], ["apium graveolens seed oil india", "herbal"], ["basil absolute", "herbal"], ["cilantro herb oil egypt", "herbal"], ["clary sage absolute", "herbal"], ["clary sage concrete", "herbal"], ["coriander oleoresin", "herbal"], ["coriander seed oil CO2 extract", "herbal"], ["dill weed oil cuba", "herbal"], ["dill weed oil reunion", "herbal"], ["hop absolute", "herbal"], ["hop oil", "herbal"], ["linalyl formate", "herbal"], ["marigold oil mexico", "herbal"], ["ocimum basilicum leaf oil america", "herbal"], ["origanum majorana oil", "herbal"], ["origanum oil", "herbal"], ["origanum oil greece", "herbal"], ["parsley herb oil", "herbal"], ["petroselinum crispum seed oil CO2 extract", "herbal"], ["prenyl salicylate", "herbal"], ["rose oil (rosa centifolia) morocco", "herbal"], ["rosmarinus officinalis extract", "herbal"], ["rosmarinus officinalis tincture", "herbal"], ["thyme absolute", "herbal"], ["wormwood oil america", "herbal"], ["wormwood oil cuba", "herbal"], ["wormwood oil italy", "herbal"], ["wormwood oil poland", "herbal"], ["phenethyl acetate", "honey"], ["phenethyl phenyl acetate", "honey"], ["phenyl acetaldehyde", "honey"], ["estragole", "licorice"], ["dimethyl benzyl carbinol", "medicinal"], ["phenethyl salicylate", "medicinal"], ["hydroxycitronellal diethyl acetal", "melon"], ["menthone", "minty"], ["pulegol", "minty"], ["phytol", "oily"], ["dodecanal (aldehyde C-12 lauric)", "soapy"], ["heptanol", "solvent"], ["amyl cinnamyl alcohol", "spicy"], ["cinnamyl formate", "spicy"], ["cubenol", "spicy"], ["cuminaldehyde", "spicy"], ["perillaldehyde", "spicy"], ["camellia oleifera leaf extract", "tea"], ["hexyl cinnamaldehyde", "waxy"], ["mimosa absolute", "waxy"], ["mimosa absolute france", "waxy"], ["mimosa absolute india", "waxy"], ["nonanol", "waxy"], ["tetradecenal", "waxy"], ["myrtenyl acetate", "woody"]]}