{"name": "2-ethyl butyraldehyde", "cas": "97-96-1", "smiles": "CCC(CC)C=O", "notes": ["sweet", "green", "ethereal", "fruity", "cocoa", "sweet", "green", "ethereal", "fruity", "cocoa"], "blenders": [["satinaldehyde", "No odor group found for these"], ["tiglaldehyde", ""], ["fusel oil", "alcoholic"], ["methyl (E)-2-octenoate", "animal"], ["amyl benzoate", "balsamic"], ["fir carboxylate", "balsamic"], ["coffee furanone", "bready"], ["furfural", "bready"], ["heptyl acetate", "brown"], ["maltol", "caramellic"], ["shoyu furanone", "caramellic"], ["toffee furanone", "caramellic"], ["butyl formate", "chemical"], ["propyl propionate", "chemical"], ["butyl phenyl acetate", "chocolate"], ["heptanol", "citrus"], ["heptyl dihydro-5-methyl-2(3H)-furanone", "creamy"], ["methyl 3-hexenoate", "earthy"], ["acetal", "ethereal"], ["acetaldehyde dimethyl acetal", "ethereal"], ["butyl acetate", "ethereal"], ["cyclohexyl formate", "ethereal"], ["ethyl 4-pentenoate", "ethereal"], ["ethyl acetate", "ethereal"], ["ethyl formate", "ethereal"], ["ethyl pyruvate", "ethereal"], ["hexen-3-ol", "ethereal"], ["methyl acetate", "ethereal"], ["methyl ethyl ketone", "ethereal"], ["methyl valeraldehyde", "ethereal"], ["propyl acetate", "ethereal"], ["propyl formate", "ethereal"], ["propyl valerate", "ethereal"], ["valeraldehyde propylene glycol acetal", "ethereal"], ["decen-2-one", "fatty"], ["ethyl undecylenate", "fatty"], ["hexyl pivalate", "fatty"], ["methyl (E)-2-hexenoate", "fatty"], ["methyl 2-hexenoate", "fatty"], ["methyl-1-pentanol", "fermented"], ["valeraldehyde", "fermented"], ["amyl cinnamaldehyde diethyl acetal", "floral"], ["citronellol", "floral"], ["citronellyl acetate", "floral"], ["citronellyl formate", "floral"], ["citronellyl propionate", "floral"], ["cuminyl acetaldehyde", "floral"], ["damascenone", "floral"], ["damascone", "floral"], ["dimethyl-2-nonanol", "floral"], ["geranyl acetone", "floral"], ["ionone", "floral"], ["jasmone", "floral"], ["jasmone", "floral"], ["lilac pentanol", "floral"], ["lily propanol", "floral"], ["methyl epi-jasmonate", "floral"], ["methyl jasmonate", "floral"], ["nerol", "floral"], ["neryl formate", "floral"], ["nonan-3-yl acetate", "floral"], ["papaya isobutyrate", "floral"], ["phenethyl acetate", "floral"], ["phenyl propionaldehyde dimethyl acetal", "floral"], ["styralyl propionate", "floral"], ["acetaldehyde dihexyl acetal", "fruity"], ["acetaldehyde diisoamyl acetal", "fruity"], ["allyl amyl glycolate", "fruity"], ["allyl butyrate", "fruity"], ["amyl acetate", "fruity"], ["amyl butyrate", "fruity"], ["amyl formate", "fruity"], ["amyl heptanoate", "fruity"], ["amyl hexanoate", "fruity"], ["amyl hexanoate", "fruity"], ["amyl isobutyrate", "fruity"], ["amyl isovalerate", "fruity"], ["amyl octanoate", "fruity"], ["benzyl methyl ether", "fruity"], ["berry pentadienoate", "fruity"], ["bisabolene", "fruity"], ["butyl 2-decenoate", "fruity"], ["butyl 2-methyl butyrate", "fruity"], ["butyl acetate", "fruity"], ["butyl hexanoate", "fruity"], ["butyl isobutyrate", "fruity"], ["butyl isovalerate", "fruity"], ["butyl propionate", "fruity"], ["butyl valerate", "fruity"], ["cherry pentenoate", "fruity"], ["citronellyl isobutyrate", "fruity"], ["cyclopentyl cyclopentanone", "fruity"], ["diethyl malonate", "fruity"], ["dimethyl succinate", "fruity"], ["ethyl 2-cyclohexyl propionate", "fruity"], ["ethyl 2-octenoate", "fruity"], ["ethyl 3-acetoxyhexanoate", "fruity"], ["ethyl 3-hexenoate", "fruity"], ["ethyl 3,5,5-trimethyl hexanoate", "fruity"], ["ethyl acetoacetate", "fruity"], ["ethyl butyl acetate", "fruity"], ["ethyl levulinate", "fruity"], ["ethyl methyl-para-tolyl glycidate", "fruity"], ["ethyl propionate", "fruity"], ["ethyl tiglate", "fruity"], ["geranyl butyrate", "fruity"], ["geranyl ethyl ether", "fruity"], ["geranyl isovalerate", "fruity"], ["grape butyrate", "fruity"], ["heptanal cyclic ethylene acetal", "fruity"], ["heptyl isobutyrate", "fruity"], ["hexanal propylene glycol acetal", "fruity"], ["hexen-1-ol", "fruity"], ["hexen-1-yl 2-methyl-2-pentenoate", "fruity"], ["hexen-1-yl acetate", "fruity"], ["hexen-1-yl isobutyrate", "fruity"], ["hexyl (E)-tiglate", "fruity"], ["hexyl acetate", "fruity"], ["hexyl isovalerate", "fruity"], ["hexyl propionate", "fruity"], ["linalyl hexanoate", "fruity"], ["methyl 2-methyl butyrate", "fruity"], ["methyl 3-nonenoate", "fruity"], ["methyl butyl 2-methyl butyrate", "fruity"], ["methyl butyrate", "fruity"], ["methyl heptanoate", "fruity"], ["methyl hexanoate", "fruity"], ["methyl isobutyrate", "fruity"], ["methyl valerate", "fruity"], ["methyl-2-butenal", "fruity"], ["neryl propionate", "fruity"], ["nonanone", "fruity"], ["octen-1-yl cyclopentanone", "fruity"], ["octyl butyrate", "fruity"], ["pentanone", "fruity"], ["pentyl furan", "fruity"], ["phenyl-2-butyl acetate", "fruity"], ["pineapple pentenoate", "fruity"], ["prenol", "fruity"], ["prenyl ethyl ether", "fruity"], ["prenyl hexanoate", "fruity"], ["propyl 2-methyl butyrate", "fruity"], ["propyl butyrate", "fruity"], ["propyl propionate", "fruity"], ["rhubarb undecane", "fruity"], ["tetrahydrofurfuryl butyrate", "fruity"], ["tropical indene", "fruity"], ["tropical thiazole", "fruity"], ["acetaldehyde benzyl 2-methoxyethyl acetal", "green"], ["actinidia chinensis fruit extract", "green"], ["amyl formate", "green"], ["cognac heptanone", "green"], ["decalactone", "green"], ["ethyl (E)-2-hexenoate", "green"], ["ethyl (E)-4-decenoate", "green"], ["green dioxolane", "green"], ["hexen-1-ol", "green"], ["hexen-1-yl (E)-2-hexenoate", "green"], ["hexen-1-yl (Z)-3-hexenoate", "green"], ["hexen-1-yl acetate", "green"], ["hexen-1-yl acetate", "green"], ["hexen-1-yl benzoate", "green"], ["hexen-1-yl formate", "green"], ["hexen-1-yl hexanoate", "green"], ["hexen-1-yl hexanoate", "green"], ["hexen-1-yl isovalerate", "green"], ["hexen-1-yl propionate", "green"], ["hexen-1-yl valerate", "green"], ["hexen-1-yl valerate", "green"], ["hexenyl 2-methyl butyrate", "green"], ["hexenyl acetate", "green"], ["hexyl butyrate", "green"], ["hexyl hexanoate", "green"], ["hexyl isobutyrate", "green"], ["hexyl octanoate", "green"], ["manzanate (Givaudan)", "green"], ["methyl (E)-3-hexenoate", "green"], ["methyl octine carbonate", "green"], ["neryl butyrate", "green"], ["octyl formate", "green"], ["penten-1-ol", "green"], ["pentenal", "green"], ["phenoxyethyl isobutyrate", "green"], ["phenyl-2-pentanol", "green"], ["propyl phenyl acetaldehyde", "green"], ["propylene acetal", "green"], ["sorbyl isobutyrate", "green"], ["terpinyl propionate", "green"], ["thiogeraniol", "green"], ["tiglaldehyde", "green"], ["violet dienyne", "green"], ["hexanol", "herbal"], ["carvone", "minty"], ["acetyl pyrrole", "musty"], ["filbert pyrazine", "nutty"], ["lutidine", "nutty"], ["acetyl pyrazine", "popcorn"], ["caraway seed oleoresin", "spicy"], ["buchu mercaptan", "sulfurous"], ["cassis bud oil", "terpenic"], ["cyclocitral", "tropical"], ["psidium guajava fruit extract", "tropical"], ["decenoic acid", "waxy"], ["methyl geranate", "waxy"], ["methyl octanoate", "waxy"], ["nonanol", "waxy"], ["octyl 2-methyl butyrate", "waxy"], ["phenethyl octanoate", "waxy"], ["verdoxan", "woody"], ["woody acetate", "woody"], ["acetaldehyde 1,3-octane diol acetal", "No flavor group found for these"], ["acetaldehyde benzyl 2-methoxyethyl acetal", "No flavor group found for these"], ["acetaldehyde diisoamyl acetal", "No flavor group found for these"], ["allyl tiglate", "No flavor group found for these"], ["butyl methyl ketone", "No flavor group found for these"], ["cyclopentyl cyclopentanone", "No flavor group found for these"], ["decalactone", "No flavor group found for these"], ["ethyl 2-methyl-2-(methyl thio) propionate", "No flavor group found for these"], ["ethyl 3-acetoxyhexanoate", "No flavor group found for these"], ["ethyl 4-pentenoate", "No flavor group found for these"], ["geranyl ethyl ether", "No flavor group found for these"], ["heptadien-1-ol", "No flavor group found for these"], ["heptenoic acid", "No flavor group found for these"], ["hexenal", "No flavor group found for these"], ["hexenal diethyl acetal", "No flavor group found for these"], ["hexenyl acetate", "No flavor group found for these"], ["hexyl (E)-2-hexenoate", "No flavor group found for these"], ["hexyl propionate", "No flavor group found for these"], ["linalyl hexanoate", "No flavor group found for these"], ["methyl (E)-2-hexenoate", "No flavor group found for these"], ["methyl 2-hexenoate", "No flavor group found for these"], ["methyl 4-pentenoate", "No flavor group found for these"], ["methyl butyl isobutyrate", "No flavor group found for these"], ["methyl butyl propionate", "No flavor group found for these"], ["methyl geranate", "No flavor group found for these"], ["methyl thio) hexanoate", "No flavor group found for these"], ["methyl-2-octenal", "No flavor group found for these"], ["methyl-2-octenal", "No flavor group found for these"], ["methyl-3-pentanol", "No flavor group found for these"], ["nonan-3-yl acetate", "No flavor group found for these"], ["octadien-2-one", "No flavor group found for these"], ["phenyl-2-butyl acetate", "No flavor group found for these"], ["prenyl ethyl ether", "No flavor group found for these"], ["prenyl hexanoate", "No flavor group found for these"], ["propyl phenyl acetaldehyde", "No flavor group found for these"], ["propyl valerate", "No flavor group found for these"], ["propylene acetal", "No flavor group found for these"], ["tiglaldehyde", "No flavor group found for these"], ["sorbyl isobutyrate", ""], ["tropical thiazole", "alliaceous"], ["heptyl isobutyrate", "berry"], ["propionyl thiazole", "bready"], ["furfural", "brown"], ["furfuryl alcohol", "burnt"], ["maltol", "caramellic"], ["shoyu furanone", "caramellic"], ["toffee furanone", "caramellic"], ["nonanone", "cheesy"], ["methyl ethyl ketone", "chemical"], ["bisabolene", "citrus"], ["cognac heptanone", "citrus"], ["nerol", "citrus"], ["styralyl propionate", "citrus"], ["butyl phenyl acetate", "cocoa"], ["butyraldehyde", "cocoa"], ["massoia lactone", "coconut"], ["diisoamyl thiomalate", "coffee"], ["manzanate (Givaudan)", "cooling"], ["acetyl-2-thiazoline", "corn chip"], ["massoia lactone", "creamy"], ["hexen-3-yl acetate", "earthy"], ["ethyl acetoacetate", "estery"], ["acetaldehyde dimethyl acetal", "ethereal"], ["butyl acetate", "ethereal"], ["ethyl acetate", "ethereal"], ["ethyl formate", "ethereal"], ["methyl acetate", "ethereal"], ["methyl isobutyrate", "ethereal"], ["propyl acetate", "ethereal"], ["ethyl (E)-4-decenoate", "fatty"], ["ethyl undecylenate", "fatty"], ["heptyl acetate", "fatty"], ["hexen-1-yl benzoate", "fatty"], ["citronellol", "floral"], ["citronellyl acetate", "floral"], ["citronellyl propionate", "floral"], ["geranyl acetone", "floral"], ["methyl epi-jasmonate", "floral"], ["methyl jasmonate", "floral"], ["satinaldehyde", "floral"], ["amyl acetate", "fruity"], ["amyl benzoate", "fruity"], ["amyl formate", "fruity"], ["amyl heptanoate", "fruity"], ["amyl hexanoate", "fruity"], ["amyl hexanoate", "fruity"], ["amyl isobutyrate", "fruity"], ["amyl octanoate", "fruity"], ["benzyl methyl ether", "fruity"], ["berry pentadienoate", "fruity"], ["butyl 2-decenoate", "fruity"], ["butyl 2-methyl butyrate", "fruity"], ["butyl acetate", "fruity"], ["butyl hexanoate", "fruity"], ["butyl isobutyrate", "fruity"], ["butyl propionate", "fruity"], ["butyl valerate", "fruity"], ["cassis bud oil", "fruity"], ["cherry pentenoate", "fruity"], ["citronellyl formate", "fruity"], ["citronellyl isobutyrate", "fruity"], ["diethyl malonate", "fruity"], ["dimethyl succinate", "fruity"], ["ethyl (E)-2-hexenoate", "fruity"], ["ethyl (E)-2-octenoate", "fruity"], ["ethyl 2-octenoate", "fruity"], ["ethyl 3-hexenoate", "fruity"], ["ethyl butyl acetate", "fruity"], ["ethyl levulinate", "fruity"], ["ethyl methyl-para-tolyl glycidate", "fruity"], ["ethyl propionate", "fruity"], ["ethyl tiglate", "fruity"], ["furfuryl propionate", "fruity"], ["furyl pentyl ketone", "fruity"], ["fusel oil", "fruity"], ["geranyl butyrate", "fruity"], ["heptanol", "fruity"], ["heptyl dihydro-5-methyl-2(3H)-furanone", "fruity"], ["hexanal propylene glycol acetal", "fruity"], ["hexen-1-ol", "fruity"], ["hexen-1-yl (E)-2-hexenoate", "fruity"], ["hexen-1-yl acetate", "fruity"], ["hexen-1-yl isobutyrate", "fruity"], ["hexyl acetate", "fruity"], ["hexyl hexanoate", "fruity"], ["kiwi distillates", "fruity"], ["lilac pentanol", "fruity"], ["methyl (E)-2-octenoate", "fruity"], ["methyl (E)-3-nonenoate", "fruity"], ["methyl 2-methyl butyrate", "fruity"], ["methyl 3-hexenoate", "fruity"], ["methyl 3-nonenoate", "fruity"], ["methyl allyl butyrate", "fruity"], ["methyl butyl 2-methyl butyrate", "fruity"], ["methyl heptanoate", "fruity"], ["methyl hexanoate", "fruity"], ["methyl valerate", "fruity"], ["methyl-2-butenal", "fruity"], ["neryl formate", "fruity"], ["nonen-1-yl acetate", "fruity"], ["octen-1-yl acetate", "fruity"], ["octen-1-yl cyclopentanone", "fruity"], ["pentanone", "fruity"], ["phenethyl octanoate", "fruity"], ["phenyl propionaldehyde dimethyl acetal", "fruity"], ["phenyl-2-pentanol", "fruity"], ["pineapple pentenoate", "fruity"], ["prenol", "fruity"], ["propyl 2-methyl butyrate", "fruity"], ["propyl butyrate", "fruity"], ["propyl formate", "fruity"], ["propyl propionate", "fruity"], ["tetrahydrofurfuryl butyrate", "fruity"], ["tiglaldehyde", "fruity"], ["valeraldehyde propylene glycol acetal", "fruity"], ["methyl butyrate", "fusel"], ["acetaldehyde dihexyl acetal", "green"], ["actinidia chinensis fruit extract", "green"], ["allyl butyrate", "green"], ["amyl formate", "green"], ["amyl isovalerate", "green"], ["butyl isovalerate", "green"], ["cuminyl acetaldehyde", "green"], ["cyclohexyl formate", "green"], ["decen-2-one", "green"], ["geranyl isovalerate", "green"], ["grape butyrate", "green"], ["hexanol", "green"], ["hexen-1-ol", "green"], ["hexen-1-yl (Z)-3-hexenoate", "green"], ["hexen-1-yl acetate", "green"], ["hexen-1-yl acetate", "green"], ["hexen-1-yl hexanoate", "green"], ["hexen-1-yl hexanoate", "green"], ["hexen-1-yl isovalerate", "green"], ["hexen-1-yl propionate", "green"], ["hexen-1-yl valerate", "green"], ["hexen-1-yl valerate", "green"], ["hexen-3-ol", "green"], ["hexenal diethyl acetal", "green"], ["hexenyl 2-methyl butyrate", "green"], ["hexyl (E)-tiglate", "green"], ["hexyl butyrate", "green"], ["hexyl isobutyrate", "green"], ["hexyl isovalerate", "green"], ["hexyl octanoate", "green"], ["jasmone", "green"], ["jasmone", "green"], ["methyl (E)-3-hexenoate", "green"], ["methyl 2-undecynoate", "green"], ["methyl octanoate", "green"], ["methyl octine carbonate", "green"], ["methyl-2-furyl) butanal", "green"], ["methyl-2-pentenal", "green"], ["neryl butyrate", "green"], ["neryl propionate", "green"], ["octadienal", "green"], ["octadienal", "green"], ["papaya isobutyrate", "green"], ["penten-1-ol", "green"], ["pentenal", "green"], ["pentyl furan", "green"], ["phenoxyethyl isobutyrate", "green"], ["terpinyl propionate", "green"], ["thiogeraniol", "green"], ["phenethyl acetate", "honey"], ["dihydroxy-1,4-dithiane", "metallic"], ["carvone", "minty"], ["acetal", "nutty"], ["acetyl pyrrole", "nutty"], ["coffee furanone", "nutty"], ["filbert pyrazine", "nutty"], ["lutidine", "nutty"], ["acetaldehyde", "pungent"], ["acetyl pyrazine", "roasted"], ["butyl formate", "rummy"], ["ethyl pyruvate", "rummy"], ["hexen-1-yl formate", "rummy"], ["methyl valeric acid", "sour"], ["caraway seed oleoresin", "spicy"], ["buchu mercaptan", "sulfurous"], ["cyclocitral", "tropical"], ["guava distillates", "tropical"], ["propyl propionate", "tropical"], ["psidium guajava fruit", "tropical"], ["psidium guajava fruit extract", "tropical"], ["methyl valeraldehyde", "vegetable"], ["amyl butyrate", "waxy"], ["decenoic acid", "waxy"], ["furfuryl octanoate", "waxy"], ["nonanol", "waxy"], ["octyl 2-methyl butyrate", "waxy"], ["octyl butyrate", "waxy"], ["octyl formate", "waxy"], ["methyl-1-pentanol", "whiskey"], ["valeraldehyde", "winey"], ["damascenone", "woody"], ["ionone", "woody"]]}