{"name": "styralyl alcohol", "cas": "98-85-1", "smiles": "CC(C1=CC=CC=C1)O", "notes": ["fresh", "sweet", "almond", "gardenia", "hyacinth", "chemical", "naphthyl", "medicinal", "sweet", "camphoreous"], "blenders": [["anisaldehyde", "anisic"], ["anisaldehyde", "anisic"], ["benzoin absolute replacer", "balsamic"], ["benzoin resin", "balsamic"], ["benzoin resinoid", "balsamic"], ["benzyl salicylate", "balsamic"], ["peru balsam oil", "balsamic"], ["peru balsam resinoid", "balsamic"], ["acetaldehyde dimethyl acetal", "ethereal"], ["acetophenone", "floral"], ["anisaldehyde / methyl anthranilate schiff's base", "floral"], ["anisaldehyde dimethyl acetal", "floral"], ["anisyl acetaldehyde", "floral"], ["anisyl nitrile", "floral"], ["anisyl propanal / methyl anthranilate schiff's base", "floral"], ["earthy indane", "floral"], ["ethyl acetophenone", "floral"], ["gardenia absolute", "floral"], ["gardenia acetal", "floral"], ["gardenia concrete", "floral"], ["gardenia decalone", "floral"], ["gardenia oxide", "floral"], ["gardenia pentyl acetate", "floral"], ["hawthorn acetate", "floral"], ["hawthorn carbinol", "floral"], ["heliotropyl acetate", "floral"], ["jasmone", "floral"], ["lavender oil", "floral"], ["methyl acetophenone", "floral"], ["phenethyl butyl ether", "floral"], ["phenyl glycol diacetate", "floral"], ["phenyl propyl alcohol", "floral"], ["propiophenone", "floral"], ["propyl anthranilate", "floral"], ["styralyl formate", "floral"], ["styralyl propionate", "floral"], ["tolyl)-2-butanone", "fruity"], ["benzyl hexanoate", "green"], ["green dioxolane", "green"], ["green methanoindene", "green"], ["methyl-4-phenyl pentanone", "green"], ["styralyl acetate", "green"], ["acorn acetate", "herbal"], ["chamomile oil morocco", "herbal"], ["matricaria chamomilla flower oil", "herbal"], ["melaleuca quinquenervia water", "herbal"], ["anethol", "licorice"], ["dimethyl hydroquinone", "medicinal"], ["pulegyl acetate", "mentholic"], ["pulegone", "minty"], ["methyl anisole", "naphthyl"], ["methyl naphthalene", "naphthyl"], ["vinyl phenol", "phenolic"], ["anisyl alcohol", "powdery"], ["propyl paraben", "smoky"], ["clove bud oil", "spicy"], ["origanum majorana oil CO2 extract", "spicy"], ["vanillylidene acetone", "vanilla"], ["ethyl palmitate", "waxy"], ["hinoki root oil", "woody"], ["anisyl acetaldehyde", "No flavor group found for these"], ["benzyl hexanoate", "No flavor group found for these"], ["ethyl acetophenone", "No flavor group found for these"], ["phenyl propyl alcohol", "No flavor group found for these"], ["propyl anthranilate", "No flavor group found for these"], ["styralyl formate", "No flavor group found for these"], ["hydroxyacetophenone", ""], ["anethol", "anise"], ["anisaldehyde", "anisic"], ["benzoin absolute replacer", "balsamic"], ["benzoin resin", "balsamic"], ["benzoin resinoid", "balsamic"], ["benzyl salicylate", "balsamic"], ["peru balsam oil", "balsamic"], ["peru balsam resinoid", "balsamic"], ["vanillylidene acetone", "balsamic"], ["dimethyl hydroquinone", "chemical"], ["styralyl propionate", "citrus"], ["anisaldehyde", "creamy"], ["methyl acetophenone", "creamy"], ["acetaldehyde dimethyl acetal", "ethereal"], ["heliotropyl acetate", "floral"], ["anisyl alcohol", "fruity"], ["propiophenone", "fruity"], ["styralyl acetate", "fruity"], ["tolyl)-2-butanone", "fruity"], ["lavender oil", "herbal"], ["matricaria chamomilla flower oil", "herbal"], ["origanum majorana oil CO2 extract", "herbal"], ["methyl anisole", "naphthyl"], ["methyl naphthalene", "naphthyl"], ["vinyl phenol", "phenolic"], ["acetophenone", "powdery"], ["clove bud oil", "spicy"], ["hawthorn carbinol", "spicy"], ["ethyl palmitate", "waxy"], ["pulegyl acetate", "woody"]]}