{"name": "3-methyl-6-cyclohexadecen-1-one", "cas": "NF0543", "smiles": "CC1CCC=CCCCCCCCCCC(=O)C1", "notes": ["woody", "musk", "powdery", "creamy", "warm"], "blenders": [["amber romance fragrance", "No odor group found for these"], ["ambrettolide", "No odor group found for these"], ["amber naphthofuran", "amber"], ["amber oxepin", "amber"], ["amber spirolene", "amber"], ["ambergris naphthol", "amber"], ["ambergris specialty", "amber"], ["ambrette seed absolute", "amber"], ["ambrette seed oil", "amber"], ["ambrette seed oil CO2 extract", "amber"], ["ambrette seed oil replacer", "amber"], ["ambrinol", "amber"], ["ambrinol", "amber"], ["ambroxide", "amber"], ["angelica root oil", "amber"], ["angelica seed oil CO2 extract", "amber"], ["hexahydro-7,7,8,9,9-pentamethyl-5H-cyclopenta[H]quinazoline", "amber"], ["muscomer", "amber"], ["animal fragrance", "animal"], ["animal specialty", "animal"], ["methyl-4-(camphenyl-8) cyclohexanone", "animal"], ["musk indenofuran", "animal"], ["procavia capensis excrete absolute", "animal"], ["anisyl phenyl acetate", "anisic"], ["methyloxacyclopentadeca-4,9-dien-2-one", "aromatic"], ["benzoin resin", "balsamic"], ["benzoin resinoid", "balsamic"], ["guaiacyl phenyl acetate", "balsamic"], ["oriental specialty", "balsamic"], ["raspberry ketone methyl ether", "berry"], ["vanillic acid", "creamy"], ["veratraldehyde", "creamy"], ["muscogene", "earthy"], ["acetyl tetralin", "floral"], ["dimethyl alpha-ionone", "floral"], ["heliotropin", "floral"], ["ionol", "floral"], ["irone", "floral"], ["irone", "floral"], ["methyl ionone", "floral"], ["musk acetate", "floral"], ["phenyl propionic acid", "floral"], ["allyl isononylate", "fruity"], ["almond oil", "fruity"], ["apple specialty", "fruity"], ["benzaldehyde", "fruity"], ["octen-1-yl propionate", "fruity"], ["valeriana officinalis root extract", "fruity"], ["hexen-1-yl propionate", "green"], ["valerian rhizome oil CO2 extract china", "green"], ["valerian rhizome oil", "herbal"], ["valerian rhizome oil china", "herbal"], ["acetyl ethyl tetramethyl tetralin replacer", "musk"], ["ambrettolide", "musk"], ["ambrettolide", "musk"], ["ambrinol", "musk"], ["amyris specialty", "musk"], ["angelica root absolute", "musk"], ["civet decenone", "musk"], ["cyclohexadecanone", "musk"], ["dehydro beta-linalool", "musk"], ["ethylene brassylate", "musk"], ["ethylene dodecanoate", "musk"], ["exaltone (Firmenich)", "musk"], ["exolide replacer", "musk"], ["juniper lactone", "musk"], ["juniper muscone", "musk"], ["methyl-5-cyclotetradecen-1-one", "musk"], ["methyl-5-cyclotetradecen-1-one", "musk"], ["muscenone", "musk"], ["muscone", "musk"], ["muscone", "musk"], ["musk 89 (IFF)", "musk"], ["musk amberol", "musk"], ["musk ambrette replacer", "musk"], ["musk cyclopentenyl propionate", "musk"], ["musk dec-7-enone", "musk"], ["musk dec-7(8)-enone", "musk"], ["musk dec-8-enone", "musk"], ["musk decanolide", "musk"], ["musk decenone", "musk"], ["musk decenone", "musk"], ["musk decenone", "musk"], ["musk decenone", "musk"], ["musk decenone", "musk"], ["musk dimethyl indane", "musk"], ["musk dione", "musk"], ["musk dodecane", "musk"], ["musk ether", "musk"], ["musk F", "musk"], ["musk fragrance", "musk"], ["musk fragrance", "musk"], ["musk fragrance", "musk"], ["musk gx 100%", "musk"], ["musk gx 50% in BB", "musk"], ["musk gx 50% in DEP", "musk"], ["musk gx 50% in DPG", "musk"], ["musk gx 50% in IPM", "musk"], ["musk indane", "musk"], ["musk indanone", "musk"], ["musk ketone", "musk"], ["musk ketone replacer", "musk"], ["musk lactone", "musk"], ["musk methyl ketone", "musk"], ["musk nonane", "musk"], ["musk pentane", "musk"], ["musk pentane", "musk"], ["musk propanoate", "musk"], ["musk specialty", "musk"], ["musk tetralin", "musk"], ["musk tonkin absolute replacer", "musk"], ["musk tonquin", "musk"], ["musk tonquin absolute", "musk"], ["musk tonquin tincture", "musk"], ["musk xylol replacer", "musk"], ["pentadecalactone", "musk"], ["polvolide (Soda)", "musk"], ["serenolide", "musk"], ["sylkolide", "musk"], ["tetrahydro-7,7,8,9,9-pentamethyl-5H-cyclopenta[H]quinazoline", "musk"], ["applelide (IFF)", "powdery"], ["methyl ionone (50-60%)", "powdery"], ["rain fragrance", "rain"], ["dimethoxyphenol", "smoky"], ["nutmeg oil", "spicy"], ["saffron oil CO2 extract", "spicy"], ["triflaige A (ZEON)", "tropical"], ["vanillyl acetate", "vanilla"], ["tetradecanal", "waxy"], ["acetyl cedrene", "woody"], ["amber decatriene", "woody"], ["amber dodecane", "woody"], ["butyl cyclohexanone", "woody"], ["hydroxyambran", "woody"], ["labdanum ethanone", "woody"], ["methyl 2,6,10-trimethyl cyclododeca-2,5,9-trienyl ketone", "woody"], ["methyl cedryl ketone", "woody"], ["methyl ionone", "woody"], ["sandal butenol", "woody"], ["sandal pentenol", "woody"], ["sandal pentenone", "woody"], ["santalyl acetate", "woody"], ["timber propanol", "woody"], ["trimethyl-5-oxatricyclo(6.2.2.0*4,9*)dodec-6-ene", "woody"], ["vetiveryl acetate", "woody"], ["woody dioxolane", "woody"], ["woody epoxide", "woody"], ["woody ether", "woody"], ["ambrettolide", "No flavor group found for these"], ["ambroxide", "No flavor group found for these"], ["dehydro beta-linalool", "No flavor group found for these"], ["methyl ionone", "No flavor group found for these"], ["methyl ionone (50-60%)", "No flavor group found for these"], ["phenyl propionic acid", "No flavor group found for these"], ["sandal pentenol", "No flavor group found for these"], ["santalyl acetate", "No flavor group found for these"], ["vetiveryl acetate", "No flavor group found for these"], ["amber naphthofuran", "amber"], ["ambrette seed oil", "amber"], ["ambrette seed oil CO2 extract", "amber"], ["ambrinol", "amber"], ["musk tetralin", "amber"], ["anisyl phenyl acetate", "anisic"], ["benzoin resin", "balsamic"], ["benzoin resinoid", "balsamic"], ["raspberry ketone methyl ether", "berry"], ["heliotropin", "cherry"], ["vanillic acid", "creamy"], ["veratraldehyde", "creamy"], ["tetradecanal", "fatty"], ["irone", "floral"], ["almond oil", "fruity"], ["benzaldehyde", "fruity"], ["octen-1-yl propionate", "fruity"], ["valerian rhizome oil", "fruity"], ["valerian rhizome oil china", "fruity"], ["valerian rhizome oil CO2 extract china", "fruity"], ["valeriana officinalis root extract", "fruity"], ["angelica root oil", "green"], ["hexen-1-yl propionate", "green"], ["angelica seed oil CO2 extract", "herbal"], ["dimethoxyphenol", "medicinal"], ["ambrettolide", "musk"], ["angelica root absolute", "musk"], ["civet decenone", "musk"], ["ethylene brassylate", "musk"], ["juniper lactone", "musk"], ["muscone", "musk"], ["musk dimethyl indane", "musk"], ["musk tonquin", "musk"], ["guaiacyl phenyl acetate", "phenolic"], ["nutmeg oil", "spicy"], ["saffron oil CO2 extract", "spicy"], ["pentadecalactone", "vanilla"], ["vanillyl acetate", "vanilla"], ["ambrette seed absolute", "woody"], ["ionol", "woody"], ["irone", "woody"], ["methyl cedryl ketone", "woody"]]}